GEOID_JOIN,S0_Clearwater_Fund,S1_Palm_Harbor_Mid,S2_John_Hopkins_Mi,S3_Sexton_Elementa,S4_Gibbs_High,S5_McMullen-Booth_,S6_Carwise_Middle,S7_Jamerson_Elemen,S8_Sanderlin_K-8,S9_Ross_Norton,S10_Campbell_Park_E,S11_New_Heights_Ele,S12_Fairmount_Park_,S13_Belleair_Elemen,S14_Skycrest_Elemen,S15_Largo_High,S16_Lealman_Exchang,S17_Mildred_Helms_E,S18_Melrose_Element,S19_Palm_Harbor_Uni,S20_Palm_Harbor_Uni,S21_Clearwater_High,S22_Palm_Harbor_CSA,S23_The_Coliseum,S24_White_Chapel
121030248041,21.09676224222457,29.694153244247552,11.739865676427902,7.501163675923321,9.899606417388023,22.30970597750713,32.99319976596092,9.87325164413363,12.540780285845184,20.206976550649703,11.975146453993254,4.94373422235748,8.317659635085844,20.456100519801808,19.550429706219003,17.04575423060902,3.706227150136399,17.09416136809296,12.639305504221657,32.246491211358176,32.23978927893724,18.58036534836574,31.31129667674561,11.609797605131064,31.360789951040147
121030269132,6.916310268474988,7.632000896072375,30.63773172168337,24.875709813302898,29.80962369278981,6.008035751005346,11.153484841321566,30.34334790094417,32.110873378893125,12.267901966272412,30.87301249924872,25.24116540693825,29.700618478100917,11.488106059013202,7.076160989041737,14.63312127400135,23.434644058292147,16.208307589193474,31.596841020953317,10.184338863183,10.177636930762056,7.162048626268277,9.249144328570427,29.943747723415928,9.298637602864972
121030254171,9.541204536828696,18.54741108944669,19.77546604463401,14.013444136253533,18.94735801574045,12.670070419977076,22.67367076671697,19.48108222389481,21.248607701843763,8.731196531071703,20.01074682219935,14.378899729888897,18.83835280105156,8.975849843419805,7.994872000823121,5.628065130311015,12.572378381242787,6.600815586146326,20.73457534390396,21.099749056557307,21.09304712413636,7.024807642969846,20.164554521944744,19.081482046366563,20.214047796239285
121030253092,9.53613397823467,20.299962604909197,24.441498014413604,18.67947610603312,23.61338998552004,16.175983918619824,25.927541685175967,24.126464009895496,25.91463967162336,4.564674378906871,24.67677879197895,19.04493169966848,22.57583889275708,4.813798348058968,8.964728204818844,1.4034520588661603,17.238410351022374,0.9062502491396316,25.400607313683548,20.87867052795459,20.871968595533648,8.891095799429213,20.896277814581207,23.74751401614616,20.040854738125653
121030269164,3.8499217038144615,8.206179698570764,30.200167474344585,24.438145565964117,29.372059445451026,6.12082827222899,13.053190712620529,29.905783653605383,31.67330913155434,9.5390211781539,30.435448251909936,24.803601159599467,29.26305423076213,8.800128284658845,4.493965668884557,11.945143499647,22.99707981095336,13.520329814839124,31.15927677361453,10.12298598856061,10.116284056139666,4.579853306111095,9.82332313106882,29.506183476077144,9.237284728242576
121030201081,32.68818822968835,43.11190878612358,11.179565843766746,17.006867468258562,8.825390559990664,35.72746151938316,46.41095530783695,8.50571769957375,8.503845688368637,30.6786538016358,11.501490682999064,14.026338429638086,9.840038233442456,30.9277777707879,31.519043305487347,27.5174314815951,16.499155256872157,26.66272293693493,10.220456544496797,44.509525435484754,44.502823503063816,31.40255963269195,44.527132722111375,13.307603793628031,43.62382417516671
121030267053,3.164654709243035,9.841029519451933,28.861952456425698,23.09993054804521,28.03384442753213,5.36748755037495,14.688040533501695,28.567568635686484,30.335094113635453,8.05085682523406,29.09723323399104,23.46538614168058,27.924839212843235,7.271060917974847,2.859115848003386,10.416076132962996,21.65886479303447,11.99126244815512,29.821061755695634,11.75783580944178,11.751133877020836,2.9450034852299245,11.458172951949988,28.16796845815825,10.872134549123746
121030267042,4.555930454647645,9.812625759510466,27.752222547848312,21.99020063946784,26.92411451895475,3.122526577170286,13.806020365624043,27.457838727109117,29.225364205058067,9.901909841546008,27.987503325413662,22.3556562331032,26.815109304265864,9.1221139342868,4.710168864315337,12.267129149274949,20.54913488445709,13.842315464467072,28.711331847118263,12.364963726621095,12.358261794200152,4.796056501541875,11.429769192008523,27.058238549580874,11.479262466303066
121030273192,14.612481228173314,7.161754101405369,37.61428999685016,31.85226808846968,36.786181967956594,7.9843207725647165,7.3134913834303585,37.31990617611094,39.08743165405989,19.964072925970733,37.84957077441549,32.21772368210504,36.677176753267695,19.18427701871152,14.772331948740062,22.329292233699665,30.41120233345893,23.90447854889179,38.573399296120094,10.03792361482644,10.031221682405494,14.8582195859666,8.738269341625987,36.92030599858271,9.175490551232112
121030266011,3.5000281182715143,14.26970850196509,26.08024109753416,20.31821918915368,25.252133068640592,8.785134709303827,18.78873505604373,25.78585727679495,27.55338275474391,3.719471193677629,26.3155218750995,20.68367478278904,24.91226588736866,2.939675286418417,2.3308831940705104,6.069703113349607,18.87715343414293,7.644889428541733,27.03935039680409,15.321365324067898,15.314663391646953,1.8488428955799592,15.338972610694514,25.386257099266707,14.435664063749863
121030254202,11.647479668177064,19.70262073015567,30.389276405966253,24.62725449758578,29.561168377072693,8.3133892971253,20.044480918054727,30.09489258522705,31.86241806317601,14.22630743954751,30.624557183531603,24.992710091221134,29.4521631623838,13.446511532288303,10.073947364566685,16.56516761237754,23.186188742575027,18.140353927569667,31.3483857052362,22.29514641973832,22.288444487317367,9.103883006713406,21.319764162653723,29.69529240769881,21.409445159420287
121030276052,13.990187377573854,23.200420275815407,31.703761189584945,25.94173928120448,30.471127815934818,20.64148358445832,28.8279993560822,30.37827495938168,32.394468312333345,9.267465105874386,31.939041967150285,26.307194874839823,28.88918103363265,9.519556880454672,13.439510741650988,7.422034949245684,24.50067352619373,6.710459390423464,32.662870488854885,23.779128198860803,23.772426266439854,13.589829962722709,23.796735485487417,31.009777191317497,22.941312409031852
121030259021,5.510441989693335,14.7206748879349,29.62354133420863,23.86151942582816,28.795433305315065,12.161738196577817,20.34825396820169,29.329157513469426,31.096682991418383,2.0668109369451217,29.85882211177398,24.226975019463517,27.99290061521445,1.822493122332513,4.95976535377047,4.704843520534682,22.42045367081741,4.691804774938647,30.58265063347858,15.299382810980292,15.29268087855935,4.89396327750925,15.31699009760691,28.929557335941187,14.461567021151351
121030252101,11.289053680576869,20.609403054007878,27.5821683625385,21.820146454158014,26.754060333644933,17.939364966063295,26.236982134274665,27.0861410563995,29.05531001974825,6.059756546717515,27.817449140103847,22.18560204779337,25.53551593926107,6.311848321297799,10.728109252262334,4.2143263900888135,20.379080699147263,2.908806247063107,28.541277661808444,21.188110977053277,21.18140904463233,10.6544768468727,21.20571826367989,26.88818436427105,20.35029518722433
121030252112,10.953431909875333,20.343490707872306,26.50754806725732,20.745526158876835,25.67944003836376,17.593281850260485,25.971069788139104,26.01152076111833,27.98068972446708,5.442177927234667,26.74282884482267,21.1109817525122,24.4608956439799,6.045935975162227,10.382026136459505,2.876930390836112,19.30446040386609,1.8341859517819288,27.46665736652727,20.92219863091771,20.915496698496767,10.308393731069872,20.939805917544327,25.81356406898988,20.08438284108876
121030257003,7.98108556012815,17.59734018616062,28.133525479987814,22.37150357160734,27.30541745109425,14.620935500513305,23.22491926642741,27.839141659248604,29.60666713719757,2.4698315774874877,28.36880625755316,22.7369591652427,26.50288476099364,3.2496274847466986,7.409679786712327,3.214827666313865,20.9304378165966,3.2017889207178305,29.09263477925776,18.176048109206015,18.16934617678508,7.336047381322694,18.19365539583264,27.43954148172037,17.33823231937707
121030255071,5.379697377227555,16.768434115401266,25.54145737435314,19.77943546597267,24.71334934545958,11.750832676767171,21.754433023507072,25.24707355361394,27.014599031562906,3.321035293713362,25.776738151918497,20.144891059608035,24.308227977088794,3.565688606061463,4.539576962966193,3.0701810559053877,18.33836971096193,4.66261566333263,26.50056667362309,17.529991754293295,17.52328982187235,4.457615287481052,17.54759904091991,24.847473376085706,16.64429049397525
121030273082,22.99387502743612,13.436290240680377,48.71818010127523,42.956158192894726,47.89007207238165,23.171524918859383,11.894714233327257,48.42379628053604,50.19132175848498,26.476657273101598,48.95346087884058,43.32161378653008,47.78106685769277,26.232339458488987,23.95230344827552,29.37751198602088,41.515092437883965,29.893481102851407,49.67728940054518,10.758210604386608,10.764912536807548,24.902339753248917,11.83706015918934,48.024196103007775,11.423107146306922
121030252074,12.435923403176108,21.825982201173087,26.261974267367155,20.49995235898666,25.433866238473584,19.075773343561263,27.45356128143988,25.698685216413747,27.735115924576903,6.924669420535441,26.497255044932498,20.865407952622014,24.14806009927532,7.528427468462999,11.86451762976028,4.359421884136884,19.05888660397592,2.7430898347263453,27.2210835666371,22.404690124218487,22.39798819179754,11.790885224370644,22.422297410845108,25.56799026909971,21.566874334389546
121030255102,5.830127017357981,17.41396763013577,26.05411012884487,20.292088220464404,25.22600209995131,12.469099642499405,22.472699989239302,25.759726308105677,27.52725178605463,2.109310573184436,26.289390906410222,20.65754381409976,24.820880731580527,2.358434542336532,5.2578439286984215,2.314512278697947,18.851022465453656,3.889698593890072,27.01321942811482,18.175525269027798,18.168823336606845,5.184211523308788,18.193132555654408,25.360126130577427,17.289824008709765
121030253101,11.239184695796526,20.943796124109426,23.876879119617158,18.11485721123666,23.048771090723587,17.879034636181665,26.571375204376206,23.32040449617836,25.350020776826916,5.727930713155849,24.1121598971825,18.480312804872018,21.769779379039928,6.507726620415061,10.667778922380696,3.1626831767573,16.673791456225924,1.5313164612358825,24.835988418887094,21.52250404715482,21.51580211473388,10.594146516991064,21.54011133378144,23.182895121349716,20.68468825732588
121030252093,14.258182973267996,23.578532346699,26.377809846983,20.615787938602505,25.13566666738792,20.908494258754427,29.206111426965798,25.104345002224186,27.771873643935717,9.028885839408645,26.613090624548345,20.98124353223786,23.553719885085755,9.280977613988927,13.697238544953466,6.470797976724802,19.174722183591765,4.905925621242716,27.336919146252946,24.157240269744403,24.150538337323454,13.62360613956383,24.174847556371017,25.68382584871556,23.31942447991546
121030252094,15.36564129690058,24.76775352421512,26.11681513623888,21.26543355791692,23.94982828553453,21.994787581514903,30.39533260448191,23.918506620370795,26.586035262082323,9.864701273969953,26.35209591380424,20.78131910158213,22.36788150323236,10.47019879150504,14.794235523484751,7.232959377532071,18.382255484811992,5.668087022049984,26.69073470961066,25.34646144726052,25.33975951483957,14.707060853538136,25.36406873388713,25.92425228189573,24.508645657431572
121030268142,11.721989677811544,7.038962535312242,34.72379844648838,28.961776538107923,33.89569041759482,5.093829222202945,7.190699817337231,34.42941462574918,36.19694010369813,17.073581375608974,34.959079224053745,29.32723213174328,33.786685202905936,16.293785468349757,11.881840398378294,19.438800683337902,27.52071078309717,21.013986998530036,35.682907745758335,9.915132048733312,9.908430116312369,11.967728035604832,8.61547777553286,34.02981444822095,9.052698985138983
121030252072,13.863184491741324,23.578109879764263,25.637514442631016,19.87549253425052,23.918022123126725,20.49233077635565,29.205688960031058,23.886700457962984,26.554229099674515,8.3622444688107,25.87279522019636,20.240948127885883,22.33607534082456,9.140848861565622,13.2917787183255,5.730502572372817,18.35044932240418,4.16563021689073,26.59662374190096,24.156817802809663,24.15011587038872,13.204604048378885,24.17442508943628,24.94353044436357,23.31900201298072
121030250212,9.424921907580824,20.484701474485178,20.57220370483657,14.810181796456083,19.744095675943008,15.42702003856121,25.43062038530111,19.75624126274345,22.045345362046323,8.524447755712265,20.807484482401915,15.175637390091444,18.20561614560502,8.773571724864361,8.255776983379821,5.3632254356715565,13.36911604144534,5.411632573155499,21.53131300410651,21.24625911337721,21.23955718095626,8.139293310584428,21.263866400003817,19.878219706569123,20.360557853059163
121030273242,18.379663591313417,8.852754038049333,41.38147235999025,35.61945045160979,40.55336433109672,11.751503135704818,9.004491320074324,41.08708853925106,42.85461401720001,23.73125528911084,41.61675313755561,35.98490604524515,40.44435911640781,22.951459381851624,18.539514311880165,26.09647459683977,34.17838469659905,27.671660912031896,42.34058165926021,11.728923551470404,11.722221619049458,18.6254019491067,10.429269278269947,40.687488361722814,10.866490487876074
121030254153,8.773323379806635,17.779529932424627,20.08015852673642,14.318136618355954,19.25205049784286,11.699801172691474,21.90578960969492,19.78577470599722,21.55330018394618,7.963315374049638,20.315439304301776,14.683592211991312,19.14304528315397,8.207968686397741,7.226990843801056,4.860183973288948,12.877070863345208,5.83293442912426,21.03926782600637,20.33186789953525,20.325165967114295,6.256926485947779,19.39667336492268,19.38617452846898,19.446166639217218
121030254191,10.293519714619883,19.29972626723788,19.02315086684281,13.261128958462342,18.195042837949256,13.422385597768267,23.425985944508174,18.728767046103613,20.49629252405257,9.48351170886289,19.25843164440817,13.626584552097704,18.086037623260367,9.728165021210993,8.74718717861431,6.380380308102207,11.820063203451598,7.353130763937518,19.98226016611277,21.852064234348507,21.845362301927555,7.777122820761038,20.91686969973593,18.329166868575378,20.966362974030478
121030268123,10.11610968272509,9.141701687997278,32.067696922963115,26.30567501458264,31.23958889406956,2.437727698677673,9.293438970022269,31.77331310222392,33.54083858017287,14.844965202931885,32.30297770052847,26.671130608218,31.130583679380667,14.06516929567267,9.65322422570122,17.21018451066082,24.864609259571896,18.785370825852947,33.02680622223307,12.017871201418348,12.011169268997405,9.739111862927754,10.718216928217895,31.373712924695678,11.155438137824024
121030259011,4.253559931049774,14.492214497635246,29.47887445215152,23.716852543771047,28.65076642325796,10.904775589017763,20.119793577902023,29.18449063141232,30.95201610936128,1.5034413354884997,29.71415522971688,24.082308137406407,28.096282561888525,1.25912352087589,3.696256225426524,4.662600557475751,22.275786788760296,5.70005558740847,30.43798375142147,15.07092242068064,15.064220488259698,3.6236499685625514,15.088529707307256,28.78489045388408,14.233106630851696
121030254193,10.933248676480115,19.93945522909812,18.417100461204758,12.655078552824271,17.588992432311194,14.0621145596285,24.06571490636841,18.12271664046555,19.89024211841451,10.043462984905243,18.652381238770108,13.020534146459635,17.479987217622302,10.292586954057343,9.38691614047454,6.882240664864535,11.214012797813528,6.930647802348477,19.3762097604747,22.491793196208736,22.485091263787798,8.416851782621269,21.55659866159617,17.72311646293731,21.60609193589071
121030253111,11.061800009138294,22.06184750540617,22.209081806394035,16.447059898013546,21.380973777500472,17.063898140118674,27.067498486858582,21.914697985654836,23.68222346360379,6.326559279403834,22.444362583959386,16.812515491648906,20.478582261601325,6.575683248555929,9.892655084937292,3.1653369593631235,15.005994143002807,3.199113774458995,23.168191105663983,22.640555428451567,22.63385349603062,9.7761714121419,22.658162715078177,21.515097808126598,21.80273963862263
121030279011,25.564573014653018,35.98966221349792,12.72773101279189,16.814893402297255,10.558580863532068,31.069162794643447,41.61724129376473,10.46572800697892,12.481921359930586,20.593113415325245,12.963011790357246,13.042641296208595,8.976634081229895,20.842237384477347,24.788439853807198,17.431891095284545,13.383682667037643,16.57718255062438,13.301650586163673,36.5683701365433,36.56166820412237,24.6719561810118,36.58597742316992,13.793993427154495,35.73055434671437
121030272121,15.92973745111481,4.871316475282942,40.88812758752595,35.12610567914548,40.06001955863237,15.345511203607671,4.068700518075551,40.59374376678674,42.36126924473568,20.64985994807033,41.123408365091294,35.491561272780835,39.95101434394348,20.405542133457725,16.573781416184904,23.550714660989613,33.68503992413472,24.06668377782013,41.84723688679587,4.098947570716761,4.105649503137704,16.65966905341144,4.05788890527459,40.19414358925848,4.96119745221924
121030272043,16.30738062437186,5.248959648539992,39.717806268446594,33.955784360066104,38.88969823955303,14.171151086030749,2.894340400498628,39.4234224477074,41.19094792565636,21.02750312132739,39.95308704601196,34.321239953701465,38.780693024864135,20.783185306714778,16.62344012947083,23.928357834246675,32.51471860505534,24.44432695107719,40.67691556771654,4.476590743973812,4.483292676394756,16.709327766697367,4.43553207853164,39.02382227017915,5.338840625476291
121030252054,15.050330754693144,24.370680128124157,27.064207615269883,22.21282603694792,24.897220764565528,21.700642040179577,29.998259208390948,24.865899099401798,27.53342774111332,9.821033620833791,27.29948839283524,21.72871158061313,23.31527398226336,10.073125395414076,14.489386326378613,7.975603464205089,19.32964796384299,6.670083321179383,27.63812718864166,24.949388051169556,24.94268611874861,14.415753920988976,24.96699533779617,26.87164476092673,24.111572261340605
121030271082,6.634932105596112,7.62061935358553,35.2921681706421,29.530146262261614,34.46406014174855,10.46657862437087,13.248198433852314,34.9977843499029,36.76530982785186,8.375036479538212,35.527448948207464,29.89560185589698,34.23318998417749,8.1307186649256,8.196212287481902,11.40378825854223,28.089080507250863,11.79186030928802,36.25127746991205,8.199327276630926,8.192625344209983,9.146248592455294,8.216934563257542,34.59818417237467,7.361511486801985
121030254201,93.79793948771076,93.79793948771076,93.79793948771076,93.79793948771076,93.79793948771076,93.79793948771076,93.79793948771076,93.79793948771076,93.79793948771076,93.79793948771076,93.79793948771076,93.79793948771076,93.79793948771076,93.79793948771076,93.79793948771076,93.79793948771076,93.79793948771076,93.79793948771076,93.79793948771076,93.79793948771076,93.79793948771076,93.79793948771076,93.79793948771076,93.79793948771076,93.79793948771076
121030268124,7.210225033316436,7.705436798054559,30.464441892858936,24.702419984478457,29.636333863965373,4.714463436894819,10.166617681647429,30.170058072119733,31.937583550068695,12.56181673111386,30.69972267042429,25.06787557811382,29.52732864927648,11.78202082385465,7.370075753883185,14.9270360388428,23.261354229467717,16.502222354034924,31.423551192128887,10.310171639086525,10.303469706665584,7.455963391109724,9.322580230552612,29.77045789459149,9.424470378768495
121030273321,26.696954694091826,17.170045140827735,49.69876346276864,43.93674155438817,48.87065543387508,20.06879423848323,15.514655886081416,49.40437964202944,51.17190511997839,32.048546391889246,49.93404424033398,44.30219714802354,48.761650219186194,31.26875048463003,26.856805414658574,34.41376569961817,42.49567579937743,35.9889520148103,50.657872762038586,17.096906229556605,17.10360816197755,26.94269305188511,17.055847564114433,49.004779464501205,17.959156111059084
121030259022,4.106948764951784,13.654405187330411,30.503546485814148,24.74152457743368,29.675438456920585,10.758244971836262,19.28198426759719,30.209162665074945,31.976688143023907,2.744360504996768,30.738827263379505,25.10698017106904,29.33557127564866,2.5000426903841584,3.5562721290289163,5.903519726984021,23.30045882242293,6.0952979996802,31.4626557850841,14.233113110375806,14.226411177954864,4.248629883926481,14.250720397002423,29.80956248754671,13.395297320546868
121030264021,2.9103216554270728,14.494162268204867,28.520348911791213,22.75832700341074,27.69224088289765,9.549294280568496,19.5528946273084,28.22596509105201,29.99349056900097,2.8611861837097696,28.75562968935656,23.1237825970461,27.352373701625726,2.0813902764505587,2.3380385667675143,5.226405491438713,21.317261248399998,6.801591806630835,29.47945821106116,15.255719907096887,15.249017974675946,2.26543230990354,15.273327193723503,27.82636491352377,14.370018646778854
121030264012,3.4379580569188013,15.021798669696595,28.265883940760315,22.50386203237985,27.43777591186675,10.076930682060224,20.080531028800127,27.97150012002112,29.73902559797007,2.338818828765788,28.50116471832566,22.8693176260152,27.08793168357496,1.5590229215065758,2.865674968259241,4.704038136494731,21.062796277369088,6.279224451686854,29.22499324003025,15.783356308588615,15.776654376167672,2.792042562869608,15.800963595215231,27.57189994249287,14.897655048270584
121030269151,3.2831337038598294,8.41177779869539,31.15880128818448,25.39677937980401,30.33069325929092,7.07946208606889,13.683353486577284,30.86441746744528,32.63194294539424,8.972233178199271,31.39408206574984,25.76223497343937,30.22168804460203,8.233340284704216,4.241562124699235,11.378355499692368,23.95571362479326,12.953541814884495,32.117910587454425,9.173335437587411,9.166633505166466,5.191598429672627,9.190942724214027,30.46481728991704,8.287634177269378
121030265011,3.2138046690618727,14.602541407235584,26.83336267204665,21.071340763666186,26.00525464315309,9.584939968601493,19.588540315341398,26.53897885130745,28.306504329256416,2.8366182007851477,27.068643449612004,21.436796357301542,25.6554104148613,2.0568222935259346,2.373684254800508,5.199401143241411,19.63027500865543,6.774587458433533,27.792471971316605,15.364099046127608,15.357397113706664,2.291722579315368,15.381706332754222,26.13937867377922,14.478397785809571
121030267052,2.967889324093439,9.64426413430234,28.789906909840088,23.02788500145961,27.961798880946525,4.710567707724491,14.09704418777283,28.49552308910088,30.263048567049847,8.656988798432883,29.02518768740544,23.393340595094973,27.852793666257632,7.918095904937824,3.516035690653847,11.063111119925985,21.586819246448854,12.638297435118108,29.74901620911003,11.561070424292184,11.55436849187124,3.6019233278803853,11.261407566800392,28.095922911572647,10.67536916397415
121030267041,4.602647570797531,9.859342875660351,27.155148663136,21.393126754755528,26.32704063424244,4.368536811979865,13.98560255293065,26.8607648423968,28.62829032034576,8.918258660258658,27.39042944070135,21.758582348390885,26.21803541955354,8.138462752999441,3.726517683027983,11.283477967987595,19.952060999744777,12.858664283179722,28.114257962405947,12.411680842770982,12.40497891035004,3.8124053202545207,11.476486308158409,26.46116466486857,11.525979582452951
121030264013,4.263991187464275,15.847831800242068,27.508605737782627,21.74658382940216,26.68049770888907,10.902963812605696,20.906564159345603,27.214221917043425,28.981747394992382,1.5043487394190258,27.74388651534798,22.112039423037512,26.330653480597277,0.7245528321598143,3.691708098804716,3.869568047147969,20.3055180743914,5.444754362340092,28.467715037052574,16.609389439134095,16.60268750671315,3.618075693415082,16.62699672576071,26.81462173951519,15.723688178816056
121030252102,12.325075179339125,21.645424552770123,28.31091764091188,22.54889573253138,26.829148627145734,18.975386464825547,27.27300363303692,26.797826961982004,29.46535560369353,7.09577804547977,28.546198418477225,22.914351326166734,25.247201844843573,7.347869820060055,11.764130751024592,5.25034788885107,21.10782997752064,3.944827745825363,29.270026940181825,22.224132475815527,22.217430543394578,11.690498345634955,22.241739762442144,27.616933642644437,21.386316685986586
121030252111,10.493235650325811,19.813585023756826,27.70023460017701,21.938212691796544,26.87212657128345,17.14354693581225,25.44116410402362,27.40585077943781,29.173376257386767,5.263938516466461,27.93551537774237,22.3036682854319,26.008028641291347,5.516030291046746,9.932291222011278,3.4185083598377606,20.4971469367858,2.70693280101554,28.65934389944696,20.392292946802225,20.38559101438128,9.858658816621643,20.409900233428843,27.006250601909567,19.554477156973284
121030259012,5.280091147217864,14.827547569596492,29.357125931775062,23.5951040233946,28.52901790288151,11.931387354102345,20.45512664986327,29.062742111035863,30.830267588984825,1.36862067418073,29.59240670934042,23.96055961702996,27.963524998634213,1.124302859568121,4.729414511294997,4.529842994221442,22.15403826838385,4.856773132539934,30.316235231045017,15.406255492641888,15.399553560220944,4.65738266432937,15.423862779268504,28.663141933507625,14.568439702812949
121030253091,10.528833101757458,20.23344453007036,24.58723071365622,18.82520880527572,23.75912268476266,17.168683042142607,25.86102361033715,24.030756090217423,26.06037237086597,5.017579119116787,24.82251149122156,19.190664398911085,22.48013097307899,5.797375026375999,9.957427328341629,2.4523315827182355,17.38414305026499,0.8209648671968177,25.54634001292616,20.812152453115758,20.80545052069481,9.883794922951996,20.829759739742368,23.89324671538877,19.974336663286813
121030255092,7.609637429924059,18.373466056598588,25.46338698946981,19.70136508108935,24.635278960576255,14.24948737030921,24.00104513686535,25.16900316873061,26.93652864667957,2.638177830596261,25.698667767035168,20.066820674724703,23.956726493857214,2.887301799748358,7.038231656508232,0.5230444894444504,18.26029932607861,2.1544112049658684,26.42249628873976,18.95217397964398,18.94547204722304,6.9645992511186,18.9697812662706,24.76940299120237,18.11435818981504
121030273194,14.60258951959336,7.499546894927125,37.60439828827021,31.842376379889732,36.77629025937665,7.974429063984762,7.651284176952115,37.310014467531005,39.07753994547996,19.954181217390783,37.839679065835554,32.2078319735251,36.66728504468776,19.174385310131573,14.76244024016011,22.31940052511972,30.401310624878985,23.89458684031185,38.56350758754016,10.375716408348191,10.36901447592725,14.848327877386646,9.07606213514774,36.91041429000277,9.513283344753868
121030273312,15.196073765611636,4.264397596364023,38.60302104678875,32.84099913840825,37.77491301789519,9.88760068494106,1.8435659837588816,38.30863722604956,40.07616270399851,20.26005342948776,38.8383018243541,33.2064547320436,37.66590780320628,19.92059997778445,15.508654907812994,23.065615192772597,31.399933383397517,23.676877259237568,39.56213034605869,6.915888519795828,6.922590452216771,15.594542545039534,5.840912836584639,37.909037048521306,6.278134046190767
121030273311,15.711047387524214,4.704042312320277,39.11799466870134,33.35597276032084,38.28988663980777,13.571339486285488,4.888331943799771,38.82361084796214,40.5911363259111,20.482585785107677,39.353275446266686,33.721428353956206,38.18088142511888,20.23826797049507,16.02362852972557,23.383440498026957,31.9149070053101,23.89940961485748,40.07710396797129,5.190269015512377,5.183567083091434,16.10951616695211,3.8906147423119233,38.42401067043389,4.793923289256573
121030255072,6.766844052993765,18.350684665771567,23.8682692466584,18.106247338277928,23.04016121776484,13.40581667813519,23.4094170248751,23.57388542591919,25.341410903868155,4.180901666057076,24.10355002422375,18.47170293191329,22.63503984939405,4.430025635209172,6.194560964334205,2.0710171621007465,16.665181583267188,3.0437676179360578,24.827378545928347,19.112242304663592,19.10554037224265,6.120928558944572,19.129849591290203,23.17428524839096,18.22654104434556
121030255082,7.237145469605744,18.296925036510096,22.689482563268577,16.92746065488811,21.861374534375013,13.239243600586132,23.24284394732604,22.395098742529377,24.16262422047833,5.359688349446886,22.92476334083393,17.29291624852347,21.45625316600423,5.60881231859898,6.06800054540474,2.2508599367567887,15.48639489987737,3.223610392592101,23.648591862538527,19.05848267540213,19.051780742981187,5.951516872609347,19.076089962028743,21.99549856500114,18.17278141508409
121030272112,13.636058771991143,4.0784739852353935,40.71215997494343,34.950138066562964,39.88405194604984,15.169543591025167,3.892732905493048,40.41777615420422,42.18530163215316,17.75395338671303,40.94744075250877,35.31559366019831,39.77504673136095,17.50963557210042,14.594487192830549,20.65480809963232,33.5090723115522,21.17077721646284,41.67126927421335,1.1795896305438995,1.1862915629648436,15.54452349780394,2.4792439037443548,40.01817597667597,2.0652908908619354
121030275031,20.62389477583248,11.066309989076728,46.8878701839403,41.1258482755598,46.05976215504673,21.34121500152444,10.064404315992322,46.59348636320111,48.36101184115007,24.106677021497955,47.12315096150565,41.49130386919516,45.95075694035783,23.862359206885344,21.58232319667188,27.007531734417235,39.68478252054904,27.523500851247764,47.84697948321025,8.388230352782957,8.3949322852039,22.532359501645267,9.467079907585685,46.193886185672845,9.053126894703269
121030269162,4.6739922202909066,7.382109182094322,30.953600680003763,25.191578771623288,30.1254926511102,6.874261477888167,12.229120196144086,30.65921685926456,32.42674233721352,10.363091694630343,31.188881457569103,25.557034365258648,30.016487436421304,9.62419880113529,5.318036185361001,12.769214016123444,23.750513016612533,14.344400331315567,31.912709979273703,9.93444714920495,9.92774521678401,5.40392382258754,8.999252614592375,30.25961668173632,9.04874588888692
121030274041,21.678479590677902,10.620058614846036,45.08890523475265,39.32688332637216,44.26079720585908,19.542250052336787,8.265439366804667,44.79452141401344,46.5620468919624,25.94816444119205,45.324186012318,39.69233892000752,44.151791991170185,25.70384662657944,21.994539095776872,28.84901915411133,37.8858175713614,29.36498827094185,46.048014534022606,9.847689710279854,9.854391642700795,22.080426733003414,9.80663104483768,44.3949212364852,10.709939591782332
121030259013,4.454174037296993,15.218002663971513,28.501320162821155,22.73929825444068,27.67321213392759,11.094455539725953,20.845581744238284,28.206936342081956,29.97446182003091,1.3132885743425728,28.736600940386506,23.10475384807604,27.11218988648429,0.5334926670833612,3.885936176134712,3.678507882071514,21.298232499429933,5.253694197263639,29.4604294620911,15.796710587016907,15.790008654595963,3.813329919270737,15.814317873643525,27.80733616455371,14.958894797187968
121030203015,32.47389306967463,40.68987134511962,4.030507606375183,10.347187312943792,6.187658654865178,33.305424078379225,43.988917866832985,6.208155679453921,3.534130246203641,31.66388506391763,3.8135770660858057,11.00251018282238,7.769868934110052,31.90853837626573,30.92756053366905,28.61572230634867,12.916667118887244,29.023128069876524,3.5767809126536303,43.24220931223024,43.23550737980931,29.957496175815777,42.30701477761769,5.146690083149713,42.35650805191224
121030236022,29.02500641099128,37.240984686436285,4.210797425006707,6.898300654260443,6.778233552619212,29.856537419695883,40.54003120814966,7.31195776077357,6.652950460517412,28.21499840523428,3.471447620851164,7.822285857598583,7.291625494545115,28.45965171758238,27.47867387498569,25.166835647665312,9.467780460203898,25.574241411193164,5.105860723987893,39.79332265354692,39.78662072112598,26.50860951713242,38.85812811893435,1.6351272636001883,38.9076213932289
121030202095,35.936945750497415,44.15292402594241,7.493560287197961,13.810239993766578,8.88171326116023,36.76847675920202,47.45197054765576,8.902210285748973,6.997182927026419,35.12693774474042,7.276629746908583,14.082661130807658,10.463923540405112,35.37159105708851,34.39061321449184,32.07877498717144,16.37971979971003,32.4861807506993,7.039833593476407,46.70526199305303,46.6985600606321,33.42054885663857,45.77006745844048,8.609742763972493,45.81956073273502
121030280052,28.254601631720924,38.67832218815616,12.50930405466667,17.03960552906954,9.263331777830455,31.29387492141573,41.97736870986952,8.7296075696761,10.745800922627764,26.446645871797735,12.744584832232022,13.267353422980886,8.74573324150325,26.69576984094984,27.08545670751992,23.28542355175704,13.608394793809934,22.43071500709687,12.040976375335283,40.07593883751733,40.06923690509637,26.96897303472452,40.093546124143934,14.01870555392679,39.19023757719928
121030201082,33.51893878962936,43.9426593460646,10.348815283825742,16.176116908317557,7.994640000049657,36.55821207932416,47.24170586777796,7.674967139632744,7.673095128427632,31.50940436157681,10.67074012305806,13.195587869697084,9.009287673501452,31.758528330728904,32.34979386542836,28.34818204153611,15.668404696931152,27.49347349687594,9.389705984555793,45.34027599542576,45.333574063004825,32.23331019263296,45.35788328205239,12.476853233687027,44.45457473510773
121030202072,34.792699593128255,43.00867786857324,8.668909436237431,14.528052581066053,6.82229435867047,35.624230601832856,46.307724390286594,6.84279138325921,5.993189280839323,33.98269158737126,8.789343023697768,12.023242228317889,8.3811521691767,34.22734489971936,33.24636705712268,30.934528829802307,14.496059055551951,31.34193459333016,7.709800136967482,45.56101583568387,45.55431390326293,32.2763026992694,44.62582130107129,10.122456040761678,44.67531457536584
121030244091,24.569434221727555,32.785412497172565,10.144419190706108,4.397831807104181,12.642163363242906,25.400965230432163,36.08445901888594,13.17588757139726,12.529776724475846,23.75942621597056,9.405069386550569,8.18576631044606,13.154593327932464,24.004079528318663,23.02310168572198,20.711263458401582,7.631444688317401,21.59259613552037,11.071151894085023,35.33775046428321,35.33104853186227,22.0530373278687,34.402555929670626,7.483211004750529,34.452049203965174
121030244092,25.90256161603929,34.11853989148427,10.019316318297976,4.272728934696048,12.517060490834778,26.734092624743894,37.41758641319762,13.050784698989132,12.404673852067718,25.09255361028229,9.27996651414244,8.060663438037926,13.029490455524334,25.3372069226304,24.356229080033707,22.04439085271333,7.506341815909269,22.45179661624119,10.946049021676894,36.6708778585949,36.664175926173954,23.386164722180435,35.73568332398233,7.358108132342395,35.78517659827688
121030244131,22.468141135201105,30.684119410646115,10.218492747234196,4.403971477551615,12.648303033690349,23.299672143905717,33.98316593235948,13.182027241844704,12.536243390261316,21.658133129444103,9.479142943078651,8.191905980893498,13.160732998379904,21.902786441792216,20.92180859919553,18.609970371875136,7.634664432807114,19.491303048993927,11.17760204650415,33.23645737775675,33.22975544533581,19.951744241342247,32.30126284314418,8.350986444092138,32.35075611743873
121030245102,11.776134818660667,19.992113094105672,18.918055539233187,13.156033630852706,18.089947510339627,12.607665827365276,23.291159615819037,18.623671718493984,20.39119719644294,10.96612681290367,19.153336316798537,13.521489224488064,17.980942295650728,11.210780125251777,10.22980228265509,7.917964055334704,11.714967875841957,8.890714511170017,19.87716483850313,22.544451061216314,22.53774912879536,9.259737924801811,21.609256526603737,18.224071540965745,21.658749800898278
121030247021,22.13165927355948,30.34763754900449,9.884152055781316,5.640122123283847,8.053223142440682,22.963190282264087,33.646684070717846,8.067431728266483,10.706751551102224,21.32165126780249,10.119432833346666,3.0880206017108938,6.511839719218702,21.566304580150597,20.58532673755391,18.273488510233538,1.8451855974969245,18.68089427376139,10.789841457062886,32.89997551611512,32.89327358369418,19.615262379700635,31.964780981502543,9.754083984484478,32.0142742557971
121030286022,30.120724825399545,38.33670310084453,3.425425751719748,7.9940190686687105,5.992861879332252,30.95225583410415,41.635749622557896,6.52658608748661,5.867578787230454,29.310716819642547,2.686075947564204,8.91800427200685,6.506253821258156,29.55537013199065,28.574392289393963,26.262554062073587,10.563498874612169,26.66995982560144,4.320489050700932,40.88904106795516,40.882339135534224,27.604327931540688,39.95384653334259,2.0161955603156345,40.00333980763715
121030249054,17.474403105194916,25.69038138063992,12.908954468765426,7.146932560384948,12.080846439871866,18.30593411389952,28.98942790235328,12.614570648026223,14.382096125975185,16.66439509943793,13.144235246330776,7.512388154020306,11.371530448640472,16.909048411786028,15.928070569189346,13.61623234186896,5.105556028831706,14.02363810539681,13.868063768035372,28.24271934775055,28.236017415329613,14.958006211336066,27.30752481313798,12.214970470497985,27.357018087432525
121030245161,16.89561311495029,25.111591390395294,11.903495981141988,6.141474072761507,11.075387952248429,17.7271441236549,28.41063791210865,11.609112160402786,13.376637638351744,16.085605109193295,12.13877675870734,6.506929666396866,11.587817916937988,16.330258421541398,15.349280578944713,13.037442351624325,5.602539861247495,13.444848115152178,12.862605280411934,27.66392935750593,27.657227425084987,14.379216221091433,26.728734822893355,11.209511982874544,26.778228097187892
121030249071,17.605793058084846,25.82177133352985,11.947814579909656,6.185792671529183,11.119706551016098,18.43732406678945,29.12081785524321,11.653430759170456,13.42095623711941,16.795785052327858,12.183095357475004,6.462449369109333,10.255606961684032,17.040438364675957,16.059460522079274,13.747622294758886,3.989632541875265,14.15502805828674,12.906923879179605,28.374109300640484,28.36740736821954,15.089396164225995,27.438914766027903,11.253830581642216,27.48840804032245
121030249055,17.577248709684525,25.793226985129525,13.011800073255037,7.249778164874557,12.183692044361475,18.40877971838913,29.09227350684289,12.717416252515836,14.48494173046479,16.767240703927538,13.247080850820383,7.615233758509917,11.474376053130085,17.011894016275637,16.030916173678957,13.719077946358563,5.208401633321315,14.126483709886418,13.970909372524982,28.345564952240164,28.338863019819215,15.060851815825677,27.410370417627583,12.317816074987595,27.45986369192213
121030245152,19.43955928404472,27.65553755948972,11.155562256637102,5.393540348256627,10.327454227743544,20.271090292749328,30.954584081203084,10.861178435897902,12.62870391384686,18.629551278287718,11.390843034202454,5.758995941891986,10.839884192433102,18.874204590635824,17.893226748039133,15.581388520718752,5.177652439824917,15.988794284246604,12.11467155590705,30.20787552660036,30.20117359417941,16.92316239018586,29.27268099198778,10.46157825836966,29.322174266282328
121030245162,19.245969056617835,27.46194733206284,13.322025685570097,7.56000377718962,12.493917656676532,20.07750006532245,30.76099385377621,13.02764186483089,14.795167342779852,18.435961050860843,13.557306463135443,7.92545937082498,13.006347621366096,18.680614363208957,17.699636520612266,15.387798293291867,7.34411586875791,15.79520405681972,14.281134984840042,30.01428529917348,30.00758336675253,16.729572162758984,29.079090764560902,12.628041687302652,29.128584038855447
121030245151,19.83517368314329,28.051151958588296,9.85111876738959,4.089096859009116,9.023010738496028,20.666704691847897,31.350198480301653,9.556734946650389,11.324260424599348,19.02516567738629,10.086399544954942,4.454552452644476,9.535440703185593,19.2698189897344,18.288841147137703,15.977002919817323,3.8732089505774057,16.38440868334518,10.810228066659535,30.60348992569893,30.59678799327798,17.31877678928443,29.66829539108636,9.157134769122148,29.7177886653809
121030244123,17.886360321476854,26.102338596921857,16.198380818433304,10.231202531899134,16.690445001939864,18.717891330181452,29.40138511863522,17.224169210094225,18.30046800077887,17.07635231571986,15.45903101427776,12.121986716088312,17.20287496662943,17.32100562806796,16.340027785471275,14.028189558150888,11.540643214021244,14.909522235269678,17.157490117703258,28.654676564032496,28.647974631611547,15.369963427617996,27.71948202941992,14.33087451529124,27.768975303714463
121030251114,16.643265588537798,26.36094128269621,20.10156785345966,15.250186275137692,17.934581002755312,23.04857944922705,31.98852036296301,17.903259337591567,20.570787979303105,11.145075871742636,20.33684863102502,14.7660718188029,16.35263422045314,11.920929958362091,15.877336394045672,8.51058366916929,12.367008202032762,6.948461619822667,20.675487426831435,26.93964920574161,26.932947273320668,15.76085272125028,26.957256492368224,19.909004999116505,26.10183341591267
121030251111,17.283683190206162,27.57035419406538,18.89215494209049,14.040773363768524,16.72516809138614,23.67879308454172,33.197933274332165,16.6938464262224,19.36137506793393,12.31222359087838,19.12743571965585,13.556658907433732,15.14322130908397,12.561347560030477,16.507550029360342,9.15100127083767,11.157595290663592,8.157874531191839,19.466074515462267,28.14906211711078,28.14236018468983,16.391066356564952,28.166669403737394,18.699592087747337,27.31124632728184
121030251112,16.50928014843387,27.2731087751084,18.806017408353902,13.954635830031943,16.63903055764956,22.904390042769425,32.90068785537518,16.607708892485817,19.27523753419735,11.537820549106083,19.041298185919267,13.470521373697151,15.057083775347389,11.786944518258183,15.733146987588052,8.376598229065374,11.071457756927012,8.386669635096746,19.379936981725688,27.851816698153797,27.84511476573285,15.616663314792657,27.869423984780404,18.613454554010755,27.014000908324856
121030260031,8.485340570244524,17.695573468486085,34.21429850767145,28.452276599290997,33.38619047877789,15.136636777129004,23.323152548752876,33.91991468693225,35.68744016488121,6.376270376276164,34.44957928523681,28.817732192926357,32.583657788677286,6.131952561663555,7.934663934321658,9.29560069399752,27.01121084428025,9.28256194840148,35.173407806941405,18.27428139153148,18.267579459110536,8.08498315539338,18.29188867815809,33.52031450940402,17.436465601702537
121030277013,22.88579883535707,33.31088803420195,17.871300336517486,17.259648802854283,15.702150187257663,29.280908729692623,38.93846711446874,15.60929733070452,17.62549068365619,17.9143392360293,18.106581114082847,13.733512369133576,14.120203404955491,18.16346320518139,22.10966567451125,14.753116915988588,13.464712277067353,13.898408371328422,18.445219909889268,33.88959595724734,33.8828940248264,21.99318200171585,33.90720324387396,18.876445549447197,33.05178016741841
121030272104,9.058466563203202,2.63644493935202,36.16882692766296,30.40680501928247,35.34071889876938,10.976851701835352,8.446873735465433,35.87444310692374,37.641968584872686,14.41027153934258,36.4041077052283,30.772260612917837,35.23171368408048,13.79457992296009,10.016894984042604,16.93959513794824,28.965739264271715,17.95751466430307,37.12793622693288,3.3980025782440437,3.3913006458230988,10.966931289015996,3.415609864870657,35.4748429293955,2.512301317926008
121030250173,17.95272516838191,29.01250473528626,13.426746517810493,10.071433334707953,11.259759667106122,23.862057852399563,33.9584236461022,11.22843800194238,13.895966643653932,17.052251016513353,13.662027295375845,8.091250483153717,9.67781288480395,17.301374985665447,16.783580244180904,13.891028696472642,6.276496808921024,13.846828828198335,14.000666091182268,29.774062374178293,29.767360441757344,16.667096571385507,29.791669660804907,13.234183663467332,28.88836111386025
121030253113,13.0412778647553,22.75620325277824,23.706305883377624,18.854924305055658,21.53931903267328,19.670424149369637,28.38378233304504,21.507997367509528,24.175526009221063,7.540337841824671,23.94158666094298,18.370809848720864,19.957372250371105,8.318942234579596,12.469872091339472,4.90859594538679,15.971746231950725,3.3437235899047053,24.2802254567494,23.334911175823645,23.328209243402696,12.38269742139286,23.35251846245026,23.513743029034465,22.497095385994704
121030224013,23.58132192614245,34.6408181902001,8.91493914160815,13.00210153111351,6.745788992348328,27.2563709234597,37.939864711913465,6.714467327184583,8.995063299776522,22.545688197410065,9.150219919173503,9.229849425024854,5.163842210046153,22.794812166562163,22.41217700194145,19.38446587736934,9.5708907958539,19.25187971323238,9.48885871497993,35.40265913193881,35.39595719951787,22.29569332914605,35.42026641856545,9.981201555970756,34.516957871620775
121030280062,29.105617144893152,39.52933770132839,13.3603195678389,17.89062104224177,10.114347291002687,32.14489043458795,42.82838422304175,9.58062308284833,11.596816435799996,27.0960827168406,13.595600345404254,14.118368936153116,9.59674875467548,27.345206685992697,27.93647222069215,23.934860396799905,14.459410306982166,23.080151852139736,12.891991888507512,40.92695435068956,40.92025241826863,27.819988547896752,40.94456163731618,14.869721067099016,40.04125309037151
121030280061,27.88216036587087,38.30588092230608,12.136862788816613,16.667164263219487,8.8908905119804,30.92143365556568,41.60492744401943,8.357166303826043,10.373359656777708,25.770119717288463,12.372143566381968,12.894912157130827,8.373291975653194,26.01924368644056,26.71301544166987,22.60889739724776,13.235953527959875,21.7541888525876,11.668535109485225,39.70349757166725,39.6967956392463,26.59653176887447,39.72110485829387,13.646264288076727,38.817796311349205
121030284031,28.581480030989365,38.18090065476328,8.14562643345343,13.874852977953418,5.687432085428125,30.79645338802286,41.47994717647662,5.153707877273768,5.541569114546549,27.54584630225697,8.380907211018782,10.498690578319447,5.169833549100919,27.79497027140907,27.412335106788355,24.384623982216265,10.839731949148494,24.252037818079305,7.249079045848767,40.40281723678573,40.39611530436479,27.067112758881464,39.79804408726133,10.17613992436737,39.51711597646769
121030269142,4.655231428892452,7.724617232107223,32.521915750350416,26.75989384196993,31.69380772145685,8.442576548234815,12.996192919989117,32.22753192961121,33.99505740756017,9.66350277214406,32.75719652791575,27.12534943560529,31.584802506767957,8.9428951949921,5.613659849731859,12.087910409980257,25.31882808695918,13.498688253778282,33.48102504962036,8.486174870999244,8.4794729385783,6.563696154705252,8.503782157625858,31.827931752082964,7.60047361068121
121030250172,19.02651364132676,29.76942588335214,13.562098266516164,9.771884183735072,11.395111415811796,23.56250870142668,33.89568556062246,11.363789750648053,14.031318392359603,18.126039489458204,13.797379044081518,7.223740133883413,9.813164633509622,18.3751634586103,17.85736871712576,14.964817169417485,5.976947657948145,14.920617301143178,14.136017839887945,30.847850847123144,30.8411489147022,17.740885044330355,30.86545813374976,13.369535412173008,29.962149586805097
121030249043,16.796779456538932,25.01275773198395,14.749204053323888,8.987182144943416,13.799147727278012,17.628310465243537,28.311804253697307,13.76782606211427,16.222345710533645,15.978014873855038,14.98448483088924,9.227244018969603,12.217200944975838,16.227138843007136,15.250446920533356,12.816792553814327,6.754427191735543,12.86519969129827,15.708313352593835,27.565095699094584,27.558393766673635,14.280382562680076,26.62990116448201,14.055220055056449,26.67939443877655
121030271071,6.184402923947753,7.851387683861217,34.67957559831547,28.917553689934987,33.8514675694219,9.637817345328632,13.293527521710343,34.385191777576274,36.152717255525225,9.223895491891724,34.914856375880824,29.283009283570344,33.742462354733,8.60820387550923,7.747101013278805,11.753219090497383,27.47648793492424,12.771138616852204,35.638684897585414,8.43009560690661,8.423393674485668,8.6971373182522,8.447702893533227,33.98559160004802,7.59227981707767
121030249082,20.243596003575497,28.4595742790205,9.820477509700677,4.058455601320197,8.992369480807115,21.075127012280102,31.758620800733866,9.526093688961474,11.29361916691043,19.433587997818517,10.055758287266023,4.423911194955556,9.37880206317482,19.67824131016661,18.697263467569925,16.38542524024955,3.1128276433660544,16.7928310037774,10.779586808970622,31.01191224613114,31.005210313710187,17.727199109716647,30.07671771151856,9.126493511433234,30.126210985813103
121030246014,22.70886694214047,30.92484521758547,9.234563122544234,2.955573372556103,10.174197632720848,23.54039795084508,34.22389173929885,10.707921840875205,11.024838841435836,21.89885893638348,9.46984390010959,5.618160821284601,10.686627597410403,22.14351224873157,21.162534406134892,18.850696178814506,5.038525034003007,19.645973296426245,10.19367242181418,33.47718318469612,33.47048125227518,20.192470048281614,32.54198865008354,8.49449709137856,32.59148192437808
121030265022,0.2345483319630661,11.92945983451829,29.033061595314404,23.27103968693393,28.204953566420844,7.913005363780998,17.137660748398055,28.7386777745752,30.50620325252417,5.5224529345752105,29.268342372879754,23.63649528056929,27.865086385148917,4.753118372417291,1.8281086884533324,7.898133587405446,21.829973931923185,9.473319902597565,29.992170894584344,12.691017473410312,12.684315540989363,2.778144993426725,12.708624760036924,28.339077597046963,11.805316213092278
121030246042,21.02187585005244,29.23785412549744,7.776637413298894,2.330286626521848,7.777340892367991,21.853406858757047,32.53690064721081,8.311065100522345,9.249779070508652,20.21186784429544,8.011918190864245,3.208882606516432,8.28977085705755,20.456521156643543,19.475543314046856,17.163705086726477,2.6275391044493617,17.571110850254332,8.735746712568844,31.79019209260808,31.78349016018713,18.505478956193578,30.8549975579955,7.082653415031456,30.904490832290048
121030219001,27.245391124909077,35.46136940035408,2.8877128507991303,7.054211173886442,1.514860438450792,28.07692213361368,38.760415922067445,2.04858464660515,3.488652832820418,26.435383119152075,3.122993628364484,4.475933760098717,2.028252380376696,26.680036431500177,25.69905858890349,23.387220361583115,6.948750587332784,23.79462612511097,3.4616324241709067,38.01370736746472,38.00700543504378,24.72899423105021,37.07851283285216,3.79739444403818,37.1280061071467
121030243024,22.27773002611629,30.49370830156129,7.703304765471093,1.7985585645393731,9.017182824704117,23.1092610348209,33.79275482327465,9.550907032858472,9.867824033419108,21.467722020359297,7.938585543036447,4.46114601326787,9.529612789393674,21.712375332707392,20.731397490110712,18.419559262790333,3.881510225986277,18.826965026318184,8.66241406474104,33.04604626867193,33.039344336250984,19.761333132257437,32.11085173405936,6.906561308107552,32.1603450083539
121030246043,22.13458561291388,30.350563888358888,7.6667485348845235,3.108918692161658,5.835819621543895,22.966116621618493,33.64961041007225,6.369543829698253,8.489348030205432,21.32457760715689,7.9020293124498755,1.2673613356923374,6.348249586233456,21.569230919504985,20.588253076908305,18.27641484958793,1.9525279449608683,18.683820613115778,8.572437936166093,32.90290185546952,32.89619992304857,19.618188719055023,31.96770732085695,7.536680463587686,32.01720059515149
121030219002,29.27643606631182,37.492414341756806,3.040823383424323,8.770049927924315,2.43059223048087,30.107967075016425,40.791460863470185,2.4510892550696117,2.4012489117293607,28.46642806055481,3.2761041609896764,6.969367738669847,3.3611972985144267,28.711081372902925,27.73010353030624,25.41826530298586,9.442184565903911,25.825671066513717,2.785142203943576,40.04475230886745,40.03805037644651,26.76003917245296,39.10955777425487,5.071336874338268,39.15905104854941
121030287003,28.995423551148868,37.21140182659386,2.208320260032683,8.465166212696202,2.4912471815263446,29.82695455985348,40.51044834830724,2.5117442061150856,1.5824309487499697,28.18541554539188,2.8602614007015346,6.6883552235068935,3.0801847833514744,28.43006885773997,27.44909101514328,25.13725278782291,9.16117205074096,25.544658551350764,1.2492109607627324,39.7637397937045,39.75703786128357,26.479026657290014,38.82854525909192,4.666374511330503,38.87803853338646
121030242013,23.50608545854623,31.72206373399123,5.623133961580212,1.849066065377226,7.291232461341482,24.33761646725084,35.02111025570459,7.824956669495838,7.692027725773636,22.69607745278923,5.858414739145567,2.78210784881678,7.803662426031041,22.94073076513733,21.95975292254065,19.647914695220265,3.948859507758858,20.05532045874812,6.582243260850164,34.27440170110186,34.26769976868092,20.98968856468737,33.33920716648929,5.1096347108109486,33.38870044078384
121030231003,24.86630545453993,33.08228372998493,4.297537505041618,3.200482393768032,6.0865289297925695,25.697836463244546,36.38133025169829,6.620253137946926,6.487324194224724,24.05629744878293,4.532818282606971,3.099668974176644,6.59895889448213,24.30095076113104,23.31997291853435,21.00813469121397,5.309079503752563,21.415540454741823,5.256646804311568,35.63462169709556,35.62791976467462,22.349908560681072,34.699427162483,3.97936379784222,34.748920436777546
121030238003,25.6777426172934,33.8937208927384,4.294292950932563,3.5510368605625726,6.747525665028386,26.50927362599801,37.19276741445177,7.281249873182742,6.631113477213718,24.8677346115364,3.55494314677702,4.476481937997892,7.259955629717942,25.112387923884512,24.131410081287815,21.81957185396745,6.120516666506028,22.226977617495297,5.253402250202514,36.44605885984903,36.4393569274281,23.161345723434543,35.51086432523648,2.426786647790504,35.56035759953101
121030235021,27.492612734621662,35.708591010066684,3.9929935885186536,5.3659069778908455,6.503634214390191,28.32414374332628,39.00763753178004,7.037358422544549,6.378351122288392,26.68260472886467,3.253643784363109,6.291352055326166,7.017026156316096,26.92725804121277,25.946280198616087,23.63444197129571,7.9353867838343,24.04184773482357,4.91972629189757,38.26092897717731,38.25422704475637,24.97621584076281,37.32573444256475,1.331785402563072,37.37522771685929
121030221011,25.995823655278585,34.440588095358166,5.384516495619743,8.372774306422064,3.2213204906519834,27.056140828617757,37.739634617071495,3.2011860313522638,5.87484889931352,24.960189926546203,5.619797273185098,5.007106297908205,2.559509644905869,25.209313895698298,24.67827728390757,21.79896760650549,5.938136143850591,21.666381442368525,5.958436068991522,36.99292606246877,36.98622413004784,23.70821292605429,36.0577315278562,5.268921961606123,36.107224802150746
121030254013,5.280465767458166,15.509980337705194,23.52802454291304,17.76600263453257,22.69991651401948,9.632639668235582,19.636240014975485,23.233640722173835,25.0011662001228,4.460480714681306,23.76330532047839,18.13145822816792,22.590911299330585,4.705134027029407,4.111320843257164,5.475396844096177,16.324936879521815,7.050583159288303,24.487133842182985,17.10180297325455,17.0951010408336,3.9873768912283456,17.11941025988116,22.8340405446456,16.216101712936517
121030236021,28.254905675067903,36.470883950512935,4.040810155380889,6.128199918337073,6.551450781252425,29.086436683772508,39.769930472226285,7.085174989406783,6.426167689150628,27.444897669310897,3.3014603512253453,7.053644995772392,7.064842723178329,27.689550981659007,26.70857313906232,24.396734911741937,8.697679724280533,24.80414067526979,4.967542858759804,39.02322191762355,39.01651998520261,25.73850878120904,38.08802738301099,1.379601969425308,38.13752065730553
121030215012,28.87187633354061,37.08785460898559,3.0219571844080924,6.745170576809778,5.5893933120205945,29.70340734224521,40.386901130698966,6.123117520174953,5.464110219918796,28.06186832778361,2.282607380252548,7.669155780147918,6.102785253946498,28.30652164013171,27.325543797535023,25.01370557021465,9.31465038275323,25.4211113337425,3.918722020250791,39.64019257609622,39.63349064367529,26.355479439681748,38.70499804148368,0.7673470684567008,38.75449131577821
121030236012,28.511126099307926,36.72710437475292,3.7668938516224193,6.384420342577088,6.277534477493956,29.34265710801253,40.02615089646627,6.811258685648313,6.152251385392157,27.701118093550924,3.027544047466876,7.308405545915229,6.790926419419858,27.94577140589903,26.964793563302344,24.652955335981964,8.953900148520544,25.060361099509816,4.693626555001334,39.27944234186354,39.2727404094426,25.994729205449065,38.34424780725098,1.1056856656668377,38.39374108154552
121030272111,14.855549858589589,3.797128882757718,38.87102842579338,33.10900651741288,38.04292039689981,13.32437324337753,2.047562557845409,38.57664460505418,40.34417008300314,19.57567235554512,39.10630920335873,33.47446211104823,37.93391518221092,19.33135454093251,15.499593823659684,22.4765270684644,31.66794076240213,22.99249618529492,39.83013772506333,3.024759978191537,3.031461910612481,15.58548146088622,2.983701312749366,38.177044427525935,3.887009859694016
121030242021,23.89318818636717,32.109166461812165,5.917870134320312,0.8566968313963035,8.335513781542863,24.72471919507177,35.40821298352552,8.86923798969722,8.223454138113832,23.083180180610167,6.153150911885666,3.8791167287460144,8.847943746232422,23.327833492958263,22.34685565036158,20.0350174230412,4.651633357183228,20.44242318656905,6.876979433590263,34.661504428922804,34.65480249650186,21.376791292508305,33.726309894310226,5.121126676956772,33.77580316860477
121030242022,24.039916092343915,32.25589436778892,5.505875228602132,1.913210335613089,7.923518875824683,24.871447101048528,35.554940889502284,8.45724308397904,7.811459232395651,23.22990808658692,5.192769671726504,3.467121823027836,8.435948840514241,23.474561398935023,22.493583556338343,20.18174532901796,4.482690141556544,20.58915109254581,6.464984527872082,34.80823233489955,34.80153040247861,21.52351919848506,33.87303780028699,4.064613172739987,33.922531074581535
121030287001,28.972643538722306,37.18862181416729,0.1741302753709606,6.948697241087575,3.4201541129587985,29.80417454742691,40.48766833588066,3.9538783211131543,2.5124175206003665,28.162635532965304,0.954273843615402,7.2060070583590115,3.9447639523160367,28.407288845313406,27.426311002716723,25.114472775396347,9.41541758793493,25.52187853892419,0.7849790238989898,39.74095978127794,39.73425784885698,26.456246644863445,38.805765246665366,2.916775064471436,38.85525852095991
121030201093,29.56496233688472,38.01676947082207,4.969775717707746,10.699002262207737,2.516385478721365,30.632322204081664,41.31581599253539,1.98413748323566,2.36571839880087,28.52932860815233,5.205056495273099,7.706578125618142,3.318458017104365,28.778452577304428,28.25445865937148,25.368106288111612,9.5143175193145,25.23552012397466,4.073228330103086,40.56910743793267,40.56240550551173,27.2843943015182,39.6339129033201,7.000289208621691,39.68340617761464
121030286011,28.68055746162491,36.89653573706991,1.533544681309615,6.553851704894077,4.195866218029838,29.51208847032952,40.19558225878327,4.729590426184195,3.986482838478571,27.87054945586792,0.7941948771540707,7.423458167203998,4.720476057387074,28.11520276821601,27.134224925619325,24.82238669829895,9.123331510837533,25.229792461826808,2.4321529977079206,39.448873704180535,39.4421717717596,26.164160567766054,38.51367916956797,1.20910010779086,38.56317244386252
121030201101,28.99397558725445,37.44578272119181,5.540762467338007,11.269989011837994,3.087372228351622,30.0613354544514,40.74482924290514,2.5551242328659183,2.9367051484311277,27.95834185852207,5.776043244903358,8.2775648752484,3.212271337557236,28.207465827674167,27.68347190974122,24.79711953848136,8.943330769684245,24.6645333743444,4.644215079733344,39.998120688302414,39.99141875588148,26.71340755188794,39.06292615368986,7.57127595825195,39.11241942798439
121030241002,25.99892843428731,34.21490670973231,6.725965743592891,3.122771723801184,9.236606369464424,26.830459442991923,37.51395323144568,9.77033057761878,9.111323277362628,25.18892042853032,5.986615939437346,4.797667754991797,9.749998311390328,25.43357374087842,24.45259589828173,22.14075767096136,6.441702483499934,22.54816343448921,7.652698446971805,36.767244676842935,36.760542744422,23.48253154042846,35.83205014223037,4.064757557637306,35.88154341652492
121030240024,27.78903749835841,36.00501577380343,7.717642950430106,4.7525461433875575,10.228283576301644,28.62056850706303,39.30406229551679,10.762007784456,10.103000484199846,26.97902949260142,6.97829314627456,7.16673108862768,10.741675518227543,27.22368280494952,26.242704962352832,23.930866735032463,8.547482669174485,24.33827249856031,8.644375653809021,38.55735374091407,38.55065180849312,25.27264060449956,37.62215920630149,5.056434764474522,37.67165248059602
121030245083,9.809959579006668,17.916933581255737,20.524905260491597,14.762883352111114,19.69679723159803,10.532486314515328,21.21598010296909,20.23052143975239,21.99804691770135,10.503008891985036,20.76018603805694,15.128338945746476,19.58779201690913,10.747662204333135,8.236427275396286,7.454846134416065,13.32181759710037,8.427596590251376,21.484014559761533,20.46927154836637,20.462569615945423,7.266362917543009,19.534077013753794,19.830921262224148,19.58357028804833
121030245081,11.774548873299665,19.990527148744665,18.566466712718476,12.804444804337995,17.738358683824913,12.606079882004275,23.289573670458037,18.27208289197928,20.039608369928228,10.964540867542668,18.801747490283823,13.169900397973356,17.629353469136014,11.209194179890774,10.22821633729409,7.916378109973698,11.363379049327245,8.889128565809015,19.525576011988413,22.5428651158553,22.53616318343436,9.258151979440813,21.60767058124273,17.872482714451042,21.657163855537267
121030286012,29.239418200859674,37.45539647630466,1.4690703690660076,7.1127124441288405,4.170138267341198,30.07094920956428,40.75444299801803,4.703862475495555,3.600730755174536,28.429410195102676,0.6889268008215662,7.877859917558138,4.6947481066984365,28.67406350745078,27.69308566485409,25.381247437533712,9.682192250072296,25.78865320106156,1.8732922584731584,40.007734443415295,40.00103251099436,26.723021307000813,39.07253990880273,1.767960847025622,39.12203318309727
121030269163,4.7149070321204976,7.657334458234215,32.58159135357845,26.81956944519797,31.75348332468489,7.975807984908872,12.50434547228397,32.28720753283925,34.05473301078821,10.379286463002476,32.8168721311438,27.18502503883333,31.644478109996,9.65867888585052,5.673335452959904,12.803694100838678,25.378503690187227,14.24330101545078,33.5407006528484,8.45521325288106,8.448511320460119,6.623371757933296,8.472820539507676,31.887607355311005,7.569511992563028
121030244114,27.561878859995964,35.77785713544097,11.3769429551192,5.93204617865273,13.944379082731704,28.393409868700576,39.07690365715431,14.478103290886056,13.819095990629902,26.75187085423897,10.63759315096366,9.719980681994608,14.457771024657603,26.99652416658708,26.015546323990385,23.70370809667001,9.165659059865954,24.111113860197857,12.272006254100386,38.33019510255159,38.32349317013066,25.04548196613711,37.39500056793902,8.80127279371268,37.44449384223357
121030245172,25.63684706908913,33.852825344534146,16.680354947889903,10.865833678207316,18.11946174026522,26.468378077793737,37.15187186624751,18.653185948419583,18.998105590917017,24.826839063332137,15.941005143734362,13.551003454413667,18.631891704954786,25.07149237568024,24.09051453308355,21.77867630576316,12.9696599523466,22.66000898288195,17.639464247159854,36.40516331164478,36.39846137922383,23.12045017523027,35.46996877703221,14.150746904191683,35.51946205132674
121030245171,22.025871056037804,30.241849331482804,14.570617647255956,8.756096377573378,16.009724439631277,22.8574020647424,33.54089585319617,16.543448647785638,16.888368290283076,21.2158630502808,13.831267843100411,11.441266153779726,16.52215440432084,21.460516362628905,20.47953852003222,18.167700292711835,10.859922651712656,19.049032969830627,15.529726946525914,32.794187298593435,32.7874853661725,19.509474162178947,31.858992763980854,12.041009603557738,31.9084860382754
121030279053,25.42325369849417,35.84834289733907,12.869050328950731,16.956212718456097,10.69990017969091,31.210482110802293,41.475921977605886,10.607047323137763,12.623240676089427,20.451794099166403,13.104331106516089,13.183960612367436,9.117953397388735,20.700918068318504,24.64712053764835,17.290571779125703,13.525001983196484,16.435863234465536,13.442969902322512,36.42705082038446,36.42034888796353,24.53063686485296,36.44465810701109,13.93531274331334,35.589235030555535
121030224025,20.04702811895445,31.1068076858588,11.332443567237956,11.100745567115691,9.165456716533589,25.24097903592118,35.57415589511696,9.134135051369844,11.801663693081398,19.011394390222065,11.56772434480331,7.325911829308283,7.583509934231413,19.26051835937416,18.877883194753444,15.85017207018135,7.655417992442647,15.71758590604439,11.906363140609733,31.86836532475083,31.861663392329884,18.761399521958044,31.885972611377444,11.1398807128948,30.98266406443279
121030254181,11.875301470829111,20.881508023447115,17.475047666855755,11.713025758475275,16.646939637962195,13.547214205278236,24.230707993732,17.180663846116552,18.948189324065517,10.985515779254246,17.710328444421105,12.078481352110636,16.537934423273303,11.234639748406344,10.32896893482354,7.824293459213535,10.271960003464532,7.8727005966974755,18.434156966125705,23.43384599055773,23.42714405813679,9.358904576970266,22.49865145594517,16.781063668588313,22.548144730239716
121030254182,11.082525742538463,20.08873229515645,18.99430744543012,13.232285537049648,18.16619941653656,13.489590307201246,24.173084095655017,18.69992362469092,20.467449102639875,10.272517736781474,19.229588222995467,13.59774113068501,18.057194201847672,10.517171049129576,9.536193206532891,7.169386336020785,11.791219782038905,8.142136791856098,19.95341674470007,22.64107026226708,22.634368329846136,8.566128848679618,21.705875727654508,18.300323447162675,21.755369001949056
121030254192,10.42448731585102,19.430693868469017,18.89218326561168,13.130161357231206,18.06407523671812,13.387466127382805,23.556953545739308,18.59779944487248,20.36532492282144,9.614479310094032,19.127464043177028,13.495616950866566,17.955070022029233,9.859132622442132,8.878154779845449,6.511347909333344,11.68909560222046,7.484098365168655,19.851292564881632,21.98303183557964,21.976329903158693,7.908090421992176,21.047837300967068,18.19819926734424,21.09733057526161
121030250202,11.71366434559394,20.71987089821194,17.63668479209093,11.87466288371045,16.808576763197365,13.708851330513408,24.39234511896717,17.342300971351726,19.109826449300684,10.823878654019072,17.871965569656275,12.24011847734581,16.699571548508473,11.073002623171169,10.167331809588369,7.66265633397836,10.4335971286997,7.7110634714623,18.595794091360872,23.272208865322565,23.26550693290162,9.197267451735092,22.33701433071,16.942700793823484,22.386507605004542
121030245191,21.7271313316333,29.943109607078306,12.837550599353312,7.023029329670735,14.276657391728635,22.558662340337907,33.24215612879168,14.810381599882996,15.155301242380435,20.9171233258763,12.098200795197776,9.708199105877082,14.789087356418198,21.161776638224413,20.180798795627727,17.86896056830733,9.126855603810014,18.75029324542612,13.796659898623268,32.495447574188944,32.488745641768006,19.210734437774445,31.56025303957637,10.307942555655098,31.60974631387091
121030254212,7.753014562538976,15.85998856478804,21.67192526777688,15.909903359396408,20.843817238883315,8.475541298047634,19.15903508650139,21.37754144703768,23.14506692498663,10.331842333909428,21.907206045342225,16.275358953031766,20.734812024194422,9.552046426650216,6.179482258928595,8.601866141701354,14.46883760438566,9.574616597536668,22.63103456704682,18.41232653189867,18.40562459947773,5.209417901075317,17.477131997286094,20.97794126950943,17.526625271580635
121030273292,21.43749813176823,11.91058857850414,44.439306900445054,38.67728499206459,43.61119887155152,14.809337676159627,12.062325860529132,44.14492307970586,45.912448557654805,26.789089829565658,44.6745876780104,39.042740585699946,43.5021936568626,26.00929392230644,21.597348852334974,29.154309137294582,37.23621923705385,30.72949545248672,45.39841619971501,14.786758091925211,14.780056159504266,21.683236489561512,13.487103818724758,43.74532290217761,13.924325028330884
121030277041,23.35621975955941,32.67656913299042,20.49007508637597,19.878423552712768,18.32092493711615,30.00653104504585,38.30414821325724,18.228072080563003,20.244265433514663,18.12692262570007,20.72535586394133,16.352287118992056,16.738978154813974,18.379014400280354,22.795275331244884,16.28149246907137,16.08348702692583,14.975972326045666,21.063994659747756,33.25527705603583,33.248575123614884,22.72164292585525,33.27288434266245,21.49522029930568,32.41746126620688
121030224022,20.293139112302995,31.352918679207345,12.203121955447603,12.247649876361818,10.033971806187784,26.03827439405344,36.29883759002328,9.941118949634632,11.9573123025863,19.257505383570606,12.43840273301296,8.721513442641116,8.452025023885604,19.506629352722705,19.123994188101992,16.096283063529885,8.452713350574893,15.963696899392923,12.777041528819383,32.11447631809937,32.10777438567843,19.0075105153066,32.13208360472599,12.125738770811028,31.22877505778133
121030284033,28.42814443401785,38.02756505779176,7.429452389759501,13.158678934259486,4.971258041734197,30.643117791051356,41.32661157950511,4.437533833579839,4.825395070852621,27.39251070528546,7.664733167324853,9.843677566704953,4.45365950540699,27.64163467443756,27.258999509816853,24.231288385244756,10.184718937533995,24.098702221107796,6.532905002154839,40.249481639814206,40.24277970739328,26.913777161909948,39.64470849028981,9.45996588067344,39.36378037949617
121030275042,20.09809494694226,10.540510160186516,46.36207035505008,40.60004844666959,45.53396232615651,20.815415172634225,9.538604487102107,46.06768653431087,47.83521201225984,23.580877192607733,46.59735113261544,40.96550404030496,45.42495711146763,23.33655937799513,21.056523367781654,26.48173190552702,39.15898269165883,26.99770102235755,47.32117965432004,7.862430523892742,7.869132456313687,22.006559672755056,8.941280078695476,45.66808635678263,8.527327065813056
121030272113,17.009329513261164,7.451744726505418,44.11968987772095,38.35766796934044,43.29158184882737,18.735459783702712,7.458649098170599,43.82530605698173,45.59283153493068,20.492111758926644,44.35497065528628,38.723123562975815,43.18257663413847,20.247793944314036,17.967757934100568,23.392966471845924,36.91660221432969,23.90893558867645,45.07879917699086,4.773665090211646,4.78036702263259,18.91779423907396,5.852514645014377,43.42570587945349,5.438561632131959
121030272122,16.599735746969465,5.5413147711375945,41.558125883380605,35.79610397500013,40.73001785448702,16.01550949946233,4.738698813930204,41.26374206264138,43.031267540590335,21.31985824392498,41.793406660945934,36.16155956863549,40.62101263979812,21.075540429312376,17.243779712039558,24.220712956844263,34.355038219989375,24.736682073674796,42.51723518265052,4.768945866571412,4.775647798992357,17.329667349266096,4.727887201129241,40.86414188511313,5.631195748073893
121030272042,17.55602900718113,6.4976080313492615,40.966454651255866,35.204432742875376,40.1383466223623,15.419799468840017,4.142988783307896,40.67207083051667,42.43959630846563,22.27615150413666,41.20173542882123,35.569888336510736,40.02934140767341,22.031833689524056,17.872088512280104,25.17700621705594,33.763366987864615,25.692975333886466,41.925563950525806,5.725239126783081,5.731941059204025,17.957976149506635,5.68418046134091,40.27247065298842,6.58748900828556
121030273282,23.211628369047403,13.684718815783317,46.213437137724206,40.45141522934375,45.38532910883065,16.5834679134388,13.836456097808306,45.91905331698501,47.686578794933965,28.563220066844828,46.44871791528956,40.81687082297912,45.27632389414177,27.783424159585618,23.371479089614148,30.928439374573763,39.01034947433301,32.50362568976589,47.17254643699416,16.56088832920439,16.554186396783443,23.45736672684069,15.261234056003932,45.51945313945678,15.69845526561006
121030252052,15.63557224864984,24.95592162208084,25.68563840853938,20.834256830217424,23.51865155783503,22.28588353413626,30.58350070234763,23.48732989267129,26.154858534382814,10.406275114790484,25.92091918610474,20.35014237388263,21.93670477553286,10.658366889370766,15.074627820335303,8.560844958161782,17.951078757112487,7.255324815136079,26.25955798191116,25.534629545126236,25.52792761270529,15.000995414945669,25.55223683175285,25.493075554196228,24.69681375529729
121030260041,10.857892510518957,20.06812540876051,36.586850447945885,30.824828539565424,35.75874241905233,17.509188717403433,25.695704489027307,36.292466627206686,38.05999210515565,8.748822316550596,36.82213122551125,31.190284133200784,34.95620972895173,8.50450450193799,10.30721587459609,11.668152634271951,29.383762784554683,11.655113888675912,37.54595974721584,20.646833331805908,20.64013139938497,10.45753509566781,20.66444061843252,35.89286644967844,19.80901754197697
121030271062,9.688011910889191,5.5345111204726125,37.27158375294773,31.50956184456724,36.44347572405415,12.086520604298016,11.1620902007394,36.9771999322085,38.74472541015745,11.71848190887236,37.50686453051306,31.8750174382026,36.33447050936524,11.474164094259752,10.646440331728591,14.619336621791636,30.06849608955649,15.135305738622169,38.23069305221763,6.1132190435180105,6.106517111097066,11.596476636701986,6.130826330144624,36.57759975468025,5.275403253689065
121030269171,6.60882804464158,6.063681505728344,31.02749521426014,25.265473305879667,30.19938718536658,5.765746884418307,10.35052236390968,30.733111393520936,32.500636871469894,12.297927518981018,31.26277599182549,25.630928899515023,30.09038197067769,11.55903462548596,7.252872009711676,14.70404984047412,23.82440755086892,15.948019511142668,31.986604513530093,8.61601947283897,8.609317540418026,7.338759646938214,7.6808249382263964,30.3335112159927,7.73031821252094
121030270002,4.482541198911112,9.636280880795344,33.00650071387242,27.24447880549195,32.17839268497885,8.927161511756825,15.26385996106213,32.71211689313322,34.47964237108218,6.835822027411478,33.24178149143778,27.609934399127305,32.06938747028997,6.115214450259518,6.045239288242166,9.260229665247676,25.8034130504812,10.8354159804398,33.96561001314237,10.21498880384074,10.2082868714198,6.995275593215559,10.232596090467355,32.31251671560497,9.3771730140118
121030269152,3.407576393835832,9.671172155593409,31.283243978160485,25.521222069780013,30.45513594926692,7.203904776044891,14.942747843475304,30.98886015742128,32.75638563537025,7.7180737820795535,31.518524755725835,25.88667766341537,30.346130734578026,6.997466204927594,4.366004814675238,10.142481419915754,24.08015631476926,11.717667735107876,32.24235327743043,10.432729794485432,10.426027862064489,5.316041119648629,10.450337081112048,30.589259979893043,9.547028534167396
121030267051,3.130247909179564,9.005748461366187,30.176735415942733,24.414713507562254,29.348627387049167,6.097396213827137,13.852759475415947,29.88235159520353,31.64987707315249,8.819347383519007,30.41201619350808,24.78016910119761,29.239622172360274,8.08045449002395,4.08867633001897,11.225469705012108,22.973647752551503,12.800656020204231,31.135844715212677,10.155401309829168,10.148699377408224,4.556421247709243,10.173008596455784,29.48275141767529,9.269700049511137
121030265021,0.5967241954350916,12.0107132019534,29.11431496274952,23.35229305436904,28.286206933855954,7.994258731216111,17.218914115833165,28.819931142010308,30.58745661995927,6.351978951883287,29.34959574031486,23.717748648004395,27.946339752584024,5.572183044624074,1.9093620558884448,8.71719825961223,21.91122729935829,10.292384574804352,30.073424262019454,12.772270840845424,12.76556890842448,2.859398360861838,12.789878127472038,28.42033096448207,11.88656958052739
121030264023,2.870552945148856,14.17270875057021,29.24554421327453,23.483522304894063,28.41743618438097,9.509525570290284,19.513125917030184,28.951160392535336,30.718685870484293,2.9066458654836014,29.48082499083989,23.848977898529423,28.077569003109048,2.1268499582243896,2.298269856489297,5.271865173212544,22.042456549883315,6.847051488404666,30.204653512544485,14.751416673615608,14.744714741194665,2.990627611386861,14.769023960242224,28.551560215007097,13.913600883786668
121030265023,1.4050870246022862,12.793823762776,28.31796925797479,22.55594734959433,27.489861229081235,7.776222324141907,17.779822670881806,28.023585437235592,29.791110915184557,4.63109022788282,28.553250035540145,22.92140294322968,27.149994047809308,3.851294320623608,1.1130163511137297,6.996309535611762,21.114881594583576,8.571495850803887,29.277078557244742,13.555381401668022,13.548679469247077,2.063052656087122,13.572988688294634,27.62398525970736,12.669680141349987
121030264022,2.1850274773764062,13.768868090154202,28.817697295577908,23.05567538719744,27.989589266684348,8.824000102517832,18.82760044925773,28.523313474838712,30.290838952787663,3.5921713332560525,29.052978073143265,23.4211309808328,27.649722085412424,2.8123754259968394,1.6127443887168469,5.957390640984993,21.61460963218669,7.532576956177115,29.776806594847866,14.530425729046224,14.523723796625283,2.562780693690239,14.54803301567284,28.123713297310477,13.64472446872819
121030264011,3.066544528464915,14.650385141242708,28.676571784829058,22.914549876448586,27.84846375593549,9.705517153606335,19.70911750034624,28.382187964089848,30.149713442038813,2.7049633106719275,28.911852562394408,23.280005470083942,27.508596574663564,1.925167403412716,2.494261439805356,5.07018261840087,21.47348412143783,6.645368933592993,29.635681084099,15.41194278013473,15.40524084771379,2.421655182941383,15.429550066761347,27.982587786561613,14.526241519816695
121030265012,2.043610896540555,13.432347634714269,28.408443389140263,22.646421480759788,27.580335360246696,8.414746196080175,18.41834654282007,28.114059568401053,29.88158504635002,3.992566355944553,28.643724166705606,23.011877074395144,27.24046817897477,3.2127704486853403,1.2034904822791896,6.357785663673496,21.20535572574904,7.932971978865618,29.367552688410207,14.193905273606289,14.187203341185349,2.153526787252582,14.211512560232904,27.71445939087282,13.308204013288256
121030267043,5.044656310884343,10.989121541297637,26.052207786213728,20.29018587783325,25.224099757320168,3.580385967286446,14.263879755740202,25.757823965474525,27.525349443423487,9.19520253339063,26.287488563779075,20.655641471468616,25.115094542631272,8.415406626131416,4.003461556159956,11.560421841119568,18.849120122822505,13.135608156311692,27.01131708548367,13.593856382329598,13.587154449908654,4.089349193386493,12.60626497379569,25.35822378794629,12.70815512201157
121030268162,9.243447267082203,14.595246596675873,29.436029900665936,23.67400799228546,28.607921871772373,3.2060151636455045,14.808321411047874,29.141646079926737,30.90917155787569,13.273060934247184,29.671310678231286,24.039463585920824,28.498916657083484,12.493265026987975,8.202252512357818,15.61192110707721,22.23294223727471,17.187107422269335,30.395139199935883,17.199981437707834,17.193279505286892,8.150636501413084,16.212390029173925,28.742045902398495,16.314280177389808
121030273163,15.872231116477415,4.81381014064555,39.28265676055215,33.52063485217165,38.45454873165858,12.76204796865752,1.0308812999575774,38.98827293981295,40.7557984177619,20.592353613432945,39.51793753811751,33.886090445807014,38.34554351696968,20.34803579882034,16.188290621576385,23.493208326352224,32.0795690971609,24.00917744318276,40.241766059822105,4.041441236079369,4.048143168500314,16.274178258802927,4.000382570637198,38.5886727622847,4.903691117581848
121030253072,12.163156288238952,21.8780816762619,23.93748623912865,18.17546433074816,22.86107813227519,18.792302572853284,27.505660756528687,22.82975646711145,25.4106278963384,6.662216265308325,24.172767016694,18.540919924383516,21.27913134997302,7.440820658063249,11.591750514823127,4.030474368870442,16.73439857573742,2.4656020133883567,24.89659553839859,22.456789599307296,22.450087666886358,11.50457584487651,22.474396885933917,23.243502240861208,21.618973809478355
121030253112,11.270839262118916,21.775506030717963,23.04516921300861,17.28314730462812,22.21706118411505,17.89998554673325,27.403085110984755,22.655057568802626,24.518310870218368,6.299379662791117,23.28044999057396,17.64860289826348,21.1044324516642,6.548503631943214,10.69943348870309,3.138157342750407,15.84208154961738,2.363026367844421,24.004278512278557,22.35421395376336,22.34751202134241,10.612258818756471,22.371821240389977,22.351185214741168,21.516398163934426
121030250211,10.275144728502148,21.33492429540651,21.422426525757896,15.660404617377402,20.59431849686434,16.277242859482538,26.28084320622245,21.1280427050187,22.89556818296765,7.11321456003998,21.65770730332325,16.025860211012766,19.69192698096519,7.362338529192076,9.105999804301142,3.9519922399992695,14.21933886236666,3.985769055095141,22.381535825027846,22.09648193429854,22.0897800018776,8.989516131505752,22.114089220925155,20.72844252749045,21.210780673980494
121030250124,12.460642787725954,23.52042235463029,18.91882889846645,13.843901447417982,16.751842047762082,18.46274091870633,28.46634126544624,16.720520382598338,19.388049024309893,11.560168635857394,19.15410967603181,13.43354020154712,15.169895265459903,11.809292605009489,11.291497863524947,8.398946315816683,10.96072337431305,8.447353453300625,19.492748471838237,24.281979993522327,24.275278061101385,11.175014190729552,24.29958728014894,18.7262660441233,23.396278733204284
121030254122,6.55991401289531,15.566120565513303,22.23859925045603,16.476577342075554,21.410491221562463,9.04111334191405,19.692380242783592,21.94421542971683,23.711740907665785,5.749906007138316,22.473880028021377,16.842032935710915,21.30148600687357,5.9945593194864175,5.013581476889732,6.764822136553188,15.035511587064809,8.340008451745314,23.19770854972597,18.11845853262392,18.111756600202977,4.043517119036457,17.183263998011356,21.544615252188585,17.2327572723059
121030268163,8.485712533276239,11.965768819711874,30.43729977351426,24.675277865133783,29.609191744620706,0.8073305492288226,12.131683919352843,30.142915952775056,31.910441430724013,13.214568053483031,30.672580551079616,25.040733458769147,29.500186529931806,12.43477214622382,8.022827076252366,15.579787361211968,23.23421211012304,17.15497367640409,31.39640907278421,14.775371530732295,14.768669598311352,8.108714713478902,13.556461877548474,29.743315775246817,13.88967027041426
121030260032,9.86538965179757,19.075622550039125,35.59434758922451,29.832325680844043,34.71919682927374,16.51668585868204,24.703201630305912,34.626343972720605,36.64253732567228,7.756319457829211,35.82962836678986,30.19778127447939,33.13725004697158,7.5120016432166015,9.314713015874707,10.675649775550566,28.39125992583329,10.66261102995453,36.55345688849445,19.654330473084524,19.647628540663572,9.465032236946428,19.67193775971113,34.90036359095708,18.81651468325558
121030250201,11.256751472282648,20.262958024900648,19.209435452637784,13.447413544257302,18.381327423744228,14.38561735543103,24.389217702170946,18.91505163189859,20.682577109847543,10.366965780707776,19.444716230203134,13.812869137892664,17.37581620265419,10.616089749859874,9.71041893627707,7.205743460667065,11.934993667565642,7.254150598151009,20.16854475190774,22.815295992011272,22.80859405959033,8.740354578423798,21.880101457398705,18.515451454370343,21.92959473169325
121030255101,5.917851997102408,17.501692609880195,26.14183510858929,20.379813200208822,25.31372707969573,12.556824622243834,22.56042496898373,25.84745128785009,27.614976765799053,2.0215855934400078,26.377115886154648,20.745268793844183,24.908605711324945,2.270709562592104,5.345568908442848,2.226787298953519,18.93874744519808,3.801973614145644,27.10094440785924,18.26325024877222,18.256548316351275,5.271936503053214,18.28085753539883,25.447851110321853,17.377548988454187
121030273291,19.322817360278943,9.795907807014858,42.32462612895578,36.56260422057531,41.49651810006222,12.694656904670346,9.947645089039847,42.03024230821658,43.79776778616554,24.674409058076368,42.55990690652112,36.92805981421068,41.38751288537333,23.89461315081716,19.48266808084569,27.039628365805296,35.12153846556457,28.61481468099743,43.28373542822574,12.672077320435928,12.665375388014985,19.56855571807223,11.372423047235474,41.63064213068834,11.809644256841604
121030273281,18.656509718049413,9.129600164785332,41.65831848672626,35.89629657834579,40.83021045783271,12.02834926244082,9.28133744681032,41.36393466598706,43.13146014393601,24.00810141584684,41.89359926429161,36.26175217198116,40.72120524314381,23.228305508587628,18.81636043861616,26.37332072357577,34.45523082333505,27.9485070387679,42.61742778599621,12.005769678206402,11.999067745785458,18.9022480758427,10.70611540500595,40.964334488458825,11.143336614612076
121030255103,6.485129496933797,18.068970109711596,24.98140161824457,19.2193797098641,24.153293589351005,13.124102122075222,23.127702468815126,24.68701779750537,26.45454327545432,3.098518515470084,25.216682395809915,19.584835303499457,23.748172220980223,3.347642484622181,5.912846408274237,1.6787074842706136,17.778313954853353,3.2711420916978557,25.94051091751452,18.83052774860361,18.82382581618267,5.839214002884603,18.848135035230225,24.287417619977127,17.944826488285585
121030201092,31.169918863160376,39.38589713860541,5.660348199582623,11.389574744082612,3.206957960596243,32.001449871864985,42.68494366031878,2.67802085596755,3.051579302007228,30.35991085740338,5.895628977147976,8.40046149835003,4.012341389836254,30.60456416975148,29.623586327154797,27.31174809983441,10.873278325584096,27.29422549401978,4.763800811977964,41.93823510571605,41.93153317329511,28.65352196930151,41.00304057110348,7.6908616904965665,41.05253384539802
121030273092,27.899026640916144,18.372117087652057,50.90083540959297,45.1388135012125,50.0727273806994,21.27086618530755,16.32122652195191,50.60645158885377,52.37397706680272,33.25061833871357,51.13611618715832,45.50426909484786,49.96372216601051,32.470822431454366,28.058877361482896,35.61583764644249,43.69774774620176,37.19102396163463,51.85994470886292,17.903476865427095,17.910178797848037,28.144764998709437,17.862418199984926,50.20685141132552,18.76572674692957
121030255091,6.398400006908389,17.982240619686188,24.89467212821916,19.132650219838688,24.0665640993256,13.037372632049816,23.040972978789725,24.60028830747996,26.367813785428915,3.1852480054954917,25.129952905784517,19.49810581347405,23.66144273095481,3.434371974647589,5.82611691824883,1.7654369742960203,17.691584464827944,3.3578715817232623,25.853781427489103,18.743798258578213,18.737096326157264,5.752484512859196,18.761405545204823,24.20068812995172,17.858096998260176
121030273332,20.822580096709697,11.295670543445612,43.82438886538652,38.06236695700605,42.99628083649296,14.194419641101096,11.447407825470602,43.53000504464732,45.29753052259628,26.17417179450712,44.05966964295187,38.42782255064142,42.88727562180408,25.394375887247904,20.982430817276448,28.53939110223605,36.62130120199532,30.114577417428176,44.78349816465648,14.171840056866682,14.165138124445738,21.06831845450298,12.872185783666229,43.13040486711908,13.309406993272354
121030273301,13.889954814874308,2.937773373835101,37.29690209605143,31.534880187670936,36.46879406715786,11.03159882306882,3.7352840550250623,37.00251827531223,38.770043753261184,18.716316846622497,37.53218287361678,31.90033578130629,36.35978885246895,18.47199903200989,14.202535957075666,21.617171559541777,30.093814432660174,22.1331406763723,38.25601139532137,3.424000077027205,3.417298144606261,14.288423594302202,2.1243458038267504,36.602918097783984,3.0276543507714
121030273302,13.007611450640583,2.0759352813929675,36.4145587318177,30.65253682343721,35.58645070292413,10.120064067751828,4.64681881034205,36.1201749110785,37.887700389027465,18.071591114516703,36.64983950938305,31.017992417072566,35.47744548823524,17.7321376628134,13.32019259284194,20.877152877801542,29.21147106842646,21.488414944266506,37.37366803108765,4.335534832344193,4.328832899923248,13.406080230068476,3.035880559143737,35.72057473355026,3.9391891060883872
121030254211,6.617852540944189,14.724826543193252,22.28986285598275,16.527840947602275,21.461754827089187,7.340379276452849,18.023873064906617,21.995479035243548,23.76300451319251,9.19668031231464,22.525143633548105,16.893296541237635,21.3527496124003,8.416884405055427,5.0443202373338085,9.219803729907223,15.08677519259153,10.192554185742532,23.248972155252694,17.277164510303887,17.27046257788294,4.074255879480531,16.34196997569131,21.595878857715316,16.391463249985854
121030245073,11.55502134967137,19.66199535192043,21.48828031345262,15.72625840507216,20.66017228455906,12.277548085180031,22.96104187363379,21.19389649271342,22.96142197066237,12.248070662649733,21.723561091017974,16.091713998707515,20.551167069870164,12.49272397499784,9.98148904606099,9.199907905080767,14.285192650061408,10.172658360916078,22.447389612722564,22.21433331903107,22.20763138661012,9.011424688207711,21.279138784418485,20.794296315185186,21.32863205871303
121030273193,13.95671704807238,7.994172963625542,36.95852581674924,31.19650390836876,36.13041778785568,7.328556592463786,8.145910245650532,36.66414199601004,38.43166747395899,19.30830874586981,37.19380659431457,31.56195950200412,36.02141257316678,18.5285128386106,14.11656776863913,21.673528053598748,29.755438153358007,23.248714368790875,37.91763511601918,10.870342477046613,10.863640544625666,14.202455405865669,9.570688203846156,36.2645418184818,10.007909413452284
121030255081,6.117563877289014,17.17734344419337,22.74620357316117,16.984181664780706,21.91809554426762,12.1196620082694,22.12326235500931,22.451819752421976,24.219345230370934,5.297578824512153,22.98148435072653,17.349637258416067,21.51297417589683,5.542232136860256,4.94841895308801,3.370441529073519,15.543115909769968,4.343191984908831,23.70531287243113,17.938901083085398,17.93219915066446,4.831935280292618,17.95650836971201,22.052219574893734,17.05319982276736
121030268212,10.359718558246431,4.246089589899189,33.696477738334366,27.934455829953876,32.86836970944079,8.222949461326172,7.520847804341755,33.40209391759516,35.169619395544125,15.793852576589272,33.93175851589972,28.299911423589236,32.7593644947519,15.014056669330058,10.602111599358595,18.15907188431821,26.493390074943125,19.698910024747523,34.65558703760431,7.055692300919611,7.048990368498666,10.687999236585137,5.863233022397241,33.00249374006692,6.169991040601574
121030268204,8.933106218442843,4.768914447536381,32.26986539853077,26.50784349015029,31.4417573696372,7.001900072061722,8.04367266197895,31.97548157779156,33.743007055740534,14.367240236785689,32.505146176096126,26.87329908378565,31.332752154948302,13.587444329526477,9.175499259555012,16.732459544514622,25.06677773513953,18.272297684943933,33.22897469780072,7.578517158556804,7.571815226135859,9.26138689678155,6.386057880034433,31.575881400263324,6.692815898238767
121030268202,8.403406883296755,5.298613782682471,31.740166063384677,25.978144155004195,30.912058034491118,6.472200736915633,8.57337199712504,31.44578224264547,33.21330772059444,13.837540901639594,31.975446840950024,26.34359974863956,30.803052819802225,13.057744994380386,8.645799924408921,16.20276020936853,24.53707839999345,17.74259834979785,32.699275362654625,8.108216493702892,8.10151456128195,8.73168756163546,6.915757215180523,31.046182065117232,7.222515233384858
121030275032,20.50193900742401,10.944354220668254,46.76591441553184,41.00389250715134,45.937806386638265,21.219259233115967,9.942448547583854,46.47153059479264,48.2390560727416,23.98472125308949,47.00119519309719,41.369348100786695,45.82880117194937,23.74040343847688,21.46036742826341,26.885575966008773,39.56282675214057,27.40154508283929,47.725023714801786,8.266274584374484,8.272976516795428,22.4104037332368,9.345124139177218,46.07193041726439,8.9311711262948
121030275033,21.56734988704238,12.00976510028662,47.8313252951502,42.0693033867697,47.00321726625664,22.284670112734336,11.007859427202218,47.536941474411,49.30446695235996,25.05013213270785,48.06660607271556,42.43475898040506,46.894212051567735,24.805814318095244,22.525778307881776,27.950986845627146,40.628237631758935,28.466955962457664,48.79043459442015,9.331685463992848,9.338387396413792,23.47581461285517,10.41053501879558,47.13734129688275,9.996582005913163
121030272072,11.50948395258725,1.9524525212847823,38.61984431704702,32.85782240866652,37.79173628815344,13.4278690912194,5.9958563460813865,38.3254604963078,40.09298597425675,15.67526403779823,38.85512509461236,33.22327800230189,37.68273107346454,15.430946223185622,12.467912373426651,18.576118750717512,31.41675665365577,19.092087867548045,39.57895361631693,0.9469851888599964,0.9402832564390524,13.417948678400045,0.9645924754866104,37.92586031877956,0.0612839285419606
121030271081,5.197013799597675,8.143027419969837,33.6921864739654,27.9301645655849,32.864078445071826,9.262834211875733,13.41460310785173,33.397802653226194,35.16532813117515,9.134107228681634,33.927467251530736,28.295620159220267,32.755073230382926,8.413499651529674,6.759711888928729,11.558514866517829,26.48909881057416,12.96929271031585,34.65129577323534,8.904585058861862,8.897883126440917,7.709748193902121,8.922192345488474,32.99820247569794,8.018883798543827
121030269141,5.123083494739274,8.298220087356693,33.12524159867125,27.36321969029076,32.29713356977768,9.045902396555649,13.569795775238587,32.830857777932046,34.59838325588101,9.060176923823228,33.3605223762366,27.728675283926123,32.18812835508878,8.33956934667127,6.21698569805269,11.484584561659425,25.922153935280008,12.895362405457446,34.0843508979412,9.059777726248717,9.05307579382777,7.167022003026082,9.07738501287533,32.43125760040379,8.17407646593068
121030272102,11.728447104880775,2.3073435029281884,38.97473529869041,33.21271339030992,38.14662726979684,13.782760072862803,7.934922583194976,38.6803514779512,40.44787695590015,13.688312330195547,39.21001607625576,33.57816898394529,38.037622055107946,13.44399451558294,12.822803355070056,16.58916704311483,31.77164763529917,17.105136159945356,39.93384459796034,2.886051425973585,2.879349493552641,13.772839660043449,2.9036587126002,38.28075130042296,2.048235636144641
121030272075,11.804101885977554,0.7999287976989783,36.76249202238868,31.00047011400821,35.9343839934951,11.313252052651295,5.0990105304574405,36.46810820164946,38.235633679598415,16.795584630822713,36.99777279995403,31.36592570764357,35.82537877880622,16.551266816210102,12.44814585104765,19.696439343742,29.559404358997448,20.21240846057252,37.7216013216586,3.2254190452043634,3.21871711278342,12.534033488274188,1.925764772003909,36.06850802412122,2.813665247525722
121030275041,17.996724293085872,8.43913950633012,44.26069970119371,38.4986777928132,43.43259167230014,18.71404451877783,7.437233833245718,43.96631588045451,45.73384135840347,21.47950653875135,44.495980478759066,38.86413338644857,43.32358645761124,21.23518872413874,18.955152713925276,24.38036125167064,37.05761203780245,24.89633036850116,45.21980900046365,5.761059870036351,5.767761802457295,19.905189018898664,6.839909424839082,43.56671570292627,6.425956411956664
121030272074,11.368454489043891,0.3264570135113276,37.340948552307694,31.57892664392721,36.51284052341412,11.891708582570296,6.171148454114455,37.04656473156847,38.814090209517424,15.669198819612408,37.57622932987304,31.944382237562568,36.40383530872522,15.4248810049998,12.326882909883292,18.57005353253169,30.137860888916453,19.08602264936222,38.30005785157762,2.5724273411801653,2.5657254087592216,13.112490018193192,1.8050172629419416,36.646964554040224,1.6872794363154162
121030276043,11.830031751158316,21.040264649399877,33.86391681600048,28.10189490762001,32.631283442350345,18.48132795804279,26.667843729666664,32.53843058579721,34.55462393874889,9.720961557189955,34.09919759356583,28.46735050125536,31.049336660048176,9.476643742577346,11.279355115235452,9.58219057566122,26.66082915260926,8.870615016839,34.82302611527042,21.61897257244527,21.612270640024327,11.429674336307173,21.636579859071883,33.16993281773303,20.781156782616325
121030269161,5.763627854250576,6.297444206291544,30.72201799066169,24.95999608228122,29.89390996176813,6.615917732966201,11.144455220341303,30.427634169922484,32.19515964787145,11.452727328590012,30.95729876822704,25.32545167591658,29.784904747079235,10.713834435094956,6.407671819320671,13.858849650083114,23.518930327270464,15.434035965275235,31.681127289931634,8.849782173402168,8.843080240981225,6.493559456547209,7.914587638789595,30.02803399239425,7.964080913084138
121030203011,33.21865891639782,41.43463719184281,4.982698792224714,11.091953159666987,7.139849840714705,34.05018992510244,44.73368371355618,7.160346865303448,4.48632143205317,32.408650910640816,4.764021490827426,11.951088522384984,8.722060119959583,32.65330422298892,31.672326380392235,29.36048815307185,13.661432965610436,29.7678939165997,4.528972098503159,43.98697515895344,43.98027322653251,30.702262022538957,43.05178062434087,5.114129651313911,43.10127389863543
121030202092,34.61544659133197,42.83142486677695,7.642256376992427,13.958936083561042,6.645041356874173,35.44697760003657,46.1304713884903,6.665538381462915,5.7654929310598,33.805438585574976,7.42532583670305,11.845989226521596,8.22725163611905,34.050091897923075,33.06911405532638,30.75727582800601,14.318806053755669,31.164681591533864,7.188529683270874,45.38376283388758,45.37706090146664,32.09904969747311,44.44856829927501,8.75843885376696,44.49806157356954
121030202093,35.29040948794688,43.50638776339187,6.847024024647441,13.163703731216051,7.440273709219159,36.12194049665148,46.80543428510523,7.460770733807903,6.3506466644758985,34.48040148218988,6.630093484358063,12.641221578866585,9.022483988464035,34.725054794537975,33.744076951941295,31.43223872462092,15.114038406100656,31.83964448814877,6.393297330925888,46.0587257305025,46.05202379808157,32.77401259408803,45.123531195889925,7.96320650142197,45.17302447018448
121030236011,29.4825062127587,37.6984844882037,4.787420350426983,7.355800456027857,7.35485647803949,30.314037221463305,40.99753100991707,7.888580686193847,7.229573385937689,28.67249820700169,4.048070546271439,8.281245533463174,7.868248419965392,28.9171515193498,27.936173676753118,25.62433544943273,9.925280261971308,26.031741212960583,5.682483649408169,40.25082245531433,40.24412052289339,26.96610931889984,39.31562792070176,2.219959067835411,39.36512119499631
121030286021,29.53667098882148,37.75264926426646,2.8413719151416803,7.409965232090642,5.408808042754185,30.36820199752609,41.05169578597983,5.942532250908543,5.283524950652386,28.72666298306448,2.102022110986136,8.333950435428783,5.922199984680089,28.97131629541258,27.99033845281589,25.678500225495515,9.9794450380341,26.08590598902337,3.736435214122865,40.30498723137709,40.29828529895615,27.020274094962623,39.36979269676453,1.432141723737567,39.41928597105907
121030245192,22.20370340635098,30.41968168179597,13.31412267407098,7.499601404388402,14.753229466446305,23.035234415055573,33.71872820350934,15.286953674600664,15.631873317098105,21.393695400593973,12.57477286991544,10.18477118059475,15.265659431135866,21.638348712942083,20.6573708703454,18.345532643025,9.60342767852768,19.226865320143794,14.273231973340936,32.97201964890662,32.96531771648567,19.687306512492118,32.03682511429403,10.784514630372763,32.08631838858857
121030273331,19.484899736062506,9.95799018279842,42.486708504739326,36.72468659635887,41.65860047584578,12.856739280453905,10.10972746482341,42.19232468400013,43.959850161949085,24.836491433859926,42.72198928230468,37.09014218999423,41.549595261156895,24.056695526600716,19.644750456629257,27.20171074158885,35.283620841348124,28.776897056780985,43.44581780400929,12.83415969621949,12.827457763798543,19.73063809385579,11.534505423019036,41.7927245064719,11.97172663262516
121030269131,5.215669575559428,7.7230042590365455,29.2914872797598,23.529465371379324,28.46337925086624,5.212148077644203,11.849263936306844,28.99710345902059,30.764628936969554,10.561648962457792,29.526768057325143,23.894920965014684,28.35437403617734,9.78185305519858,5.369907985227119,12.926868270186729,22.088399616368577,14.502054585378856,30.25059657902974,10.275342226147176,10.268640293726232,5.455795622453656,9.340147691534602,28.597503281492347,9.389640965829146
121030224011,24.159695516520724,35.21947508342505,9.950803881887904,14.037966271393264,7.781653732628081,28.292235663739454,38.9757294521932,7.688800876074934,9.704994229026598,23.124061787788328,10.186084659453256,10.265714165304608,6.199706950325906,23.37318575694043,22.99055059231972,19.962839467747607,10.606755536133656,19.35410968152837,10.52472345525968,35.98103272231709,35.97433078989614,22.87406691952432,35.9986400089437,11.017066296250508,35.095331461999045
121030279054,26.883644509387945,37.56866162458202,12.674752874755129,16.761915264260487,10.505602725495304,31.01618465660668,41.699678445060414,10.41274986894216,12.428943221893825,22.17211282640936,12.910033652320482,12.989663158171831,8.923655943193133,22.42123679556145,25.71449958518694,19.010890506368657,13.33070452900088,18.15618196170849,13.248672448126907,38.147369547627406,38.14066761520646,25.598015912391546,38.16497683425403,13.741015289117732,37.30955375779848
121030281042,26.375435931235423,36.79915648767064,10.630138354181168,15.160439828584042,7.384166077344953,29.414709220930227,40.098203009384,6.850441869190598,8.866635222142264,25.33980220250304,10.865419131746522,11.388187722495386,6.866567541017747,25.58892617165514,25.206291007034416,22.17857988246232,11.729229093324433,22.04599371832536,10.16181067484978,38.1967731370318,38.19007120461086,25.089807334239023,38.214380423658426,12.139539853441288,37.31107187671376
121030281021,25.662496222345062,36.01821286659822,8.351458324583135,13.659870490488906,5.105486047746919,28.633765599857828,39.31725938831157,4.571761839592563,6.58795519254423,24.62686249361268,8.586739102148488,9.899299238993953,4.587887511419714,24.87598646276477,24.493351298144056,21.46564017357196,10.240340609822994,21.333054009435,7.883130645251748,37.48383342814144,37.47713149572049,24.376867625348662,37.50144071476805,10.39855960227224,36.5981321678234
121030284032,28.32767109576595,37.92709171953986,7.891817498230017,13.621044042730006,5.4336231502047125,30.542644452799443,41.22613824125322,4.899898942050356,5.287760179323137,27.29203736703356,8.127098275795369,10.244881643096036,4.916024613877507,27.541161336185656,27.15852617156494,24.130815046992847,10.58592301392508,23.998228882855884,6.995270110625356,40.14900830156231,40.14230636914137,26.813303823658043,39.54423515203791,9.92233098914396,39.26330704124428
121030280051,29.793085924320632,40.21680648075587,14.04778834726638,18.57808982166925,10.801816070430167,32.83235921401544,43.51585300246924,10.268091862275812,11.39894799373636,27.783551496268085,14.283069124831734,14.805837715580598,10.28421753410296,28.032675465420187,28.623941000119625,24.622329176227375,15.146879086409648,23.76762063156722,13.11555884986452,41.61442313011703,41.60772119769611,28.507457327324232,41.63203041674367,15.5571898465265,40.728721869799
121030249041,17.893939203133826,26.48346067589508,13.634129152572646,7.872107244192168,12.806021123679086,19.09901340915468,29.78250719760845,13.1394619184822,15.1072708097824,17.00415351155895,13.869409930137996,7.790712316859719,11.58386990943442,17.253277480711056,16.34760666712825,13.842931191518252,5.317895489625652,13.891338329002194,14.593238451842597,29.03579864300572,29.02909671058477,15.377542309274984,28.100604108393146,12.940145154305208,28.15009738268769
121030250182,20.26690351505807,29.273110067676075,12.11459779288529,8.326396792848254,9.947610942180924,22.117021310539865,32.80051509899364,9.916289277017178,12.583817918728734,19.377117823483204,12.349878570450649,5.773592949523998,8.365664159878746,19.62624179263529,18.720570979052493,16.215895503442507,4.53146026706133,16.26430264092645,12.68851736625707,31.8254480347867,31.818746102365758,17.750506621199218,30.89025350017413,11.922034938542136,30.939746774468677
121030249072,19.23746336928036,27.453441644725363,12.012346367572896,6.250324459192424,11.184238338679338,20.06899437798497,30.752488166438727,11.517679133482453,13.485488024782654,18.42745536352338,12.24762714513825,6.168929531859972,9.962087124434673,18.67210867587147,17.691130833274787,15.379292605954396,3.696112704625905,15.786698369482252,12.971455666842846,30.005779611836,29.99907767941505,16.721066475421512,29.070585077223427,11.318362369305458,29.120078351517968
121030249081,20.307720372902264,28.523698648347263,9.756353140373903,3.9943312319934297,8.928245111480347,21.139251381606872,31.822745170060628,9.461969319634704,11.229494797583662,19.49771236714528,9.991633917939255,4.359786825628789,9.440675076169908,19.74236567949338,18.76138783689669,16.449549609576316,3.1769520126928223,16.856955373104167,10.715462439643852,31.076036615457905,31.06933468303696,17.79132347904341,30.140842080845328,9.062369142106464,30.190335355139872
121030221012,26.503896829248184,34.719875104693166,4.415766220232121,7.103215812708641,2.252570215264359,27.335427837952796,38.01892162640653,2.2324357559646386,4.906098623925898,25.693888823491186,4.651046997797475,3.734439464437824,1.9959802271317164,25.93854213583929,24.957564293242605,22.645726065922226,6.207256291671894,22.636903989450403,4.9896857936039,37.27221307180381,37.26551113938287,23.987499935389327,36.337018537191234,4.300171686218502,36.38651181148577
121030221021,27.03991905167525,35.25589732712026,3.8759590699414863,7.636129695378755,1.712763064973725,27.871450060379857,38.55494384883362,1.6926286056740052,4.366291473635263,26.22991104591825,4.11123984750684,4.270461686864892,1.4561730768410817,26.474564358266356,25.493586515669666,23.18174828834929,6.74327851409896,23.174938868046794,4.449878643313265,37.8082352942309,37.80153336180995,24.523522157816387,36.87304075961833,4.532277350562812,36.92253403391287
121030246041,21.89779025674217,30.11376853218717,7.5255547237748255,2.0792039369977755,6.865534376707777,22.72932126544677,33.41281505390052,7.399258584862134,8.843077518034523,21.087782250985168,7.760835501340178,2.2970760908562182,7.377964341397336,21.33243556333327,20.351457720736583,18.039619493416208,1.7157325887891484,18.44702525694406,8.484664023044768,32.6661064992978,32.65940456687686,19.38139336288331,31.730911964685227,6.831570725507384,31.78040523897977
121030242011,22.938405536044502,31.154383811489517,5.962867186402935,1.281386142875504,7.858912383843204,23.769936544749115,34.453430333202874,8.392636591997562,8.259707648275358,22.128397530287504,6.19814796396829,3.349787771318502,8.371342348532762,22.37305084263561,21.392073000038923,19.080234772718544,3.381179585257136,19.4876405362464,6.921976485672886,33.70672177860014,33.7000198461792,20.422008642185645,32.77152724398758,5.166123729039395,32.82102051828212
121030218003,27.5788399159807,35.79481819142571,1.8926952600239784,5.967902555709935,2.889882347792464,28.410370924685303,39.09386471313906,3.4236065559468214,3.056868709404271,26.7688319102237,2.1279760375893324,5.471544372590956,3.403274289718368,27.0134852225718,26.032507379975115,23.720669152654743,7.944361199825026,24.12807491618259,2.473411307353482,38.347156158536336,38.34045422611539,25.062443022121844,37.411961623923766,2.580836222269353,37.46145489821831
121030246031,22.21501086351571,30.43098913896072,6.583502399835632,1.1371516130585846,7.793457511446179,23.04654187222032,33.73003566067407,8.327181719600535,8.373778118727236,21.405002857758717,6.818783177400985,3.237420700009933,8.305887476135737,21.649656170106816,20.66867832751013,18.356840100189757,2.6577849127283386,18.76424586371761,7.54261169910558,32.98332710607134,32.9766251736504,19.69861396965685,32.04813257145877,5.889518401568191,32.09762584575332
121030246032,23.063701615550396,31.2796798909954,5.734811647800947,1.4738278907305398,7.092787987430748,23.895232624255005,34.57872641270876,7.626512195585105,7.525087366692549,22.253693609793395,5.9700924253663,2.5367511759945014,7.605217952120308,22.498346922141494,21.51736907954481,19.205530852224435,3.5064756647630246,19.61293661575229,6.693920947070894,33.83201785810603,33.82531592568509,20.54730472169154,32.896823323493464,5.6047435765041085,32.94631659778801
121030242012,23.11616273605262,31.332141011497622,5.728432560196955,1.4591433428836174,7.117913014656404,23.947693744757224,34.63118753321099,7.65163722281076,7.518708279088559,22.306154730295624,5.963713337762311,2.608788402131704,7.630342979345964,22.55080804264372,21.56983020004704,19.257991972726657,3.55893678526525,19.665397736254512,6.687541859466904,33.88447897860826,33.87777704618732,20.59976584219376,32.949284443995694,5.522153188304903,32.998777718290235
121030201091,29.65295521437071,37.868933489815696,4.135940218899304,9.865166763399298,1.682549979912924,30.484486223075315,41.16798001152905,1.703047004501666,1.5318828999924288,28.842947208613705,4.371220996464658,6.883497849560348,3.2647602591577995,29.08760052096181,28.106622678365124,25.794784451044748,9.356314676794415,26.202190214572603,3.239392831294645,40.42127145692633,40.41456952450539,27.13655832051185,39.48607692231376,6.166453709813248,39.53557019660831
121030218001,28.344206087524224,36.56018436296922,1.3416663572182506,6.957793423270505,1.904357480369588,29.17573709622883,39.8592308846826,2.4380816885239445,2.487342870677246,27.534198081767222,1.576947134783604,6.037137759882245,2.428967319726825,27.77885139411533,26.79787355151864,24.486035324198262,8.50995458711631,24.893441087726117,1.9038854686264568,39.11252233007987,39.10582039765893,25.82780919366536,38.17732779546727,3.401062774769433,38.22682106976183
121030231002,24.0502578500014,32.26623612544641,5.07896157012504,2.3932384568323983,6.8469308789573216,24.88178885870601,35.565282647159776,7.380655087111677,7.247726143389475,23.2402498442444,5.314242347690394,2.3378062664326205,7.35936084364688,23.484903156592505,22.50392531399581,20.19208708667544,4.493031899214032,20.59949285020329,6.03807086939499,34.81857409255704,34.8118721601361,21.53386095614254,33.88337955794448,4.565462319355775,33.93287283223902
121030235011,26.49273020478872,34.70870848023372,3.479305363437246,4.366024448057891,5.9414089818202,27.32426121349333,38.00775500194708,6.475133189974556,5.816125889718399,25.682722199031726,2.739955559281702,5.290009651396031,6.454800923746102,25.927375511379825,24.94639766878314,22.634559441462763,6.935504254001346,23.04196520499061,4.4384146627071965,37.26104644734435,37.25434451492341,23.976333310929867,36.325851912731785,1.6117990602951844,36.375345187026326
121030235012,27.428313621399543,35.64429189684454,2.9357434421780364,5.301607864668707,5.397847060560989,28.259844630104148,38.94333841855791,5.931571268715347,5.27256396845919,26.61830561564254,2.196393638022492,6.225593068006846,5.911239002486893,26.862958927990647,25.881981085393964,23.570142858073577,7.8710876706121615,23.97754862160144,3.894852741447987,38.19662986395517,38.18992793153424,24.91191672754069,37.2614353293426,0.9588510085807402,37.31092860363715
121030221023,26.45425021271372,34.90031571341768,4.925221473478704,9.091020102557064,2.762025468510943,27.515868446677267,38.199362235131005,2.741891009211223,5.415553877172481,25.418616483981328,5.16050225104406,5.725352094043205,1.8406485662491825,25.667740453133423,25.13800490196709,22.257394163940617,6.397863761910107,22.12480799980366,5.499141046850482,37.452653680528286,37.445951748107326,24.16794054411381,36.51745914591572,5.834903066717756,36.56695242021025
121030221022,27.107934500271405,35.55400000097536,4.271537185921017,8.43733581499938,2.108341180953256,28.16955273423496,38.853046522688686,2.088206721653536,4.761869589614793,26.07230077153901,4.506817963486371,5.071667806485519,1.851751192820612,26.32142474069111,25.79168918952478,22.9110784514983,7.051548049467795,22.778492287361345,4.845456759292795,38.10633796808596,38.09963603566501,24.8216248316715,37.1711434334734,5.181218779160067,37.22063670776793
121030215022,28.136753881695714,36.35273215714071,2.7748694057122845,6.010048124964884,5.336567629320085,28.968284890400323,39.65177867885407,5.870291837474444,5.211284537218286,27.32674587593872,2.03551960155674,6.934033328303024,5.849959571245989,27.571399188286826,26.59042134569013,24.27858311836976,8.579527930908338,24.68598888189761,3.6734777221105896,38.90507012425134,38.89836819183039,25.62035698783686,37.96987558963877,0.0322246166118085,38.01936886393332
121030215021,28.796254256800363,37.01223253224535,2.3739117152195024,6.669548500069536,4.938238843974318,29.62778526550497,40.31127905395872,5.471963052128675,4.814200835816979,27.98624625104336,1.6345619110639584,7.550603917421906,5.451630785900221,28.230899563391468,27.249921720794777,24.9380834934744,9.239028306012994,25.345489257002253,3.272520031617808,39.56457049935599,39.55786856693503,26.279857362941502,38.62937596474342,0.853993166004187,38.67886923903796
121030236013,28.70274497387827,36.91872324932328,3.588297319847212,6.576039217147428,6.09893794571875,29.53427598258288,40.21776977103664,6.632662153873107,5.97365485361695,27.89273696812127,2.848947515691668,7.500024420485568,6.612329887644653,28.137390280469376,27.156412437872685,24.844574210552302,9.145519023090886,25.25197997408016,4.515030023226126,39.4710612164339,39.46435928401297,26.18634808001941,38.53586668182133,0.9251431579126528,38.58535995611588
121030245181,22.684959807323555,30.900938082768565,13.795379075043565,7.980857805360986,15.23448586741889,23.516490816028163,34.19998460448192,15.768210075573249,16.113129718070688,21.874951801566564,13.056029270888024,10.666027581567334,15.74691583210845,22.11960511391466,21.138627271317976,18.826789043997582,10.084684079500263,19.70812172111637,14.75448837431352,33.45327604987919,33.44657411745825,20.1685629134647,32.518081515266616,11.265771031345349,32.56757478956116
121030257001,7.089290205698106,16.409639579129124,29.10484061878532,23.342818710404845,28.27673258989176,13.739601491184546,22.03721865939592,28.810456798046115,30.577982275995065,2.356402661031652,29.340121396350664,23.70827430404021,27.47419989979114,2.1120848464190427,6.528345777383574,4.186142805111368,21.9017529553941,4.173104059515333,30.06394991805526,16.988347502174523,16.981645569753578,6.454713371993941,17.00595478880114,28.410856620517876,16.150531712345575
121030215011,29.372522381282177,37.588500656727184,3.981494078677192,7.245816624551348,6.548930206289697,30.204053389986782,40.88754717844055,7.082654414444053,6.423647114187898,28.562514375525176,3.242144274521648,8.169801827889488,7.0623221482156,28.807167687873285,27.826189845276595,25.514351617956216,9.815296430494806,25.921757381484067,4.876557377658376,40.140838623837816,40.13413669141688,26.85612548742332,39.20564408922525,1.4140327960856205,39.2551373635198
121030279051,24.86460834266443,35.289697541509334,13.42769568478048,17.514858074285847,11.258545535520655,31.25971823699998,40.91727662177614,11.165692678967511,13.181886031919174,19.893148743336653,13.662976462345837,13.742605968197184,9.676598753218483,20.142272712488754,24.088475181818605,16.731926423295953,14.083647339026234,15.877217878635792,14.00161525815226,35.868405464554726,35.86170353213378,23.97199150902321,35.88601275118135,14.493958099143084,35.03058967472579
121030249052,17.48885987416936,25.704838149614385,14.058495970566772,8.296474062186299,13.230387941673207,18.32039088287396,29.003884671327736,13.764112149827572,15.531637627776528,16.670095291485467,14.293776748132125,8.536535936212488,12.32969352878719,16.919219260637565,15.942527338163782,13.508872971444756,6.063719108978422,13.5572801089287,15.017605269836718,28.257176116725013,28.25047418430407,14.972462980310503,27.32198158211244,13.364511972299333,27.37147485640698
121030244111,24.35695227111648,32.57293054656149,11.816141118564248,6.066301744129493,14.310633300268222,25.18848327982108,35.87197706827487,14.844357508422576,14.19857365683919,23.54694426535948,11.076791314408707,9.854236247471372,14.82306326495778,23.791597577707588,22.810619735110905,20.498781507790504,9.299914625342716,21.380114184909296,12.742873821943164,35.12526851367215,35.11856658125121,21.840555377257616,34.19007397905956,9.15493293260867,34.23956725335411
121030277042,22.56450641136276,31.884855784793768,21.28178843457263,20.670136900909423,19.11263828531281,29.214817696849188,37.51243486506057,19.019785428759658,21.035978781711325,17.335209277503413,21.517069212137983,17.144000467188715,17.530691503010637,17.587301052083696,22.003561983048225,15.489779120874717,16.87520037512249,14.184258977849009,21.85570800794441,32.463563707839164,32.456861775418226,21.92992957765859,32.481170994465785,22.28693364750233,31.625747918010223
121030272103,11.10246999499086,2.9333206128181044,38.48262128728129,32.720599378900815,37.65451325838772,13.29064606145371,8.560899693084894,38.18823746654208,39.95576294449104,13.062335220305632,38.71790206484663,33.08605497253619,37.54550804369882,12.818017405693023,12.330689343660962,15.963189933224909,31.27953362389009,16.47915905005544,39.441730586551216,3.512028535863501,3.505326603442557,13.280725648634355,3.529635822490115,37.78863728901384,2.674212746034557
121030279052,25.64367991536062,36.70345948226495,11.4347882807278,15.521950670233164,9.26563813146798,29.776220062579355,40.45971385103309,9.172785274914837,11.188978627866495,21.88605614738934,11.670069058293157,11.749698564144504,7.683691349165807,22.13518011654144,24.47453499115961,18.724833827348636,12.090739934973554,17.870125282688473,12.008707854099582,37.46501712115698,37.45831518873605,24.358051318364225,37.48262440778361,12.501050695090408,36.57931586083895
121030277012,24.31481102403397,33.63516039746497,19.531483821901418,18.919832288238208,17.362333672641594,30.941092215076548,39.26273947773178,17.26948081608845,19.285674169040117,19.08551389017463,19.76676459946677,15.3936958545175,15.780386890339418,19.33760566475491,23.75386659571944,16.413300401372506,15.124895762451278,15.558591856712347,20.1054033952732,34.21386832051038,34.20716638808944,23.653365487099787,34.23147560713699,20.53662903483113,33.37605253068143
121030250152,17.308308814791854,28.368088381696204,15.358260187226955,11.195091188860484,13.191273336522586,23.31040694577224,33.314007292512144,13.15995167135884,15.827480313070398,16.407834662923296,15.59354096479231,9.872971490307629,11.609326554220411,16.656958632075387,16.13916389059085,13.246612342882589,7.400154663073555,13.202412474608282,15.932179760598734,29.129646020588236,29.122944088167284,16.022680217795457,29.147253307214847,15.1656973328838,28.243944760270196
121030251093,18.57001547757432,29.333844104248843,16.745282079213467,14.935922478277403,14.578295228509104,24.96512537190987,34.96142318451563,14.546973563345365,17.21450220505691,13.59855587824654,16.98056285677882,11.409786044556697,12.996348446206932,13.84767984739864,17.7938823167285,10.437333558205832,11.140985952490473,10.304747394068873,17.31920165258525,29.91255202729424,29.905850094873298,17.677398643933103,29.930159313920853,16.552719224870312,29.0747362374653
121030251232,17.16609060185348,26.48643997528448,24.400860748986837,19.54947917066488,22.23387389828249,23.816401887339897,32.114019055551275,22.202552233118748,24.87008087483028,11.936793467994123,24.6361415265522,19.065364714330087,20.65192711598032,12.188885242574406,16.605146173538945,9.741325428295626,16.66630109755995,8.176453072813546,24.97478032235862,27.06514789832988,27.05844596590893,16.531513768149306,27.082755184956497,24.20829789464368,26.22733210850093
121030253052,10.371721703902203,21.13555033057673,23.756053994627827,17.994032086247337,22.927945965734263,17.01157164428735,26.763129410843497,23.36594235042184,25.229195651837586,5.400262104574401,23.991334772193177,18.35948767988269,21.81531723328342,5.6493860737264985,9.80031593048638,2.239039784533692,16.552966331236583,2.287446922017633,24.71516329389777,21.714258253622127,21.70755632120118,9.726683525096744,21.73186554024874,23.062069996360385,20.876442463793182
121030254152,8.86660878994649,17.872815342564486,20.45006179151621,14.688039883135737,19.621953762622645,11.99547467309487,21.99907501983478,20.15567797077701,21.923203448725967,8.056600784189499,20.685342569081563,15.0534954767711,19.51294854793376,8.301254096537601,7.320276253940918,4.953469383428809,13.246974128124991,5.926219839264121,21.40917109078616,20.42515330967511,20.41845137725416,6.350211896087642,19.48995877506254,19.75607779324877,19.539452049357084
121030268201,7.953375007264247,7.349614597802463,31.29013418735217,25.528112278971687,30.462026158458603,5.228785737233888,10.624372812245031,30.99575036661296,32.76327584456192,13.387509025607086,31.525414964917516,25.893567872607047,30.35302094376971,12.607713118347876,8.195768048376411,15.75272833333602,24.08704652396093,17.292566473765337,32.249243486622106,9.960566435461638,9.953864503040696,8.281655685602951,8.966758030300518,30.59615018908472,9.07486517514361
121030268192,5.383706169347676,13.49068017159674,24.125502907136863,18.36348099875639,23.297394878243303,5.533507832530642,16.789726693310097,23.83111908639766,25.598644564346618,7.962533940718126,24.360783684702216,18.728936592391747,23.18838966355441,7.182738033458914,3.810173865737295,10.30139411354815,16.922415243745643,11.876580428740278,25.08461220640681,16.04301813870737,16.036316206286426,2.8401095078840166,15.107823604094794,23.431518908869418,15.15731687838934
121030269112,4.527445628972834,8.411228205623141,28.603263333173206,22.84124142479273,27.775155304279643,4.52392413105761,12.537487882893435,28.308879512434,30.076404990382965,9.8734250158712,28.83854411073855,23.20669701842809,27.66615008959075,9.093629108611989,4.681684038640526,12.238644323600136,21.400175669781976,13.81383063879226,29.562372632443157,10.963566172733769,10.956864240312823,4.767571675867065,10.028371638121197,27.90927933490576,10.077864912415738
121030269121,5.722367053754027,9.364825552075091,27.67395429399205,21.91193238561158,26.845846265098498,3.044258323314025,12.63958376651766,27.379570473252848,29.147095951201813,10.45122257396082,27.909235071557404,22.27738797924694,26.7368410504096,9.671426666701612,5.259481596730154,12.816441881689762,20.470866630600828,14.391628196881888,28.633063593262,11.969560393107056,11.96285846068611,5.345369233956692,10.981968984573143,26.979970295724613,11.083859132789028
121030272084,10.907968557022029,1.148132845363199,35.86635869343316,30.10433678505268,35.03825066453958,10.465852009135734,5.995143859412963,35.57197487269395,37.33950035064289,16.32314830716353,36.1016394709985,30.46979237868804,34.92924544985069,15.707456690781036,11.552012522092127,18.852471905769185,28.66327103004193,19.87039143212402,36.82546799270308,4.047017200054692,4.040315267633748,11.637900159318663,2.7652762778612514,35.1723746951657,3.161869295189943
121030273211,23.73366384891376,14.206754295649676,46.73547261759057,40.9734507092101,45.90736458869701,17.105503393305167,13.58623867780028,46.44108879685137,48.20861427480032,29.085255546711192,46.97075339515592,41.338906302845466,45.79835937400813,28.30545963945198,23.89351456948051,31.450474854440124,39.532384954199365,33.02566116963224,47.69458191686053,15.168489021275468,15.175190953696411,23.97940220670705,15.127430355833294,46.04148861932313,16.030738902777944
121030276062,16.08475234472985,25.40510171816087,27.85231207351554,24.24237446857485,25.68316192425572,22.735063630216302,31.032680798427677,25.59030906770257,27.60650242065424,10.8554552108705,28.087592851080892,23.714524106131627,24.101215141953546,11.107546985450783,15.523807916415311,9.010025054241805,21.35919639546992,8.298449495419584,28.426231646887324,25.983809641206275,25.97710770878533,15.450175511025684,26.00141692783289,28.85745728644525,25.14599385137733
121030278012,22.183137417744557,32.60822661658945,16.10916660970036,16.556987385241776,13.94001646044054,28.57824731208011,38.23580569685625,13.847163603887392,15.863356956839056,17.211677818416785,16.344447387265713,13.030850951521066,12.358069678138364,17.46080178756888,21.40700425689873,14.050455498376074,12.76205085945484,13.195746953715908,16.683086183072138,33.18693453963484,33.18023260721389,21.290520584103344,33.20454182626146,17.17542902406296,32.3491187498059
121030281041,26.166304702286503,36.59002525872173,10.421007125232252,14.951308599635126,7.175034848396034,29.205577991981304,39.88907178043509,6.641310640241679,8.65750399319335,25.13067097355412,10.656287902797606,11.179056493546472,6.65743631206883,25.37979494270621,24.997159778085496,21.969448653513396,11.520097864375517,21.83686248937644,9.952679445900865,37.987641908082885,37.980939975661954,24.880676105290103,38.00524919470952,11.930408624492372,37.101940647764856
121030245121,18.79731933223205,27.01329760767705,11.635227237946244,5.873205329565764,10.807119209052685,19.628850340936648,30.312344129390407,11.340843417207044,13.108368895156,17.987311326475044,11.870508015511597,6.238660923201123,11.319549173742246,18.231964638823147,17.25098679622646,14.939148568906075,5.657317421134053,15.346554332433929,12.594336537216192,29.565635574787688,29.55893364236674,16.28092243837318,28.63044104017511,10.941243239678805,28.67993431446965
121030254123,5.602932854153319,14.598844044601252,25.150490687118356,19.388468778737888,24.322382658224797,8.721503375131636,18.725103721871545,24.85610686637916,26.62363234432811,7.313741445596973,25.38577146468371,19.753924372373245,24.2133774435359,6.630254871130019,4.046304955977676,8.328657575011848,17.94740302372714,9.903843890203971,26.109599986388307,17.15118201171187,17.14448007929093,3.0762405981244,16.215987477099297,24.456506688850915,16.265480751393838
121030207001,29.59019334927514,37.80617162472012,3.3437975748434083,9.201336068097293,1.6197881148173576,30.42172435797975,41.1052181464335,1.6402851394061,1.1075072149766074,28.78018534351814,3.695959282837791,6.820735984464781,3.2019983940622336,29.024838655866244,28.04386081326956,25.732022585949185,9.293552811698849,26.139428349477036,2.3846882755734597,40.35850959183077,40.35180765940983,27.07379645541628,39.42331505721821,5.502072393466759,39.472808331512745
121030274043,19.681190859907154,8.622769884075286,43.0916165039819,37.3295945956014,42.26350847508833,17.54496132156604,6.268150636033919,42.79723268324269,44.56475816119167,24.3326454187766,43.32689728154725,37.69505018923677,42.15450326039944,24.08832760416399,19.99725036500612,27.23350013169588,35.888528840590645,27.74946924852641,44.05072580325184,7.850400979509105,7.857102911930051,20.08313800223266,7.809342314066934,42.397632505714455,8.712650861011582
121030274044,20.672312572584257,9.792344070600144,44.26119069050676,38.499168782126254,43.43308266161318,18.714535508090894,7.437724822558779,43.966806869767545,45.73433234771652,24.155094818249736,44.4964714680721,38.8646243757616,43.324077446924285,23.91077700363713,21.166824551530983,27.05594953116902,37.0581030271155,27.57191864799955,45.2202999897767,8.436648149534742,8.443350081955687,21.25271218875752,8.978916500591792,43.5672066922393,9.101544691455054
121030274046,20.19069874454572,10.633113957789964,45.56390145615311,39.80187954777261,44.73579342725954,20.017246273737257,8.740435588205136,45.26951763541391,47.03704311336287,23.6734809902112,45.79918223371848,40.167335141407975,44.62678821257065,23.42916317559859,21.14912716538511,26.57433570313048,38.36081379276186,27.090304819961,46.523010755423066,7.955034321496195,7.961736253917139,22.09916347035852,9.033883876298926,44.86991745788566,8.619930863416508
121030274042,18.92000339639454,7.861582420562673,42.33042904046929,36.56840713208877,41.50232101157572,16.78377385805342,5.506963172521307,42.03604521973008,43.80357069767904,23.571457955263988,42.56570981803464,36.93386272572415,41.39331579688681,23.327140140651377,19.236062901493504,26.47231266818327,35.127341377078025,26.98828178501379,43.28953833973923,7.089213515996494,7.095915448417439,19.32195053872004,7.048154850554322,41.63644504220184,7.951463397498973
121030274045,20.193185694523656,10.635600907767904,45.13024362277767,39.36822171439717,44.30213559388411,19.58358844036182,8.306777754829698,44.83585980203848,46.60338527998743,23.675967940189132,45.36552440034303,39.73367730803253,44.1931303791952,23.431650125576525,21.15161411536305,26.57682265310841,37.92715595938642,27.092791769938938,46.08935292204762,7.957521271474136,7.964223203895082,22.10165042033645,9.036370826276867,44.43625962451024,8.622417813394447
121030201063,93.79793948771076,93.79793948771076,93.79793948771076,93.79793948771076,93.79793948771076,93.79793948771076,93.79793948771076,93.79793948771076,93.79793948771076,93.79793948771076,93.79793948771076,93.79793948771076,93.79793948771076,93.79793948771076,93.79793948771076,93.79793948771076,93.79793948771076,93.79793948771076,93.79793948771076,93.79793948771076,93.79793948771076,93.79793948771076,93.79793948771076,93.79793948771076,93.79793948771076
121030203021,34.549965831978675,42.765944107423664,6.263040031356676,12.42326007524785,8.420191079846669,35.38149684068329,46.06499062913704,8.440688104435411,5.7666626711851325,33.73995782622168,6.0461094910672974,13.235042607803871,10.002401359091548,33.984611138569775,33.00363329597309,30.69179506865272,14.992739881191303,31.09920083218057,5.809313337635122,45.3182820745343,45.31158014211336,32.03356893811983,44.38308753992174,6.445436566894779,44.43258081421629
121030203023,33.98933041816625,42.20530869361123,5.75337029399314,11.862624661435408,7.91052134248313,34.820861426870856,45.5043552153246,7.931018367071872,5.256992933821595,33.17932241240924,5.534692992595851,12.721760024153406,9.492731621728009,33.42397572475735,32.442997882160654,30.13115965484028,14.43210446737886,30.538565418368133,5.299643600271583,44.75764666072188,44.75094472830094,31.472933524307383,43.8224521261093,5.884801153082336,43.87194540040385
121030201061,36.1837918735805,46.60751243001574,13.48369696611346,19.31099859060528,11.12952168233738,39.22306516327532,49.90655895172911,10.809848821920465,10.807976810715353,34.17425744552795,13.805621805345778,16.330469551984805,12.14416935578917,34.42338141468005,35.014646949379504,31.01303512548724,18.80328637921887,30.158326580827072,12.52458766684351,48.005129079376914,47.99842714695597,34.8981632765841,48.02273636600353,15.611734915974749,47.119427819058856
121030202022,35.22662547125965,43.44260374670464,6.783240007960204,13.099919714528816,8.171392981922473,36.058156479964246,46.741650268418,8.191890006511215,6.286862647788664,34.41661746550264,6.566309467670828,13.372340851569897,9.75360326116735,34.661270777850746,33.680292935254066,31.368454707933687,15.669399520472272,31.775860471461534,6.329513314238652,45.99494171381527,45.988239781394334,32.7102285774008,45.05974717920271,7.899422484734738,45.10924045349725
121030202023,35.47787470279781,43.6938529782428,7.034489239498356,13.35116894606697,8.422642213460625,36.30940571150241,46.99289949995616,8.443139238049367,6.538111879326815,34.66786669704081,6.817558699208978,13.62359008310805,10.004852492705504,34.912520009388906,33.93154216679223,31.61970393947184,15.920648752010424,32.02710970299969,6.580762545776803,46.24619094535343,46.23948901293249,32.96147780893896,45.31099641074086,8.150671716272887,45.36048968503541
121030202021,35.68070814894727,43.89668642439226,7.237322685647822,13.55400239221643,8.729186298137645,36.51223915765188,47.19573294610564,8.749683322726383,6.740945325476279,34.870700143190284,7.020392145358444,13.930134167785068,10.31139657738252,35.115353455538376,34.134375612941696,31.82253738562132,16.123482198159884,32.229943149149165,6.783595991926268,46.4490243915029,46.44232245908197,33.16431125508843,45.51382985689034,7.652022471933756,45.56332313118489
121030245072,11.078067966467918,19.18504196871698,21.01132693024917,15.249305021868704,20.18321890135561,11.800594701976577,22.48408849043034,20.71694310950997,22.484468587458924,11.77111727944628,21.246607707814523,15.61476061550406,20.074213686666717,12.015770591794384,9.504535662857531,8.722954521877313,13.808239266857951,9.695704977712625,21.970436229519112,21.73737993582761,21.730678003406677,8.534471305004255,20.802185401215034,20.31734293198173,20.85167867550958
121030250133,15.4862254923464,26.546005059250756,16.580340651178012,10.818318742797532,14.49512284674086,21.488323623326785,31.491923970066694,14.463801181577114,17.131329823288663,14.585751340477843,16.815621428743363,10.714054232098436,12.913176064438684,14.83487530962994,14.317080568145398,11.424529020437136,8.241237404864375,11.380329152162828,17.236029270817003,27.307562698142785,27.30086076572184,14.20059689535,27.3251699847694,15.886356652910564,26.421861437824745
121030261021,4.584635200597408,10.431754286869818,33.32709561972772,27.56507371134725,32.49898759083417,9.247756417612136,16.059333367136603,33.032711798988515,34.80023727693747,5.590157781944053,33.56237639729307,27.93052930498261,32.17498970204904,5.345839967331441,6.145915382483199,8.749317003931305,26.124007956336506,8.980725376003729,34.28620491899766,11.010462209915216,11.00376027749427,7.088048310326861,11.02806949654183,32.63311162146029,10.172646420086274
121030201062,48.80919258032523,59.23291313676047,26.10909767285819,31.936399297350004,23.754922389082108,51.84846587002004,62.53195965847383,23.43524952866519,23.433377517460084,46.79965815227268,26.431022512090507,28.95587025872952,24.7695700625339,47.04878212142477,47.640047656124224,43.63843583223196,31.428687085963592,42.7837272875718,25.149988373588243,60.63052978612163,60.62382785370069,47.52356398332883,60.64813707274824,28.23713562271946,59.744828525803584
121030245071,10.942500335700036,19.049474337949103,20.87575929948129,15.113737391100823,20.04765127058774,11.665027071208696,22.348520859662468,20.581375478742096,22.348900956691047,11.6355496486784,21.11104007704665,15.479192984736184,19.93864605589884,11.880202961026503,9.368968032089658,8.587386891109436,13.672671636090074,9.560137346944746,21.834868598751235,21.601812305059735,21.59511037263879,8.398903674236378,20.666617770447164,20.18177530121385,20.71611104474171
121030203022,33.84736697655227,42.06334525199726,5.6114068523791705,11.72066121982144,7.768557900869159,34.67889798525689,45.36239177371063,7.789054925457902,5.115029492207625,33.03735897079527,5.392729550981881,12.579796582539435,9.350768180114036,33.282012283143374,32.30103444054668,29.98919621322631,14.290141025764887,30.39660197675416,5.157680158657613,44.61568321910791,44.60898128668695,31.33097008269341,43.68048868449533,5.742837711468366,43.72998195878988
121030268153,12.31346043544028,11.213517307443412,33.54714093098828,27.785119022607795,32.71903290209471,5.172887406991423,11.3652545894684,33.25275711024907,35.02028258819802,17.298792803678314,33.78242170855363,28.15057461624316,32.610027687405825,16.5189968964191,12.10705182644764,19.664012111407253,26.344053267597044,21.23919842659938,34.50625023025821,14.08968682086448,14.08298488844354,12.19293946367418,12.79003254766403,32.85315693272084,13.227253757270155
121030281022,32.50584178676546,42.9295623432007,11.36191228668964,17.18921391118146,9.00773700291356,35.54511507646027,46.22860886491405,8.688064142496646,8.686192131291534,30.496307358712905,11.68383712592196,14.208684872560983,10.022384676365352,30.74543132786501,31.336696862564448,27.3350850386722,16.681501699795053,26.480376494012035,10.402802987419694,44.32717899256186,44.32047706014093,31.220213189769048,44.34478627918848,13.489950236550929,43.44147773224382
121030282002,26.22762430359889,35.8270449273728,7.515973062765059,12.82438522867083,4.2700007859288425,28.442597660632394,39.12609144908616,3.736276577774485,6.403805219486039,25.191990574866505,7.751253840330411,9.06887742460433,3.7524022496016376,25.441114544018607,25.05847937939789,22.0307682548258,9.409918795433375,21.89818209068884,7.403227609127149,38.048961509395255,38.04225957697431,24.713257031490997,37.44418835987084,9.563074340454165,37.16326024907721
121030283001,26.901969914950907,36.50139053872481,6.058889740363964,11.367301906269736,2.812917463527749,29.11694327198441,39.80043706043818,2.2791932553733925,4.946721897084943,25.86633618621852,6.294170517929316,7.685336988498506,2.2953189272005448,26.115460155370616,25.732824990749908,22.705113866177808,8.026378359327552,22.57252770204085,5.946144286726055,38.72330712074727,38.716605188326334,25.38760264284301,38.11853397122287,8.105991018053068,37.83760586042923
121030283002,27.511372399065674,36.75244169364464,6.2825011231734615,11.590913289079229,3.0365288463372453,29.367994426904207,40.05148821535795,2.502804638182889,4.387465533396036,26.47573867033328,6.517781900738814,7.908948371308002,2.5189303100100413,26.724862639485377,26.342227474864668,23.31451635029257,8.249989742137048,23.18193018615561,5.386887923037148,39.30477966075523,39.29807772833429,25.997005126957767,38.36958512614265,8.329602400862564,38.4190784004372
121030285001,29.105957971125765,38.350483982204885,7.09276548292283,12.821992027422818,4.634571134897525,30.966036715464487,41.64953050391821,4.100846926743168,4.488708164015949,28.070324242393383,7.328046260488181,9.506990659868285,4.116972598570319,28.31944821154548,27.936813046924765,24.90910192235267,9.848032030697327,24.776515758215712,6.1962180953181685,40.902821949315495,40.89612001689455,27.591590699017864,39.96762741470293,9.123278973836769,40.01712068899746
121030285002,29.64730131557329,38.101217538097806,6.836523360433081,12.565749904933073,4.380831174751376,30.716770271357404,41.400264059811136,3.8485728014142864,4.232466041526203,28.611667586840905,7.071804137998432,9.257724215761195,3.8677061544632334,28.860791555993,28.338906726647217,25.450445266800184,9.59876558659024,25.31785910266323,5.939975972828421,40.653555505208416,40.64685357278747,27.368842368793945,39.718360970595846,8.867036851347025,39.76785424489038
121030234001,27.35052703307964,35.56650530852465,2.36519658307784,5.223821276348795,4.79606367897316,28.18205804178425,38.86555183023801,5.329787887127519,4.670780586871359,26.540519027322645,2.3615486502587117,5.669236729522791,5.309455620899064,26.785172339670737,25.804194497074054,23.49235626975368,7.793301082292248,23.899762033281533,3.3243058823477907,38.118843275635285,38.11214134321433,24.834130139220782,37.18364874102272,1.284088700432328,37.233142015317256
121030251062,20.67486608674944,31.64038973171797,14.438736451744337,12.629376850808264,12.271749601039966,26.420001368499875,36.68056456446972,12.240427935876223,14.907956577587775,15.90510150571568,14.674017229309689,9.10324041708756,10.689802818737794,16.154225474867776,19.505721162548436,12.743879185674972,8.834440325021337,12.611293021538012,15.012656025116112,32.21909765476337,32.21239572234243,19.389237489753032,32.23670494138998,14.246173597401178,31.381281864934422
121030269041,7.7712102029532,4.2848911994320265,32.72960033936434,26.96757843098385,31.90149231047076,7.544537190714623,9.131902213481794,32.435216518625126,34.20274199657408,13.420895001354596,32.964881116929675,27.333034024619213,31.79248709578187,12.721416783797578,8.415254168023298,15.866431998785735,25.5265126759731,16.96813812631508,33.68870963863426,6.8372291665426586,6.830527234121716,8.501141805249834,5.90203463193008,32.03561634109688,5.951527906224625
121030263001,3.6627945124204286,10.456027567286029,32.221987275693635,26.459965367313156,31.393879246800065,8.142648073578039,16.08360664755281,31.927603454954426,33.695128932903394,6.01762358896198,32.457268053258986,26.82542096094852,31.262470298447056,5.295467763768835,5.225492601751482,8.440482978756993,25.0188996123024,10.015669293949117,33.18109657496358,11.034735490331425,11.02803355791048,6.175528906724876,11.052342776958035,31.528003277426187,10.196919700502482
121030263003,2.195201599206329,11.923620480500126,30.96285259539845,25.200830687017977,30.13474456650489,8.021344200681845,17.208573344475717,30.66846877465925,32.4359942526082,5.399034037908391,31.1981333729638,25.566286280653337,29.79487738523296,4.633396838149225,3.757899688537381,7.778412053137378,23.75976493200723,9.3535983683295,31.921961894668403,12.502328403545526,12.49562647112458,4.707935993510774,12.519935690172138,30.26886859713101,11.664512613716584
121030263004,2.607733082176659,11.51992131092024,31.37396617092352,25.611944262543044,30.54585814202996,8.413826660829605,17.147500391187016,31.079582350184317,32.84710782813326,4.997211219893793,31.60924694848887,25.977399856178405,30.205990960758022,4.231574020134627,4.169013264062452,7.376589235122782,24.170878507532297,8.951775550314903,32.33307547019346,12.098629233965635,12.091927301544692,5.1190495690358455,12.11623652059225,30.679982172656075,11.260813444136694
121030263005,2.2509227883418976,13.011054052617654,29.8828334292261,24.120811520845624,29.054725400332536,9.34108649539321,18.63863313288443,29.588449608486897,31.35597508643586,3.5202371856964225,30.118114206791454,24.486267114480984,28.714858219060613,2.7404412784372107,2.677880522365036,5.885456493425366,22.67974576583488,7.460642808617489,30.841942728496047,13.589761975663054,13.58306004324211,3.627916827338429,13.607369262289668,29.18884943095866,12.751946185834113
121030266012,4.273551883443714,13.26946307389164,24.53525674207769,18.773234833697213,23.70714871318412,7.392122404422026,17.39572275116194,24.24087292133849,26.008398399287447,6.080669807679626,24.770537519643035,19.138690427332573,23.598143498495237,5.300873900420415,2.716923985268072,7.713423629971173,17.33216907868647,9.288609945163296,25.494366041347632,15.821801041002267,15.815099108581329,1.746859627414794,14.886606506389692,23.841272743810244,14.93609978068424
121030266021,0.3659650906225849,11.328946411932634,28.529346418323065,22.767324509942583,27.7012383894295,7.312491941195346,16.537147325812402,28.234962597583856,30.00248807553282,6.095967578726183,28.76462719588841,23.132780103577947,27.361371208157568,5.316171671466971,1.3243935114619914,8.461186886455124,21.32625875493184,10.036373201647248,29.48845571759301,12.090504050824656,12.083802118403716,2.274429816435384,12.108111337451271,27.83536242005562,11.204802790506625
121030266022,1.6580815079853233,12.635624215960258,27.18765957585071,21.425637667470237,26.359551546957142,7.151050423298996,17.154650770038895,26.893275755111503,28.660801233060468,5.260577989718801,27.422940353416053,21.79109326110559,26.250546332268247,4.480782082459587,0.0645211514950571,7.625797297447745,19.984571912459486,9.200983612639863,28.14676887512065,13.479418713781705,13.472716781360765,1.2707106046549457,13.49702600040832,26.493675577583264,12.593717453463672
121030267012,2.326068185363777,9.36884331719144,30.235855953359955,24.47383404497948,29.407747924466392,6.156516751244362,14.640419005073332,29.941472132620746,31.70899761056971,8.01516765970322,30.471136730925306,24.83928963861484,29.2987427097775,7.276274766208162,3.2844966062031844,10.42128998119632,23.032768289968725,11.996476296388442,31.1949652526299,10.13040095608346,10.12369902366252,4.234532911176576,10.14800824271008,29.54187195509251,9.244699695765428
121030267014,1.524863077125215,12.938852083643525,30.04245384443964,24.280431936059166,29.214345815546075,8.922397612906234,18.14705299752329,29.748070023700432,31.515595501649397,5.956428203245792,30.277734622004985,24.64588752969452,28.87447863427415,5.1870936410878725,2.8375009375785694,8.332108856076028,22.839366181048412,9.907295171268151,31.001563143709586,13.700409722535548,13.693707790114605,3.787537242551962,13.718017009162162,29.348469846172197,12.814708462217514
121030268041,6.192762554262341,10.923389397833528,28.144349794500364,22.382327886119885,27.3162417656068,1.4856944775555887,13.216786098485011,27.849965973761165,29.617491451710123,10.921618074469135,28.37963057206572,22.747783479755256,27.207236550917912,10.141822167209924,5.729877097238468,13.286837382198076,20.941262131109145,14.8620236973902,29.10345909377031,13.528124238865493,13.52142230644455,5.815764734465005,12.54053283033158,27.450365796232923,12.642422978547463
121030268042,5.398594827542254,11.343060057955546,26.771872770079767,21.00985086169929,25.943764741186207,2.861825306438177,14.592916927367606,26.477488949340565,28.24501442728952,9.54914105004854,27.007153547645117,21.375306455334652,25.834759526497308,8.769345142789327,4.357400072817867,11.914360357777475,19.568785106688544,13.489546672969604,27.730982069349707,13.947794898987508,13.941092966566565,4.443287710044405,12.9602034904536,26.07788877181232,13.062093638669484
121030271061,8.754336075467421,5.33312371873378,36.33790791752595,30.575886009145467,35.50979988863238,11.152844768876244,10.604699406615676,36.04352409678674,37.81104957473568,12.65215774429413,36.5731886950913,30.941341602780824,35.40079467394348,12.407839929681518,9.712764496306823,15.553012457213406,29.13482025413472,16.068981574043935,37.29701721679588,6.094681357625803,6.08797942520486,10.662800801280216,6.112288644252417,35.64392391925849,5.2089800973077685
121030271051,7.893643073974748,6.361908385206895,36.29027487796001,30.5282529695795,35.46216684906644,11.105211729310293,11.989487465473676,35.9958910572208,37.763416535169775,9.633747447916848,36.52555565552536,30.89370856321486,35.35316163437755,9.38942963330424,9.45492325586054,12.662499226920868,29.087187214568743,13.050571277666654,37.24938417722996,6.9406163082522925,6.933914375831349,10.404959560833928,6.958223594878907,35.59629087969256,6.102800518423349
121030268112,9.4148165027314,6.146364913329011,32.6690333622739,26.90701145389341,31.840925333380333,5.418886655729959,7.962026212232469,32.374649541534694,34.142175019483666,14.766408200528822,32.90431413983926,27.27246704752878,31.731920118691445,13.98661229326961,9.574667223298148,17.13162750825775,25.46594569888267,18.70681382344988,33.628142661543855,8.955967624349434,8.94926569192849,9.660554860524686,7.763508345827062,31.97504936400645,8.070266364031395
121030268141,11.120389998015408,10.020446870018542,34.12219876669226,28.36017685831179,33.2940907377987,4.492229542406813,10.172184152043531,33.82781494595306,35.595340423902016,16.471981695812836,34.35747954425759,28.725632451947146,33.185085523109805,15.69218578855362,11.280240718582156,18.83720100354177,26.919111103301034,20.4123873187339,35.081308065962205,12.89661638343961,12.88991445101867,11.366128355808694,11.59696211023916,33.428214768424816,12.034183319845283
121030268091,11.512870205582512,19.56801126756111,30.2546669433717,24.492645034991224,29.42655891447813,8.178779834530747,19.909871455460173,29.9602831226325,31.72780860058145,14.09169797695296,30.489947720937053,24.858100628626584,29.317553699789247,13.311902069693751,9.939337901972127,16.430558149782986,23.05157927998048,18.005744464975113,31.213776242641643,22.16053695714376,22.153835024722817,8.969273544118854,21.185154700059165,29.560682945104254,21.27483569682573
121030273091,24.430160993586817,13.37174001775494,47.84058663766155,42.07856472928106,47.01247860876799,19.9378570000644,11.017120769713571,47.54620281692236,49.31372829487131,28.69984584410096,48.07586741522691,42.444020322916415,46.90347339407909,28.455528029488352,24.746220498685783,31.600700557020243,40.6374989742703,32.116669673850765,48.7996959369315,12.59937111318876,12.606073045609705,24.83210813591233,12.558312447746587,47.14660263939411,13.461620994691236
121030251104,19.61082457774743,29.328500271905845,19.6491005574337,16.418410123183442,17.48211370672934,26.016138438436688,34.95607935217263,17.450792041565595,20.118320683277144,14.112634860952271,19.884381334999063,14.313604522776927,15.900166924427166,14.888488947571732,18.844895383255302,11.478142658378928,13.535232050078507,9.916020609032303,20.223020130805484,29.90720819495124,29.9005062625303,18.72841171045992,29.924815481577856,19.45653770309055,29.0693924051223
121030251113,15.996300472281444,26.76012909895598,19.318997084506336,14.467615506184382,17.152010233801985,22.391410366617,32.387708179222734,17.120688568638244,19.788217210349774,11.024840872953648,19.55427786207169,13.98350104984959,15.570063451499829,11.273964842105746,15.220167311435617,7.863618552912938,11.584437433079447,7.873689958944309,19.892916657878114,27.33883702200137,27.33213508958043,15.103683638640222,27.35644430862799,19.126434230163177,26.501021232172437
121030251203,17.307795699507054,27.02272108752999,21.206003263404053,16.354621685082098,19.039016412699706,23.81057218193684,32.65030016779677,19.00769474753596,21.675223389247492,11.80685567657642,21.44128404096941,15.870507228747304,17.457069630397534,12.585460069331344,16.639329126755452,9.175113780138531,13.471443611977165,7.610241424656451,21.779922836775835,27.60142901057538,27.594727078154435,16.522845453960063,27.619036297202,21.013440409060895,26.763613220746446
121030251222,17.13419408903831,26.454543462469303,24.187016568150916,19.335634989828957,22.02002971744656,23.784505374524723,32.082122542736094,21.988708052282824,24.65623669399435,11.90489695517896,24.422297345716277,18.851520533494163,20.438082935144397,12.156988729759242,16.573249660723775,10.059466798550256,16.452456916724024,8.753946655524553,24.760936141522688,27.033251385514703,27.02654945309376,16.49961725533414,27.05085867214132,23.99445371380776,26.195435595685755
121030251223,17.445081128594158,26.765430502025165,26.269111366203752,21.4177297878818,24.102124515499405,24.09539241408059,32.39300958229197,24.070802850335664,26.7383314920472,12.2157839947348,26.504392143769117,20.933615331547003,22.520177733197237,12.46787576931508,16.884136700279623,10.370353838106096,18.534551714776864,9.064833695080392,26.84303093957553,27.344138425070568,27.337436492649623,16.810504294889984,27.361745711697186,26.0765485118606,26.506322635241624
121030202091,36.07007910305868,44.286057378503656,8.382457565957747,14.699137272526364,8.099673868600899,36.90161011176328,47.58510390021703,8.120170893189641,7.270568790769754,35.26007109730168,8.165527025668371,13.300621738248315,9.65853167910713,35.5047244096498,34.52374656705311,32.21190833973274,15.773438565482383,32.619314103260585,7.928730872236196,46.838395345614295,46.83169341319337,33.553682209199835,45.90320081100173,9.49864004273228,45.952694085296265
121030237003,27.467794415219032,35.683772690664064,4.827223653825981,5.341088658488206,7.337864279697517,28.29932542392364,38.98281921237741,7.871588487851876,7.212581187595719,26.65778640946204,4.087873849670438,6.266533735923527,7.85125622162342,26.902439721810136,25.92146187921345,23.60962365189308,7.9105684644316625,24.01702941542093,5.753956357204896,38.23611065777469,38.22940872535375,24.95139752136017,37.30091612316212,2.166015467870402,37.35040939745667
121030240012,28.78680908267129,37.0027873581163,6.398089728494683,6.660103325940463,8.965525856107185,29.618340091375902,40.30183387982967,9.499250064261542,8.840242764005387,27.976801076914292,5.65873992433914,7.585548403375783,9.478917798033088,28.221454389262394,27.240476546665708,24.928638319345332,9.229583131883915,25.336044082873187,7.293153027475868,39.55512532522694,39.548423392806,26.27041218881244,38.619930790614376,3.822419567088164,38.66942406490892
121030244081,25.467776366313707,33.68375464175869,9.584531068572394,3.837943684970462,12.08227524110919,26.29930737501832,36.98280116347205,12.615999449263546,11.969888602342133,24.65776836055671,8.84518126441685,7.625878188312341,12.59470520579875,24.90242167290481,23.921443830308124,21.60960560298775,7.071556566183683,22.0170113665156,10.511263771951308,36.23609260886932,36.22939067644838,22.95137947245485,35.30089807425676,6.923322882616811,35.3503913485513
121030252053,15.632329475325768,24.95267884875678,27.646206335902505,22.794824757580542,25.47921948519815,22.282640760812207,30.58025792902357,25.447897820034417,27.968155717748317,10.403032341466412,27.881487113467863,22.31071030124576,23.897272702895982,10.655124116046698,15.071385047011235,8.557602184837714,19.91164668447562,7.252082041812008,28.22012590927428,25.53138677180218,25.52468483938123,14.9977526416216,25.5489940584288,27.453643481559357,24.693570981973235
121030252081,13.90707651173244,23.227425885163445,27.41413414545677,21.84028846962577,25.247147294752423,20.55738779721887,28.85500496543024,25.21582562958868,27.883354271300217,8.677779377873087,27.64941492302213,22.07863811080002,23.66520051245025,8.929871152453366,13.346132083417904,6.832349221244381,19.67957449402989,5.526829078218676,27.98805371882855,23.80613380820885,23.7994318757879,13.272499678028272,23.823741094835466,26.90832637973881,22.9683180183799
121030252082,14.160150707479566,23.480500080910577,27.16105994970965,22.09336266537289,24.99407309900529,20.810461992966,29.10807916117737,24.962751433841557,27.630280075553085,8.93085357362021,27.396340727275003,21.825563915052893,23.412126316703123,9.182945348200496,13.59920627916503,7.0854234169915085,19.426500298282757,5.779903273965804,27.734979523081424,24.059208003955973,24.052506071535024,13.525573873775397,24.076815290582587,26.96849709536649,23.221392214127025
121030252091,12.70127882839128,22.021628201822285,27.93471399185972,22.172692083479227,26.45294497809358,19.351590113877705,27.64920728208908,26.42162331292985,29.089151954641377,7.471981694531924,28.169994769425067,22.53814767711458,24.87099819579141,7.724073469112209,12.140334400076744,5.626551537903223,20.731626328468494,4.321031394877518,28.89382329112966,22.60033612486768,22.59363419244674,12.066701994687111,22.6179434114943,27.240729993592275,21.762520335038744
121030253032,7.15023158310112,18.210011150005474,22.21080601487744,16.44878410649696,21.38269798598388,13.152329714081509,23.15593006082141,21.91642219413824,23.6839476720872,6.33024653032426,22.446086792442788,16.814239700132315,20.480306470084727,6.5748998426723615,5.981086658900117,3.2268066326762948,15.007718351486211,4.199557088511608,23.169915314147385,18.971568788897503,18.964866856476565,5.864602986104726,18.98917607552412,21.51682201661,18.08586752857946
121030253033,9.351700079239244,20.86018394265072,23.335667729461605,17.573645821081126,22.507559700568045,15.990672704380676,25.99427305112058,23.0412839087224,24.80880938667136,5.124895716648401,23.57094850702696,17.939101414716482,21.60516818466889,5.374019685800497,8.779416990579689,1.96367339660769,16.132580066070375,2.0120805340916315,24.294777028731552,21.43889186569612,21.43218993327518,8.705784585190054,21.45649915232273,22.641683731194163,20.60107607586718
121030253071,13.026742240145207,22.74166762816815,24.80107219103489,19.0390502826544,23.14077187342697,19.655888524759533,28.36924670843494,23.109450208263237,25.776978849974764,7.525802217214576,25.03635296860024,19.40450587628976,21.5588250911248,8.3044066099695,12.455336466729385,4.894060320776695,17.573199072704423,3.329187965294611,25.760181490304845,23.32037555121354,23.313673618792595,12.368161796782768,23.33798283784016,24.10708819276745,22.4825597613846
121030244082,24.49872985802633,32.71470813347133,10.216543200501246,4.469955816899317,12.714287373038044,25.33026086673093,36.01375465518471,13.2480115811924,12.601900734270988,23.688721852269328,9.477193396345704,8.257890320241197,13.2267173377276,23.933375164617438,22.95239732202076,20.64055909470036,7.703568698112537,21.521891771819156,11.143275903880156,35.26704610058198,35.26034416816104,21.98233296416747,34.331851565969394,7.555335014545665,34.381344840263935
121030244083,24.655579947011063,32.87155822245605,8.772334649269746,3.0257472656678166,11.270078821806546,25.487110955715668,36.1706047441694,11.803803029960902,11.157692183039488,23.84557194125406,8.032984845114205,6.813681769009697,11.782508786496104,24.090225253602167,23.10924741100548,20.7974091836851,6.25936014688104,21.20481494721296,9.69906735264866,35.42389618956668,35.417194257145745,22.1391830531522,34.48870165495411,6.111126463314166,34.53819492924866
121030244113,22.072895035703585,30.288873311148585,11.773635837076329,6.023796462641569,13.597647960363798,22.904426044408183,33.58791983286197,14.131372168518158,14.15606837535127,21.262887029946583,11.034286032920786,9.029189674512244,14.11007792505336,21.50754034229469,20.526562499698,18.21472427237761,8.447846172445173,19.0960569494964,12.70036854045524,32.84121127825923,32.83450934583828,19.556498141844724,31.90601674364664,9.112427651120749,31.955510017941187
121030247031,22.34690759192757,30.56288586737257,8.12768917142998,3.321240671175339,6.296760258089348,23.17843860063218,33.861932389085915,6.830484466243705,8.950288666750886,21.53689958617057,8.362969948995332,1.0958123884419235,6.809190222778908,21.78155289851868,20.80057505592199,18.488736828601606,1.3770044387921443,18.89614259212946,9.033378572711548,33.1152238344832,33.10852190206226,19.83051069806871,32.18002929987063,7.99762110013314,32.22952257416517
121030251221,19.269403477626327,28.589752851057327,23.04016634139936,18.18878476307738,20.87317949069501,25.919714763112747,34.21733193132411,20.841857825531267,23.5093864672428,14.040106343766976,23.27544711896472,17.70467030674259,19.29123270839284,14.292198118347262,18.708459049311795,12.085086580405807,15.305606689972455,10.520214224923722,23.61408591477113,29.16846077410273,29.161758841681785,18.634826643922167,29.186068060729344,22.8476034870562,28.330644984273786
121030251231,17.014038167266204,26.3343875406972,24.552913183574116,19.701531605252157,22.385926332869765,23.66434945275262,31.961966620963995,22.354604667706024,25.02213330941756,11.784741033406847,24.78819396113947,19.217417148917363,20.803979550567597,12.03683280798713,16.45309373895167,9.589272993708352,16.818353532147224,8.024400638226268,25.12683275694589,26.9130954637426,26.90639353132166,16.37946133356203,26.930702750369218,24.360350329230965,26.075279673913656
121030252092,14.067451311198605,23.38780068462961,27.25375934599061,22.00066326909193,25.086772495286255,20.71776259668503,29.0153797648964,25.05545083012252,27.722979471834044,8.83815417733925,27.489040123555963,21.918263311333856,23.504825712984086,9.090245951919536,13.506506882884072,6.99272402071055,19.51919969456372,5.687203877684842,27.82767891936238,23.96650860767501,23.959806675254068,13.432874477494437,23.984115894301627,27.061196491647447,23.128692817846066
121030254073,5.320597039518892,16.38037660642325,23.54317041093129,17.781148502550824,22.715062382037736,11.32269517049928,21.32629551723919,23.248786590192093,25.01631206814105,4.500611986742032,23.77845118849665,18.146604096186184,22.30994101366695,4.745265299090134,4.151452115317889,4.167408366843641,16.34008274754009,5.140158822678953,24.502279710201243,17.141934245315284,17.13523231289434,4.034968442522497,17.159541531941898,22.84918641266385,16.256232984997244
121030254141,9.054602263314392,17.270580538759404,19.743911000036935,13.981889091656472,18.915802971143385,9.886133272019,20.569627060472765,19.449527179297743,21.2170526572467,8.244594257557397,19.979191777602296,14.347344685291832,18.80679775645449,8.4892475699055,7.508269727308813,6.6738518739614205,12.540823336645726,7.646602329796733,20.703020299306885,19.82291850587004,19.816216573449093,6.538205369455537,18.887723971257465,19.0499270017695,18.93721724555201
121030254142,7.446065338501339,16.452271891119334,21.407416568041715,15.645394659661246,20.579308539148155,10.574931221649722,20.578531568389625,21.113032747302512,22.88055822525148,6.636057332744345,21.64269734560707,16.010850253296606,20.47030332445926,6.880710645092448,5.8997328024957625,5.225094434336909,14.204328904650504,6.19784489017222,22.366525867311665,19.00460985822996,18.99790792580901,4.929668444642487,18.069415323617385,20.71343256977428,18.11890859791193
121030254151,11.272439874960316,19.48841815040532,18.85509759062091,13.093075682240444,18.02698956172735,12.103970883664925,22.78746467211868,18.560713769881705,20.328239247830663,10.462431869203318,19.090378368186258,13.458531275875805,17.917984347038455,10.707085181551424,9.726107338954735,7.414269111634344,11.6520099272297,8.387019567469661,19.81420688989085,22.04075611751596,22.03405418509501,8.756042981101457,21.105561582903377,18.161113592353463,21.15505485719792
121030254161,7.87546009877081,17.725331177110256,20.988307351679385,15.226285443298917,20.160199322785825,11.847990507640644,21.85159085438055,20.69392353094018,22.46144900888914,7.0554750459939495,21.22358812924473,15.591741036934277,20.05119410809693,7.300128358342052,6.706315174569808,3.9520351483459866,13.785219688288173,4.924785604181298,21.94741665094933,19.6967973045672,19.690095372146253,6.202727730633408,19.342474609608303,20.294323353411944,18.811096044249155
121030254172,7.994773300573255,19.054552867477607,21.366264297405305,15.60424238902482,20.538156268511745,13.996871431553645,24.000471778293544,21.0718804766661,22.839405954615064,7.174788247796395,21.60154507497065,15.969697982660184,19.63576475261259,7.419441560144496,6.825628376372254,4.07134835014843,14.163176634014077,5.044098805983743,22.32537359667525,19.81611050636964,19.809408573948694,6.709144703576862,19.833717792996254,20.672280299137864,18.930409246051592
121030254071,6.175595305195755,17.235374872100113,22.68817214525444,16.92615023687397,21.86006411636088,12.177693436176144,22.181293782916047,22.39378832451524,24.1613138024642,5.355610252418894,22.923452922819788,17.29160583050933,21.454942747990096,5.600263564766997,5.006450380994751,3.312410101166777,15.485084481863227,4.28516055700209,23.64728144452438,17.996932510992146,17.990230578571197,4.889966708199359,18.01453979761876,21.994188146987,17.111231250674102
121030254131,4.996765814193013,13.99267700464094,24.54432364715806,18.78230173877758,23.71621561826449,8.115336335171326,18.11893668191124,24.249939826418856,26.01746530436781,6.707574405636667,24.77960442472341,19.14775733241294,23.607210403575607,6.024087831169712,3.440137916017371,7.722490535051537,17.341235983766833,9.297676850243665,25.503432946428006,16.54501497175157,16.538313039330625,2.470073558164094,15.609820437138994,23.85033964889061,15.65931371143354
121030254132,4.27762227906011,13.2348902678174,24.62989525748718,18.86787334910672,23.801787228593625,6.610625255206647,17.294119043660416,24.335511436747986,26.10303691469694,6.856450050430562,24.86517603505253,19.233328942742062,23.69278201390473,6.076654143171349,2.7040899754497287,9.21071884847576,17.426807594095962,10.785905163667884,25.58900455675713,15.787228234928028,15.780526302507084,1.7340256175964517,14.852033700315454,23.935911259219743,14.901526974609997
121030254133,6.036523125748095,14.198314057648108,22.816177481148248,17.054155572767772,21.988069452254685,6.813866790907704,17.497360579361462,22.521793660409045,24.289319138358003,7.843641049984007,23.051458258713595,17.41961116640313,21.87906423756579,7.0638451427247935,4.479895227572456,8.992068687559529,15.613089817757022,10.567255002751656,23.775286780418188,16.75065202475874,16.743950092337794,3.509830869719179,15.815457490146162,22.122193482880803,15.864950764440708
121030254121,6.551309212909646,15.557515765527642,22.247204050441688,16.48518214206122,21.41909602154813,9.049718141899714,19.68377544279793,21.95282022970248,23.720345707651447,5.741301207152652,22.48248482800704,16.850637735696573,21.31009080685924,5.985954519500754,5.004976676904069,6.756217336567523,15.044116387050474,8.33140365175965,23.206313349711635,18.109853732638264,18.103151800217315,4.034912319050793,17.174659198025697,21.553220052174247,17.224152472320238
121030256031,8.897707607126879,19.661536233801407,24.53431543831093,18.772293529930444,23.706207409417363,15.537557547512028,25.289115314068173,24.21928143379282,26.00745709552068,3.9262480077990816,24.76959621587628,19.1377491235658,22.6686563166544,4.175371976951178,8.326301833711051,0.7650256877583698,17.331227774919693,1.544676620247422,25.493424737580877,20.2402441568468,20.23354222442585,8.25266942832142,20.25785144347341,23.840331440043485,19.402428367017865
121030256032,9.2329280979162,19.023809043148063,25.381972418886946,19.61995051050648,24.553864389993382,15.87277803830135,24.651388123414858,25.08758859814774,26.855114076096697,3.807943632194502,25.617253196452296,19.98540610414183,23.83221637724954,4.510592467740496,8.661522324500373,1.1002461785476887,18.17888475549573,0.5311205369737293,26.34108171815689,19.602516966193463,19.59581503377252,8.587889919110742,19.62012425282008,24.687988420619497,18.76470117636453
121030260013,7.541848865425297,16.752081763666858,33.27080680285224,27.50878489447177,32.442698773958675,14.19314507230977,22.37966084393365,32.97642298211303,34.743948460061986,5.432778671456936,33.506087580417585,27.874240488107127,31.640166083858063,5.188460856844327,6.99117222950243,8.35210898917829,26.067719139461023,8.339070243582256,34.22991610212218,17.330789686712254,17.324087754291313,7.14149145057415,17.34839697333887,32.57682280458479,16.49297389688331
121030267035,3.3107398164566835,12.250509685301092,25.628417875916277,19.8663959675358,24.800309847022717,6.024497551037299,16.376769362571384,25.334034055177067,27.10155953312603,7.461286038962967,25.863698653481624,20.23185156117116,24.691304632333814,6.681490131703756,2.269545061732296,9.826505346691908,18.425330212525047,11.401691661884032,26.58752717518622,14.80284765241172,14.796145719990772,2.3509120116633206,13.867653117799144,24.934433877648832,13.917146392093688
121030268043,6.274154277415616,12.218619507828906,27.64743221995313,21.88541031157266,26.81932419105957,1.986265856564816,13.717357477494248,27.35304839921393,29.12057387716289,10.424700499921896,27.88271299751848,22.25086590520802,26.71031897637068,9.644904592662686,5.232959522691229,12.789919807650838,20.444344556561912,14.365106122842962,28.60654151922308,14.82335434886087,14.816652416439924,5.318847159917767,13.835762940326958,26.95344822168569,13.937653088542842
121030268114,8.726576321358474,6.834605094701934,31.98079318090097,26.218771272520502,31.15268515200741,4.730646474357035,8.650266393605394,31.68640936016178,33.45393483811073,14.078168019155898,32.216073958466325,26.58422686615586,31.04367993731853,13.298372111896688,8.886427041925224,16.443387326884835,24.777705517509755,18.01857364207697,32.93990248017092,9.644207805722356,9.637505873301414,8.972314679151761,8.451748527199985,31.286809182633533,8.758506545404321
121030268122,8.998387765024539,8.638950863872253,32.25260462456704,26.49058271618656,31.42449659567348,2.9263007051867183,9.786316055503216,31.958220803827835,33.72574628177679,14.34997946282196,32.48788540213239,26.85603830982193,31.31549138098459,13.57018355556275,9.158238485591289,16.715198770550902,25.04951696117582,18.29038508574303,33.21171392383698,11.448553574892674,11.441851642471727,9.244126122817825,10.2560942963703,31.5586206262996,10.562852314574638
121030268132,6.400273463498066,11.130900307069252,28.351860703736083,22.58983879535561,27.523752674842523,1.2781835683198643,13.00927518924929,28.057476882996884,29.825002360945845,11.129128983704858,28.58714148130144,22.95529438899098,27.414747460153635,10.349333076445646,5.937388006474193,13.494348291433798,21.148773040344864,15.069534606625922,29.31097000300604,13.735635148101217,13.72893321568027,6.02327564370073,12.748043739567306,27.65787670546865,12.849933887783187
121030268211,11.673945961997472,4.674355394038716,35.0530209974092,29.290999089028706,34.224912968515625,7.329651849516052,6.214666567986246,34.75863717667,36.52616265461896,17.090965926872386,35.28830177497455,29.656454682664062,34.11590775382673,16.3705999284049,11.958654858433436,19.51561514339304,27.84993333401796,20.638209051832877,36.012130296679146,7.483958105059136,7.4772561726381905,12.044542495659975,6.291498826536768,34.35903699914175,6.5982568447411
121030272021,14.82378587029046,5.26620108353471,41.93414623475022,36.172124326369726,41.106038205856656,16.742171008922615,5.778137375986619,41.63976241401102,43.40728789195997,18.306568115955944,42.16942701231557,36.5375799200051,40.99703299116776,18.062250301343337,15.782214291129865,21.20742282887522,34.73105857135898,21.72339194570575,42.89325553402015,2.58812144724094,2.594823379661885,16.732250596103256,3.666971002043672,41.24016223648277,3.2530179891612523
121030272022,12.03712096124914,2.4800895299466794,39.14748132570891,33.385459417328406,38.31937329681533,13.955506099881292,8.10766861021347,38.85309750496969,40.62062298291864,14.087031357210888,39.38276210327424,33.75091501096377,38.210368082126415,13.84271354259828,12.995549382088544,16.987886070130166,31.94439366231767,17.50385518696069,40.106590624978814,3.0587974529920774,3.0520955205711333,13.945585687061936,3.0764047396186918,38.45349732744144,2.220981663163133
121030272023,16.2026739170431,6.645089130287352,43.31303428150287,37.551012373122376,42.48492625260929,18.121059055675246,7.157025422739261,43.01865046076367,44.78617593871261,19.685456162708583,43.54831505906821,37.91646796675775,42.375921037920406,19.441138348095976,17.1611023378825,22.586310875627863,36.10994661811163,23.10227999245838,44.27214358077279,3.9670094939935834,3.973711426414527,18.11113864285589,5.045859048796315,42.61905028323542,4.631906035913896
121030272024,11.816467558715448,2.259436127412984,38.92682792317522,33.16480601479472,38.09871989428164,13.734852697347602,7.22673424205954,38.632444102436,40.39996958038496,15.097077793936707,39.16210870074055,33.53026160843009,37.98971467959274,14.8527599793241,12.774895979554854,17.99793250685599,31.723740259783963,18.513901623686515,39.885937222445136,2.177863084838149,2.1711611524172043,13.724932284528249,2.1954703714647623,38.23284392490776,1.340047295009204
121030268151,11.312136749803903,10.212193621807035,34.31394551848075,28.55192361010028,33.4858374895872,4.6839762941953085,10.363930903832024,34.01956169774156,35.78708717569051,16.66372844760133,34.5492262960461,28.91737920373564,33.376832274898305,15.88393254034212,11.471987470370651,19.02894775533026,27.11085785508953,20.60413407052239,35.273054817750705,13.088363135228107,13.081661202807163,11.557875107597187,11.788708862027656,33.61996152021332,12.225930071633782
121030268173,11.22608589305001,12.57281192207734,32.16435478159292,26.40233287321244,31.33624675269936,3.892413266526839,12.738727021718312,31.86997096085371,33.637496438802664,15.91600665428295,32.399635559158256,26.7677884668478,31.22724153801046,15.13621074702374,10.724265677052282,18.28122596201189,24.96126711820169,19.856412277204026,33.12346408086285,15.382414633097763,15.37571270067682,10.810153314278825,14.16350497991394,31.47037078332547,14.496713372779732
121030268203,9.88153667464112,4.68646498110259,33.21829585472904,27.456273946348567,32.39018782583547,6.878786587956379,7.853438529734635,32.92391203398984,34.69143751193881,15.315670692983964,33.45357663229439,27.821729539983927,32.28118261114658,14.535874785724753,10.123929715753288,17.6808900007129,26.015208191337813,19.22072814114221,34.17740515399899,7.496067692123012,7.489365759702068,10.209817352979826,6.303608413600643,32.524311856461594,6.610366431804977
121030268181,5.238231621306336,13.313565467729736,25.5330385258683,19.771016617487827,24.70493049697474,4.121897113625392,15.852988734554822,25.2386547051291,27.00618018307805,9.370069559449568,25.76831930343366,20.136472211123184,24.59592528228585,8.590273652190351,4.197036866581947,11.708929732279586,18.32995086247708,13.284116047471716,26.492147825138257,15.865903434840362,15.85920150241942,4.247645126615454,14.93070890022779,24.839054527600865,14.980202174522336
121030268182,4.809191074005794,12.884524920429191,25.10399797856776,19.34197607018729,24.2758899496742,4.550937660925936,16.162884641541446,24.80961415782856,26.57713963577752,8.941029012149022,25.339278756133115,19.70743166382265,24.166884734985302,8.161233104889806,3.767996319281406,11.279889184979044,17.900910315176535,12.855075500171171,26.06310727783771,15.43686288753982,15.430160955118875,3.818604579314912,14.501668352927249,24.410013980300324,14.551161627221791
121030268183,6.921770782154001,13.827589385808093,27.21657768671597,21.454555778335493,26.38846965782241,2.4383579527777286,14.169449573707157,26.92219386597676,28.689719343925724,11.05360872029723,27.451858464281315,21.82001137197085,26.27946444313352,10.273812813038017,5.880576027429613,13.392468893127251,20.01349002332474,14.96765520831938,28.17568698598592,16.432324226840056,16.425622294419107,5.931184287463119,15.444732818306145,26.522593688448527,15.546622966522026
121030268191,5.748329178471859,13.823663024895255,26.043136083033826,20.281114174653357,25.215028054140262,3.611799556459871,15.3428911773893,25.748752262294623,27.51627774024358,9.88016711661509,26.278416860599176,20.646569768288717,25.106022839451374,9.100371209355874,4.707134423747471,12.21902728944511,18.8400484196426,13.794213604637235,27.00224538230377,16.376000992005885,16.36929905958494,4.757742683780976,15.440806457393313,25.349152084766388,15.490299731687854
121030269042,7.106506197540663,5.75449961782557,32.064896333951786,26.30287442557131,31.23678830505822,6.879833185302086,10.601510631875334,31.770512513212577,33.53803799116153,12.795605671880098,32.30017711151713,26.66833001920667,31.12778309036933,12.056712778385045,7.750550162610759,15.2017279933732,24.86180867056056,16.445697664041745,33.024005633221726,8.3068375849362,8.300135652515259,7.836437799837296,7.371643050323622,31.37091233568434,7.421136324618167
121030269043,8.642676201801686,3.4134252005835437,33.601066338212824,27.83904442983233,32.77295830931924,8.416003189563108,8.260436214633309,33.30668251747362,35.07420799542256,14.292361000203078,33.83634711577817,28.2045000234677,32.66395309463036,13.592882782646065,9.286720166871785,16.737897997634224,26.39797867482158,17.839604125163564,34.56017563748275,6.145670903528499,6.138968971107556,9.37260780409832,5.030568633081597,32.90708233994537,5.259969643210464
121030272025,13.47751128843934,3.919926501683592,40.58787165289912,34.825849744518614,39.75976362400555,15.395896427071492,5.411486727811166,40.293487832159904,42.06101331010885,16.960293534104824,40.82315243046445,35.19130533815398,39.65075840931664,16.715975719492217,14.435939709278744,19.861148247024104,33.384783989507866,20.37711736385463,41.54698095216904,2.221470799065487,2.228172731486432,15.385976014252137,2.3206964201925544,39.89388765463165,1.9067434073101348
121030277011,23.16058073589481,33.585669934739705,18.14608223705524,17.53443070339203,15.976932087795412,29.55569063023036,39.21324901500652,15.88407923124227,17.90027258419393,18.18912113656704,18.38136301462059,14.008294269671325,14.39498530549324,18.43824510571914,22.38444757504899,15.027898816526331,13.7394941776051,14.173190271866163,18.72000181042701,34.16437785778509,34.15767592536416,22.2679639022536,34.18198514441172,19.15122744998494,33.32656206795617
121030277043,22.70602874174756,32.02637811517857,21.14026610418783,20.52861457052462,18.97111595492801,29.356340027234,37.65395719544538,18.87826309837486,20.894456451326523,17.476731607888222,21.37554688175318,17.002478136803912,17.38916917262583,17.7288233824685,22.14508431343303,15.63130145125952,16.733678044737687,14.32578130823381,21.714185677559605,32.60508603822397,32.598384105803035,22.0714519080434,32.622693324850594,22.14541131711753,31.76727024839503
121030278021,23.59091809183816,34.016007290683056,14.701385935606748,17.964768059335384,12.532235786346922,29.98602798617372,39.643586370949855,12.439382929793776,14.455576282745438,18.619458492510397,14.9366667131721,14.43863162561468,10.95028900404475,18.86858246166249,22.814784930992342,15.458236172469691,14.169831533548455,14.603527627809523,15.275305508978525,34.59471521372845,34.58801328130751,22.69830125819696,34.61232250035507,15.76764834996935,33.75689942389951
121030279012,26.35807764950746,37.043094764701536,12.149186014874642,16.236348404380003,9.98003586561482,30.490617796726195,41.174111585179936,9.887183009061678,11.903376362013338,21.64654596652888,12.384466792439998,12.464096298291349,8.398089083312646,21.895669935680974,25.18893272530646,18.48532364648817,12.805137669120397,17.63061510182801,12.723105588246424,37.62180268774693,37.61510075532599,25.072449052511057,37.63940997437354,13.215448429237249,36.78398689791799
121030280023,93.79793948771076,93.79793948771076,93.79793948771076,93.79793948771076,93.79793948771076,93.79793948771076,93.79793948771076,93.79793948771076,93.79793948771076,93.79793948771076,93.79793948771076,93.79793948771076,93.79793948771076,93.79793948771076,93.79793948771076,93.79793948771076,93.79793948771076,93.79793948771076,93.79793948771076,93.79793948771076,93.79793948771076,93.79793948771076,93.79793948771076,93.79793948771076,93.79793948771076
121030280024,31.813400040111965,42.23712059654719,13.635746851473948,19.463048475965767,11.281571567697862,34.852673329806755,45.53616711826054,10.96189870728095,10.960026696075836,29.80386561205942,13.957671690706263,16.48251943734529,12.296219241149656,30.052989581211516,30.64425511591096,26.64264329201872,17.167193202200984,25.787934747358552,12.676637552203998,43.63473724590836,43.62803531348741,30.52777144311557,43.652344532534975,15.76378480133523,42.749035985590325
121030280041,27.41428021951576,37.83800077595097,11.668982642461492,16.199284116864366,8.423010365625277,30.45355350921056,41.13704729766433,7.889286157470924,9.90547951042259,25.035194628565435,11.904263420026846,12.427032010775712,7.905411829298075,25.284318597717537,26.245135295314757,21.87397230852473,12.768073381604756,21.01926376386457,11.200654963130104,39.23561742531215,39.22891549289118,26.128651622519357,39.25322471193876,13.178384141721612,38.349916164994085
121030269084,6.887774953829861,6.637573780251001,34.616631863437654,28.85460995505717,33.78852383454409,9.431568714787954,11.909149468132892,34.32224804269845,36.08977352064741,10.670766208738415,34.85191264100301,29.22006554869253,33.679518619855195,10.055074592355924,7.846203374669266,13.200089807344078,27.41354420004642,14.218009333698898,35.57574116270761,7.399131419143023,7.392429486722079,8.79623967964266,7.416738705769638,33.922647865170205,6.513430158824988
121030269092,7.043696308206054,5.012405094179174,32.002086444617184,26.24006453623671,31.173978415723624,6.817023295967476,9.859416108228936,31.707702623877974,33.47522810182692,12.732795782545493,32.23736722218253,26.605520129872065,31.064973201034725,11.993902889050435,7.687740273276149,15.138918104038591,24.798998781225954,16.382887774707147,32.96119574388711,7.564743061289805,7.558041128868862,7.773627910502687,6.629548526677227,31.308102446349736,6.679041800971772
121030269093,5.302720908370047,6.392190594185171,33.03157781797784,27.26955590959736,32.203469789084274,7.8465146693281405,11.663766282067066,32.737193997238634,34.5047194751876,10.65452588450943,33.26685859554319,27.63501150323272,32.09446457439537,10.03883426812694,6.261149329209454,13.183849483115091,25.828490154586607,14.20176900946992,33.99068711724779,7.153748233077195,7.147046300656249,7.211185634182844,7.171355519703807,32.337593819710385,6.26804697275916
121030269113,4.637809715167884,8.300864119428091,28.71362741936825,22.95160551098778,27.88551939047469,4.634288217252659,12.427123796698387,28.419243598629045,30.18676907657801,9.98378910206625,28.9489081969336,23.317061104623136,27.776514175785795,9.203993194807037,4.792048124835575,12.349008409795182,21.510539755977025,13.924194724987313,29.672736718638195,10.853202086538715,10.846500154117775,4.877935762062114,9.918007551926143,28.01964342110081,9.967500826220688
121030269122,4.638140404648882,8.300533429947091,28.713958108849248,22.951936200468776,27.885850079955688,4.634618906733658,12.426793107217389,28.419574288110045,30.18709976605901,9.984119791547249,28.9492388864146,23.31739179410414,27.776844865266792,9.204323884288035,4.792378814316574,12.349339099276182,21.51087044545802,13.924525414468311,29.67306740811919,10.85287139705772,10.846169464636777,4.878266451543113,9.917676862445145,28.019974110581806,9.96717013673969
121030269133,5.244316217485444,7.694357617110529,29.32013392168581,23.55811201330534,28.49202589279225,5.240794719570219,11.820617294380828,29.02575010094661,30.79327557889557,10.59029560438381,29.555414699251163,23.923567606940704,28.38302067810336,9.8104996971246,5.398554627153135,12.955514912112744,22.117046258294582,14.530701227304872,30.27924322095576,10.246695584221158,10.239993651800216,5.484442264379675,9.311501049608582,28.62614992341837,9.36099432390313
121030280042,28.480613545781026,38.90433410221623,12.73531596872675,17.265617443129624,9.48934369189054,31.519886835475816,42.203380623929576,8.955619483736184,10.971812836687848,23.968861302300176,12.970596746292104,13.493365337040972,8.971745155563335,24.21798527145227,27.31146862158001,20.807638982259476,13.834406707870018,19.95293043759931,12.266988289395362,39.94411802351821,39.93741609109728,27.19498494878461,39.96172531014484,14.244717467986872,39.10630223368928
121030261011,3.720014509735053,11.601225810824712,32.230981243464534,26.46895933508406,31.40287321457097,9.716816346447237,17.2288048910915,31.93659742272533,33.70412290067431,4.478174113194062,32.46626202102989,26.83441492871942,31.06300603329904,4.233856298581452,5.281294691620847,7.637333335181312,25.027893580073314,7.811253852048831,33.190090542734495,12.179933733870111,12.173231801449166,5.976064641576872,12.197541020496724,31.536997245197096,11.34211794404117
121030216001,27.70000867025013,35.91598694569513,1.7514122174196374,5.6414385390117525,4.276233494774813,28.531539678954744,39.21503346740851,4.809957702929172,4.150950402673013,26.890000664493133,1.944007415179108,5.93337218988685,4.7896254367007165,27.134653976841232,26.15367613424455,23.841837906924173,8.142782719462769,24.249243670452024,2.710521516689588,38.46832491280576,38.46162298038483,25.18361177639127,37.5331303781932,1.0281095179334625,37.58262365248775
121030244112,23.407116234808047,31.62309451025305,10.866305082255812,5.1164657078210585,13.360797263959784,24.238647243512656,34.92214103196644,13.894521472114144,13.248737620530754,22.59710822905105,10.126955278100272,8.904400211162937,13.873227228649348,22.84176154139915,21.860783698802468,19.548945471482075,8.35007858903428,20.430278148600863,11.793037785634729,34.17543247736371,34.16873054494276,20.89071934094919,33.24023794275112,8.205096896300235,33.28973121704566
121030271063,7.576847442201517,6.678704016980125,36.06079808538137,30.29877617700089,35.23269005648781,10.875734936731677,12.30628309724691,35.76641426464217,37.53393974259114,9.316951816143616,36.29607886294673,30.664231770636253,35.123684841798905,9.072634001531007,9.138127624087309,12.345703595147636,28.857710421990134,12.733775645893424,37.019907384651326,7.257411940025522,7.250710007604578,10.088163929060698,7.275019226652136,35.36681408711392,6.419596150196579
121030271052,7.529405705027928,7.1417519865622445,35.25826261463571,29.496240706255232,34.430154585742144,10.073199465986018,12.769331066829023,34.963878793896505,36.73140427184547,10.065544332276662,35.49354339220107,29.861696299890596,34.32114937105325,9.525313588950151,8.487834125867336,12.67032880393831,28.05517495124449,13.61278745723715,36.21737191390566,7.720459909607642,7.713757977186699,9.437870430840723,7.738067196234257,34.56427861636826,6.8826441197787
121030272062,14.39704134819019,3.390036272986245,37.80398862936731,32.04196672098682,36.975880600473744,12.257333446951463,2.50954943114242,37.5096048086281,39.27713028657708,19.16857974577364,38.03926940693267,32.407422314622174,36.86687538578485,18.92426193116103,14.709622490391546,22.069434458692918,30.600900965976063,22.585403575523443,38.76309792863727,3.876262976178348,3.869561043757405,14.795510127618083,2.576608702977893,37.11000463109986,3.4799172499225435
121030272063,13.715532040128409,2.657111064296541,38.673922176539534,32.911900268159066,37.845814147645946,13.141610009042516,3.187580376306587,38.37953835580032,40.14706383374926,18.435654537083938,38.90920295410488,33.27735586179442,37.736808932957054,18.191336722471327,14.359576005198504,21.33650925000321,31.470834513148315,21.85247836683374,39.63303147580946,3.143337767488644,3.1366358350677,14.445463642425045,1.8436834942881888,37.979938178272064,2.7469920412328386
121030272082,10.598532743203274,2.07316468250142,35.556922879614405,29.794900971233915,34.72881485072083,10.156416195316975,6.920175696551183,35.26253905887519,37.03006453682414,16.013712493344773,35.79220365717974,30.16035656486928,34.61980963603194,15.39802087696228,11.242576708273369,18.54303609195043,28.353835216223164,19.56095561830526,36.51603217888433,4.972049037192913,4.965347104771968,11.328464345499905,3.690308114999473,34.86293888134695,4.086901132328163
121030272083,9.835991315407032,1.858920187148187,36.9463516798668,31.184329771486308,36.11824365097323,11.754376454039184,7.669348983261598,36.65196785912759,38.41949333707654,15.18779629154641,37.18163245743214,31.54978536512166,36.009238436284335,14.57210467516392,10.794419736246436,17.71711989015207,29.743264016475557,18.735039416506904,37.90546097913672,2.6204778260402097,2.613775893619265,11.744456041219827,2.6380851126668245,36.25236768159935,1.7347765657221743
121030279013,28.129705037021,38.55342559345621,12.384407459966736,16.914708934369614,9.138435183130522,31.16897832671581,41.85247211516957,8.604710974976168,10.620904327927832,26.017664388438583,12.619688237532092,13.142456828280954,8.620836646803319,26.266788357590688,26.96056011282,22.85644206839789,13.48349819911,22.001733523737723,11.91607978063535,39.95104224281737,39.944340310396434,26.8440764400246,39.968649529444,13.893808959226854,39.06534098249933
121030201053,32.060500416923226,40.276478692368265,6.55092975334548,12.280156297845467,4.0975395143591005,32.892031425627835,43.57552521408163,3.568602409730405,3.939812311738836,31.25049241116623,6.786210530910832,9.291043052112885,4.902922943599111,31.495145723514334,30.514167880917643,28.202329653597268,11.76385987934695,28.184807047782638,5.654382365740821,42.828816659478896,42.82211472705796,29.54410352306437,41.893622124866326,8.581443244259425,41.94311539916088
121030223012,25.277760347256912,34.8771809710308,7.987000968982158,12.529957342108927,5.219864742270828,27.49273370429041,38.17622749274416,4.686140534116473,6.961190824402402,24.242126618524523,8.222281746547512,8.758267343426528,4.232173100426333,24.491250587676618,24.108615423055905,21.08090429848381,9.099308714255573,20.94831813434685,8.256366277109922,37.09909755305326,37.09239562063233,23.763393075149008,36.49432440352885,9.271862200900475,36.21339629273522
121030245142,12.67621563508798,20.892193910532978,17.763355268287945,12.00133335990747,16.935247239394382,13.507746643792588,24.19124043224634,17.468971447548746,19.2364969254977,11.866207629330985,17.998636045853296,12.366788953542828,16.826242024705486,12.110860941679087,11.1298830990824,8.81804487176201,10.560267604896724,9.790795327597328,18.722464567557893,23.44453187764361,23.437829945222667,10.159818741229122,22.50933734303104,17.0693712700205,22.55883061732558
121030247022,22.379802671871087,30.595780947316097,10.13229545409292,5.888265521595456,8.301366540752289,23.211333680575702,33.89482746902946,8.31557512657809,10.954894949413829,21.569794666114102,10.367576231658273,3.336164000022501,6.75998311753031,21.814447978462205,20.83347013586552,18.521631908545142,2.0933289958085317,18.929037672073,11.037984855374493,33.14811891442673,33.141416982005794,19.863405778012243,32.212924379814154,10.002227382796086,32.2624176541087
121030254162,7.108741070010268,18.168520636914625,21.75502638043992,15.993004472059456,20.92691835154636,12.614709536401186,22.618309883141084,21.460642559700723,23.228168037649684,6.288756017233407,21.99030715800528,16.358460065694814,20.817913136857477,6.5334093295815086,5.939596145809265,3.1853161195854445,14.55193871704871,4.158066575420756,22.714135679709877,18.93007827580665,18.923376343385712,5.8231124730138735,18.947685562433268,21.061042382172484,18.04437701548861
121030276041,11.28821464200418,20.498447540245746,34.405733925154614,28.643712016774145,33.17310055150447,17.93951084888865,26.12602662051253,33.08024769495134,35.096441047903014,9.17914444803582,34.641014702719964,29.00916761040949,31.59115376920231,8.934826633423212,10.737538006081314,10.124007684815354,27.202646261763395,9.412432125993131,35.364843224424554,21.077155463291135,21.07045353087019,10.887857227153036,21.094762749917745,33.71174992688715,20.23933967346219
121030248052,21.788307089757684,30.385698091780657,11.048320828894797,6.809618828390217,9.208061569854918,23.001250825040245,33.68474461349402,9.181706796600524,11.84923543831208,20.898521398182822,11.283601606460149,4.252189374824376,7.626114787552741,21.14764536733492,20.241974553752115,17.737299078142126,3.014682302603293,17.785706215626067,11.947760656688551,32.938036058891285,32.93133412647034,19.27191019589884,32.002841524278715,10.918252757597958,32.05233479857326
121030272091,10.685793445403329,4.461700056244855,38.06594473769376,32.3039228293133,37.23783670880019,12.87396951186618,10.089279136511642,37.77156091695456,39.5390863949035,12.6456586707181,38.30122551525911,32.66937842294866,37.12883149411129,12.401340856105492,11.914012794073432,15.54651338363738,30.86285707430255,16.062482500467908,39.02505403696369,5.040407979290254,5.033706046869311,12.864049099046824,5.058015265916869,37.37196073942631,4.202592189461309
121030202082,34.41422741322647,42.630205688671445,6.248259442032654,12.564939148601267,6.443822178768681,35.24575842193107,45.9292522103848,6.464319203357422,5.564273752954308,33.60421940746948,6.031328901743278,11.644770048416104,8.026032458013557,33.84887271981757,32.86789487722089,30.556056649900505,14.117586875650174,30.963462413428367,5.794532748311102,45.18254365578208,45.17584172336114,31.89783051936761,44.24734912116951,7.364441918807187,44.29684239546405
121030256041,7.782062602876548,19.365903215654352,23.884543887807403,18.122521979426946,23.056435858913847,14.421035228017978,24.42463557475789,23.590160067068204,25.35768554501716,4.217020932258674,24.11982466537276,18.487977573062302,22.651314490543065,4.46614490141077,7.209779514216989,1.0557986122179626,16.681456224416195,2.0285490680532745,24.843653187077354,20.127460854546374,20.120758922125432,7.136147108827356,20.14506814117299,23.190559889539973,19.24175959422835
121030274011,21.893427495745144,11.394592979224084,45.8634395991307,40.1014176907502,45.035331570237126,20.316784416714828,9.039973731182716,45.5690557783915,47.33658125634045,25.37620974141062,46.09872037669607,40.46687328438556,44.92632635554824,25.13189192679801,22.769073460154917,28.277064454329903,38.66035193573944,28.79303357116043,46.82254889840065,9.657763072695618,9.66446500511656,22.85496109738145,10.581165409215732,45.169455600863245,10.32265961461593
121030250072,14.570351445993682,25.63013101289804,18.98931509650624,13.914387645457769,16.822328245801867,20.57244957697407,30.576049923713967,16.791006580638122,19.45853522234968,11.59145788476888,19.224595874071596,13.504026399586904,15.24038146349969,11.840581853920977,13.401206521792677,8.43023556472817,11.031209572352832,8.440306970759542,19.56323466987801,26.391688651790066,26.38498671936912,13.284722848997284,26.40929593841668,18.79675224216308,25.505987391472026
121030251191,14.374860045640908,24.08978543366385,24.691594316617184,19.840212738295214,22.52460746591283,21.00400633025524,29.717364513930647,22.493285800749096,25.160814442460627,8.87392002271028,24.92687509418254,19.356098281960428,20.942660683610665,9.6525244154652,13.80345427222508,6.242178126272394,16.957034665190285,4.67730577079031,25.265513889988963,24.66849335670925,24.661791424288307,13.716279602278464,24.686100643335863,24.499031462274036,23.830677566880315
121030201083,33.72427327307204,44.14799382950727,11.024178365605,16.851479990096824,8.670003081828916,36.76354656276684,47.44704035122063,8.350330221412005,8.348458210206893,31.71473884501949,11.346103204837318,13.870950951476342,9.68465075528071,31.96386281417158,32.55512834887102,28.55351652497878,16.34376777871042,27.69880798031862,10.065069066335049,45.54561047886844,45.5389085464475,32.43864467607562,45.56321776549506,13.152216315466289,44.6599092185504
121030201071,34.43164129612429,43.2683210034575,9.436112777330816,15.263414401822631,7.081937493554733,35.88387373671714,46.56736752517087,6.762264633137821,6.760392621932709,32.42210686807174,9.758037616563136,12.28288536320216,8.096585167006527,32.67123083722383,33.26249637192328,29.260884548031022,14.755702190436232,28.406176003370863,8.477003478060869,45.82065897056814,45.8139570381472,32.535945834153665,44.88546443595557,11.564150727192104,44.93495771025011
121030201072,34.57268093929316,43.12728136028864,9.295073134161948,15.122374758653764,6.940897850385865,35.74283409354826,46.42632788200199,6.621224989968952,6.61935297876384,32.5631465112406,9.616997973394264,12.141845720033292,7.955545523837658,32.8122704803927,33.36497054883807,29.401924191199896,14.614662547267358,28.54721564653973,8.335963834891999,45.67961932739926,45.67291739497833,32.3949061909848,44.74442479278671,11.423111084023231,44.79391806708124
121030202061,33.20917077257833,41.4251490480233,7.085380615687503,12.944523760516129,5.238765538120543,34.040701781282934,44.72419556973668,5.259262562709284,4.409660460289397,32.399162766821334,7.439146975256631,10.43971340776796,6.7976233486267725,32.64381607916944,31.662838236572743,29.351000009252367,12.912530235002029,29.758405772780225,6.126271316417556,43.97748701513395,43.970785082713,30.692773878719475,43.042292480521375,9.245260085885594,43.09178575481592
121030202062,33.82166386986699,42.03764214531196,7.6474303649929345,13.50657350982156,5.851258635409197,34.65319487857159,45.33668866702533,5.871755659997941,4.971710209594826,33.01165586411,7.434007576016125,11.052206505056622,7.433468914654074,33.256309176458096,32.2753313338614,29.963493106541023,13.525023332290692,30.37089887006888,6.688321065722985,44.5899801124226,44.58327818000166,31.305266976008124,43.65478557781003,8.767120593080033,43.70427885210457
121030202071,93.79793948771076,93.79793948771076,93.79793948771076,93.79793948771076,93.79793948771076,93.79793948771076,93.79793948771076,93.79793948771076,93.79793948771076,93.79793948771076,93.79793948771076,93.79793948771076,93.79793948771076,93.79793948771076,93.79793948771076,93.79793948771076,93.79793948771076,93.79793948771076,93.79793948771076,93.79793948771076,93.79793948771076,93.79793948771076,93.79793948771076,93.79793948771076,93.79793948771076
121030202081,34.55744342598237,42.77342170142735,7.700259542342015,14.016939248910631,6.587038191524584,35.38897443468697,46.07246822314071,6.607535216113326,5.707489765710212,33.747435420225386,7.483329002052637,11.78798606117201,8.169248470769462,33.992088732573485,33.01111088997679,30.69927266265642,14.26080288840608,31.10667842618428,7.246532848620463,45.325759668538,45.31905773611704,32.041046532123524,44.39056513392541,8.816442019116547,44.44005840821996
121030202094,36.065345539624815,44.28132381506982,7.621960076325365,13.93863978289398,8.860171358233282,36.89687654832941,47.580370336783176,8.880668382822023,7.125582716153824,35.255337533867824,7.405029536035987,14.0611192278807,10.419029168739511,35.499990846215915,34.51901300361924,32.20717477629884,16.508119588837435,32.614580539826704,7.1682333826038125,46.83366178218045,46.826959849759504,33.548948645765975,45.89846724756788,8.738142553099896,45.94796052186242
121030272101,11.450924503128494,1.8938930718260287,38.561284867588256,32.79926295920776,37.73317683869468,13.369309641760646,7.52147215209282,38.26690104684904,40.03442652479799,14.10176276129771,38.79656564515359,33.16471855284313,37.624171624005776,13.8574449466851,12.409352923967898,17.00261747421699,31.358197204197012,17.518586591047516,39.52039416685818,2.4726009948714265,2.465899062450482,13.35938922894129,2.490208281498041,37.86730086932079,1.634785205042483
121030273142,15.524518944494828,4.592842775247214,38.93146622567193,33.16944431729143,38.103358196778366,10.21604586382425,1.5151208048756917,38.637082404932734,40.4046078828817,20.58849860837095,39.16674700323729,33.53489991092678,37.994352982089474,20.24904515666765,15.837100086696188,23.394060371655787,31.7283785622807,24.00532243812076,39.89057552494189,6.587443340912639,6.594145273333583,15.922987723922724,6.16935801546783,38.23748222740449,6.606579225073958
121030255051,6.932945699490764,17.2588306027931,27.085385619350426,21.32336371096996,26.257277590456862,13.572795639875917,22.886409683059888,26.791001798611223,28.55852727656018,1.9614861001629675,27.320666396915776,21.68881930460531,25.60036981008925,2.2106100693150643,6.36153992607494,2.1666878056764785,19.882297955959206,2.7749225350698685,28.044494918620376,17.8375385258385,17.83083659341755,6.287907520685307,17.855145812465118,26.391401621082984,16.999722736009556
121030269123,4.350792141250616,9.607487446113437,27.957360861245345,22.19533895286487,27.12925283235178,3.327664890567314,13.733747123383734,27.66297704050614,29.430502518455103,9.696771528148982,28.19264163881069,22.560794546500222,27.020247617662893,8.916975620889769,4.505030550918309,12.061990835877918,20.75427319785412,13.637177151070045,28.91647016051529,12.159825413224064,12.153123480803124,4.590918188144847,11.224630878611492,27.263376862977903,11.274124152906037
121030273172,14.381894657529944,3.825695184753608,37.38370342620678,31.62168151782631,36.555595397313226,7.753734201921344,3.977432466778597,37.08931960546758,38.85684508341652,19.733486355327365,37.61898420377212,31.987137111461667,36.44659018262434,18.95369044806815,14.541745378096692,22.098705663056297,30.180615762815567,23.238174847627143,38.34281272547673,6.701864698174679,6.695162765753735,14.627633015323228,5.402210424974225,36.68971942793935,5.839431634580351
121030240023,25.984044933354856,34.200023208799855,7.709367552859409,2.947553578383995,10.220008178730946,26.815575942059464,37.49906973051323,10.753732386885302,10.094725086629149,25.174036927597857,6.970017748703865,6.735488081725875,10.733400120656848,25.418690239945963,24.437712397349276,22.1258741700289,6.742490104170918,22.533279933556752,8.636100256238326,36.75236117591048,36.74565924348955,23.467648039496,35.81716664129792,5.048159366903827,35.86665991559246
121030240043,29.745126354963467,37.96110463040847,9.54308335885026,7.310491787313931,12.110519486462763,30.57665736366808,41.26015115212182,12.64424369461712,11.985236394360966,28.93511834920647,8.803733554694723,9.724676732554052,12.623911428388668,29.17977166155457,28.19879381895789,25.886955591637506,11.105428313100855,26.29436135516536,10.438146657831448,40.513442597519095,40.50674066509816,27.22872946110461,39.578248062906525,6.967413197443747,39.62774133720108
121030244062,20.975936200231956,29.19191447567696,12.422812516323216,6.608291246640641,13.861919308698544,21.80746720893656,32.49096099739032,14.395643516852902,14.74056315935034,20.16592819447495,11.683462712167676,9.293461022846984,14.374349273388102,20.410581506823057,19.429603664226374,17.11776543690598,8.712117520779916,17.999098114024772,13.38192181559317,31.74425244278759,31.73755051036665,18.45953930637309,30.80905790817502,10.20938648659238,30.85855118246956
121030244063,21.817199108702894,30.0331773841479,14.779289594590855,8.964768324908277,16.218396386966177,22.648730117407503,33.332223905861255,16.752120595120537,17.097040237617975,21.007191102945903,14.039939790435316,11.649938101114625,16.730826351655736,21.251844415294013,20.27086657269733,17.95902834537693,11.068594599047554,18.84036102249573,15.738398893860811,32.585515351258536,32.5788134188376,19.300802214844047,31.65032081664597,12.24968155089264,31.69981409094051
121030244101,23.153013888266784,31.36899216371179,10.3256057268362,4.511084457153619,12.75541601329235,23.98454489697139,34.66803868542514,13.289140221446706,12.64335636986332,22.343005882509782,9.58625592268066,8.299018960495498,13.267845977981912,22.58765919485789,21.606681352261205,19.29484312494081,7.741777412409119,20.176175802059603,11.284715026106152,33.92133013082242,33.91462819840147,20.63661699440793,32.98613559620984,8.388271641921303,33.03562887050439
121030244102,21.96764682123768,30.18362509668269,11.309655843046958,5.4951345733643775,13.06845739759991,22.799177829942284,33.482671618396026,13.60218160575427,13.62740648607408,21.157638815480684,10.570306038891417,8.499999111748355,13.580887362289472,21.402292127828787,20.4213142852321,18.109476057911703,7.918655609681284,18.9908087350305,12.26876514231691,32.73596306379331,32.72926113137237,19.45124992737882,31.800768529180743,9.442149539904898,31.850261803475288
121030244121,23.22095948353526,31.436937758980267,12.331903568538992,6.8855527817619455,12.596242939538316,24.052490492239876,34.73598428069363,13.129967147692676,14.122179287430596,22.41095147777827,12.567184346104346,8.027784653686764,13.10867290422788,22.655604790126365,21.674626947529685,19.362788720209306,7.446441151619693,19.770194483737157,13.291012867808943,33.989275726090895,33.98257379366996,20.704562589676407,33.054081191478325,11.637919570271553,33.10357446577287
121030244122,20.17329650236013,28.38927477780513,16.066659930969962,9.787670180981827,15.451843732365822,21.004827511064736,31.688321299518496,15.98556794052018,17.753093418469135,19.363288496603136,15.335664062372306,10.883385446514268,15.964273697055384,19.60794180895124,18.62696396635455,16.315125739034166,10.3020419444472,16.722531502562013,17.025769230239906,30.94161274491577,30.934910812494824,17.65689960850127,30.006418210303195,14.207507563385787,30.055911484597736
121030273162,15.864619456748754,4.932943287501136,39.27156673792586,33.50954482954536,38.44345870903229,10.556146376078171,1.1750202926217692,38.97718291718666,40.744708395135625,20.92859912062487,39.506847515491216,33.875000423180715,38.33445349434339,20.589145668921564,16.177200598950108,23.734160883909706,32.06847907453462,24.345422950374672,40.23067603719581,6.247342828658716,6.254044761079659,16.263088236176646,6.206284163216543,38.57758273965842,6.946679737327879
121030273173,13.544038943438265,2.612362774190652,36.9509862246154,31.188964316234895,36.12287819572182,10.656491560549512,5.1850257539974685,36.65660240387619,38.42412788182517,18.60801860731439,37.18626700218075,31.55441990987025,36.01387298103292,18.26856515561109,13.85662008563962,21.413580370599227,29.747898561224144,22.0248424370642,37.91009552388535,5.488532287611724,5.48183035519078,13.94250772286616,4.188878014411269,36.25700222634794,4.626099224017396
121030273182,12.17563370348224,5.68781295054333,35.42985056302472,29.667828654644257,34.60174253413117,6.316194293011438,5.971326907678932,35.13546674228552,36.90299222023449,17.527225401279658,35.66513134059008,30.033284248279617,34.49273731944228,16.747429494020448,12.335484424048987,19.89244470900859,28.226762899633503,21.46763102420072,36.38895986229467,8.497415661563753,8.490713729142808,12.421372061275523,7.304956383041381,34.73586656475729,7.611714401245715
121030273261,14.110846123519451,6.660118996751506,37.11265489219628,31.350632983815817,36.28454686330272,7.482685667910853,6.811856278776495,36.81827107145708,38.585796549406034,19.462437821316872,37.34793566976164,31.716088577451178,36.17554164861383,18.682641914057665,14.2706968440862,21.8276571290458,29.909567228805077,23.40284344423793,38.07176419146622,9.536288510172572,9.529586577751632,14.356584481312735,8.236634236972124,36.41867089392885,8.673855446578251
121030244132,22.485514019020798,30.7014922944658,9.93229158566349,4.485940798886447,10.546640387547594,23.3170450277254,34.00053881617916,11.080364595701951,11.722567304555096,21.67550601326379,10.167572363228846,5.99060357611135,11.059070352237155,21.920159325611905,20.93918148301521,18.627343255694825,5.410967788829757,19.03474901922268,10.891400884933445,33.253830261576425,33.24712832915549,19.969117125161933,32.318635726963855,9.238307587396053,32.3681290012584
121030244133,21.8669823488006,30.082960624245608,11.732294148134628,5.97628966998101,11.996633519133953,22.6985133575052,33.38200714595896,12.530357727288312,13.522569867026233,21.0569743430436,11.051461135508047,7.428175233282397,12.509063483823512,21.301627655391712,20.320649812795025,18.00881158547463,6.846831731215328,18.890144262593417,12.691403447404577,32.63529859135623,32.62859665893529,19.350585454941744,31.700104056743665,9.923304636521529,31.74959733103821
121030244134,24.416245515775447,32.63222379122045,11.588837354344856,5.774316084662277,14.018647640801008,25.24777652448005,35.931270312933776,14.552371848955364,13.906587997371975,23.60623751001845,10.849487550189313,9.562250588004158,14.531077605490564,23.850890822366555,22.869912979769868,20.558074752449475,9.005009039917777,21.439407429568263,12.54794665361481,35.18456175833106,35.17785982591012,21.89984862191659,34.24936722371847,9.721331051202798,34.29886049801303
121030245054,14.812754301707002,23.02873257715202,16.58012936264477,10.818107454264291,15.752021333751207,15.644285310411613,26.327779098865385,15.7518512169462,18.05327101985452,13.993989719023109,16.815410140210112,11.18356304789965,14.20122609980777,14.243113688175209,13.266421765701423,10.832767398982396,8.73845234656747,10.88117453646634,17.539238661914716,25.58107054426266,25.574368611841717,12.296357407848149,24.64587600965008,15.886145364377333,24.695369283944625
121030245082,11.039449563510482,19.146423565759545,19.48697874777092,13.72495683939044,18.65887071887736,11.761976299019144,22.44547008747291,19.19259492703172,20.960120404980668,11.0394746447567,19.722259525336263,14.090412433025795,18.549865504188457,11.284127957104804,9.4659172599001,7.99131188718773,12.28389108437969,8.964062343023045,20.446088047040856,21.698761532870176,21.692059600449237,8.495852902046822,20.7635669982576,18.79299474950348,20.813060272552143
121030245091,16.95899043521156,25.17496871065657,15.582822395621974,9.303832645633843,15.763075115674576,17.79052144391617,28.47401523236993,16.29679932382893,17.37309811451358,16.148982429454566,15.586676409217027,11.19461682982302,16.275505080364137,16.39363574180267,15.412657899205986,13.100819671885596,10.613273327755952,13.982152349004387,16.54193169489192,27.727306677767206,27.72060474534625,14.442593541352707,26.792112143154625,14.45851991023051,26.84160541744917
121030245092,20.58500183178448,28.800980107229485,16.13818373644052,10.32366246675794,17.577290528815844,21.41653284048909,32.10002662894286,18.1110147369702,18.45593437946764,19.77499382602749,15.39883393228498,13.008832242964289,18.0897204935054,20.019647138375596,19.038669295778902,16.72683106845852,12.427488740897216,17.60816374557731,17.09729303571047,31.353318074340127,31.346616141919174,18.068604937925627,30.41812353972756,13.946306889562452,30.467616814022097
121030273231,16.098955900981043,6.56721589893263,39.100764669657885,33.33874276127742,38.272656640764325,9.47079544537245,6.718953180957619,38.80638084891868,40.57390632686764,21.45054759877848,39.33604544722324,33.70419835491278,38.16365142607544,20.670751691519264,16.258806621547794,23.81576690650741,31.89767700626668,25.390953221699537,40.05987396892783,9.443385412353695,9.436683479932755,16.344694258774336,8.143731139153243,38.40678067139045,8.580952348759373
121030273232,15.109732801919856,5.577992799871436,38.11154157059669,32.34951966221623,37.28343354170313,8.48157234631126,5.729730081896425,37.817157749857486,39.58468322780645,20.46132449971729,38.34682234816204,32.71497525585159,37.17442832701424,19.68152859245807,15.269583522486606,22.826543807446217,30.908453907205487,24.401730122638345,39.07065086986664,8.454162313292505,8.447460380871563,15.355471159713144,7.154508040092056,37.41755757232925,7.59172924969818
121030273241,17.87986628175865,8.635433815713164,40.88167505043547,35.11965314205499,40.05356702154192,11.251705826150047,8.787171097738154,40.58729122969627,42.35481670764522,23.231457979556065,41.116955828000805,35.48510873569036,39.944561806853024,22.451662072296852,18.0397170023254,25.596677287285,33.67858738704426,27.171863602477128,41.84078434970542,11.51160332913424,11.504901396713295,18.12560463955194,10.211949055933784,40.187691052168034,10.64917026553991
121030273251,18.01947134862684,8.775038882581354,41.02128011730367,35.25925820892319,40.19317208841012,11.39131089301824,8.926776164606345,40.72689629656447,42.49442177451341,23.371063046424258,41.25656089486902,35.62471380255856,40.084166873721216,22.591267139165048,18.17932206919359,25.736282354153197,33.81819245391245,27.311468669345324,41.980389416573615,11.65120839600243,11.644506463581488,18.265209706420126,10.351554122801977,40.32729611903623,10.788775332408102
121030273252,15.11912204662925,5.874689580583772,38.12093081530609,32.35890890692562,37.292822786412536,8.490961591020653,6.026426862608762,37.82654699456688,39.59407247251583,20.47071374442667,38.35621159287143,32.72436450056099,37.18381757172363,19.69091783716745,15.278972767196,22.835933052155603,30.91784315191487,24.41111936734773,39.08004011457604,8.750859094004845,8.744157161583903,15.364860404422537,7.45120482080439,37.42694681703863,7.888426030410515
121030273262,14.719494061278535,5.475061595233056,37.72130282995536,31.959280921574905,36.8931948010618,8.091333605669936,5.626798877258044,37.42691900921616,39.19444448716511,20.07108575907596,37.95658360752072,32.32473651521027,36.78418958637292,19.29128985181674,14.879344781845283,22.436305066804884,30.518215166564158,24.01149138199701,38.68041212922531,8.351231108654126,8.344529176233186,14.96523241907182,7.051576835453673,37.02731883168793,7.488798045059799
121030273272,16.07068847409808,10.56982185945986,39.07249724277492,33.310475334394454,38.24438921388137,9.442528018489476,10.72155914148485,38.77811342203572,40.54563889998467,21.42228017189551,39.307778020340265,33.675930928029814,38.13538399919248,20.64248426463629,16.230539194664832,23.78749947962444,31.869409579383703,25.362685794816567,40.03160654204487,13.44599137288093,13.439289440459987,16.31642683189137,12.146337099680474,38.378513244507495,12.583558309286609
121030245122,15.981805149479149,24.197783424924147,14.745810390205232,8.983788481824757,13.917702361311672,16.813336158183755,27.496829946637515,14.451426569466031,16.218952047414987,15.171797143722152,14.981091167770582,9.349244075460115,13.808697146622771,15.416450456070256,14.435472613473568,12.12363438615318,7.542722726814003,12.531040149681036,15.70491968947518,26.750121392034785,26.743419459613843,13.465408255620291,25.814926857422208,14.051826391937793,25.86442013171676
121030245141,11.048976313122523,19.264954588567534,18.552365641197504,12.790343732817034,17.72425761230394,11.880507321827134,22.5640011102809,18.257981820458305,20.02550729840726,10.238968307365528,18.78764641876285,13.15579932645239,17.61525239761505,10.483621619713633,9.502643777116946,7.190805549796561,11.349277977806286,8.163556005631873,19.51147494046745,21.81729255567817,21.810590623257223,8.532579419263671,20.882098021065588,17.858381642930063,20.931591295360136
121030276031,15.343734996061295,24.66408436949232,28.59332942218409,24.983391817243408,26.424179272924277,21.99404628154775,30.29166344975912,26.33132641637113,28.347519769322798,10.114437862201946,28.82861019974945,24.45554145480018,24.842232490622106,10.366529636782223,14.78279056774676,8.26900770557325,22.10021374413848,7.557432146751029,29.16724899555588,25.24279229253772,25.236090360116773,14.709158162357127,25.260399579164336,29.5984746351138,24.404976502708777
121030276032,15.330999260631923,24.651348634062952,28.606065157613465,24.99612755267277,26.436915008353644,21.981310546118376,30.278927714329743,26.344062151800497,28.360255504752164,10.101702126772576,28.84134593517882,24.46827719022955,24.854968226051472,10.353793901352857,14.770054832317392,8.25627197014388,22.11294947956785,7.544696411321662,29.179984730985247,25.230056557108355,25.22335462468741,14.69642242692776,25.24766384373497,29.611210370543173,24.392240767279407
121030276051,13.11511922897995,22.43546860241096,30.322118178831143,24.56009627045068,28.652795040005632,19.765430514466388,28.06304768267775,28.55994218345249,30.57613553640415,7.8858220951206,30.5573989563965,24.92555186408604,27.07084825770346,8.137913869700881,12.554174800665416,6.040391938491898,23.11903051543993,5.328816379669677,31.281227478101098,23.014176525456364,23.00747459303541,12.480542395275783,23.03178381208298,29.628134180563706,22.17636073562742
121030245143,11.331967509266317,19.547945784711327,17.46654575408502,11.704523845704548,16.63843772519146,12.163498517970924,22.846992306424685,17.172161933345816,18.939687411294774,10.52195950350932,17.701826531650376,12.069979439339908,16.529432510502566,10.766612815857426,9.785634973260738,7.47379674594035,10.263458090693804,8.446547201775662,18.42565505335497,22.10028375182197,22.09358181940102,8.81557061540746,21.16508921720939,16.772561755817577,21.21458249150393
121030245101,12.56020262994982,20.77618090539483,18.133987727944028,12.371965819563554,17.305879699050468,13.391733638654426,24.0752274271082,17.83960390720483,19.607129385153776,11.750194624192822,18.36926850550937,12.737421413198913,17.196874484361572,11.994847936540928,11.01387009394424,8.702031866623855,10.930900064552809,9.67478232245917,19.09309702721397,23.328518872505462,23.321816940084528,10.043805736090963,22.393324337892885,17.440003729676594,22.44281761218743
121030245103,12.757861059429043,20.973839334874054,17.936329298464806,12.17430739008433,17.108221269571246,13.58939206813365,24.272885856587425,17.641945477725606,19.40947095567456,11.947853053672045,18.171610076030163,12.53976298371969,16.99921605488235,12.19250636602015,11.211528523423464,8.89969029610308,10.73324163507358,9.872440751938392,18.895438597734746,23.52617730198469,23.519475369563743,10.241464165570187,22.590982767372115,17.24234530019737,22.64047604166666
121030246013,19.763753475842712,27.97973175128772,9.03475978750862,3.272737879128145,8.206651758615063,20.595284484547324,31.27877827300108,8.740375966769422,10.507901444718378,18.953745470085718,9.270040565073971,3.638193472763505,8.719081723304624,19.198398782433816,18.217420939837133,15.905582712516754,3.056849970696435,16.312988476044605,9.993869086778568,30.532069718398358,30.52536778597741,17.24735658198386,29.596875183785777,8.34077578924118,29.64636845808032
121030247011,21.30199788154517,29.517976156990176,8.885570952754277,3.123549044373801,7.849956276934467,22.13352889024978,32.817022678703545,8.383680485088824,10.358712609964034,20.49198987578817,9.120851730319623,3.2814979910829094,8.36238624162403,20.736643188136277,19.755665345539587,17.443827118219208,2.7001544890158398,17.85123288174707,9.844680252024224,32.07031412410081,32.063612191679866,18.785600987686315,31.135119589488237,8.19158695448684,31.184612863782775
121030247012,20.6360517484958,28.85203002394081,9.77146133491574,4.009439426535267,8.735846659095934,21.46758275720041,32.15107654565417,9.269570867250293,11.244602992125497,19.82604374273882,10.00674211248109,4.167388373244376,8.194638414133253,20.070697055086917,19.089719212490238,16.77788098516986,1.9286639943244843,17.18528674869771,10.730570634185687,31.404367991051444,31.3976660586305,18.11965485463696,30.469173456438867,9.077477336648307,30.51866673073341
121030247013,22.190590705862245,30.40656898130725,8.611274571887066,3.164923785110015,7.043751956204585,23.022121714566847,33.7056155030206,7.577476164358941,9.69728036486612,21.380582700105247,8.846555349452418,1.8428040865571595,7.556181920894144,21.625236012453342,20.644258169856663,18.332419942536283,0.6300127406769083,18.73982570606414,9.570383871157013,32.95890694841788,32.95220501599693,19.674193812003388,32.02371241380531,7.917290573619625,32.073205688099854
121030276061,16.544378787348236,25.864728160779254,27.39268563089716,23.78274802595647,25.22353548163733,23.194690072834685,31.492307241046053,25.130682625084187,27.14687597803585,11.315081653488884,27.627966408462516,23.25489766351324,23.64158869933516,11.567173428069166,15.983434359033703,9.469651496860193,20.899569952851543,8.240005310187932,27.966605204268937,26.44343608382466,26.436734151403712,15.909801953644068,26.461043370451275,28.397830843826863,25.60562029399572
121030277031,20.444953839881663,29.765303213312677,23.40134100605372,22.78968947239052,21.2321908567939,27.095265125368098,35.39288229357949,21.139338000240752,23.15553135319242,15.21565670602232,23.636621783619077,19.2635530386698,19.65024407449172,15.467748480602603,19.88400941156713,13.370226549393616,18.994752946603576,12.064706406367913,23.97526057942549,30.34401113635807,30.33730920393713,19.8103770061775,30.361618422984687,24.406486218983428,29.50619534652913
121030277032,19.010108003075864,28.330457376506875,24.83618684285953,24.22453530919632,22.6670366935997,25.66041928856229,33.958036456773655,22.57418383704656,24.590377189998225,13.780810869216513,25.071467620424883,20.69839887547561,21.085089911297533,14.032902643796795,18.449163574761325,11.93538071258781,20.42959878340939,10.629860569562103,25.410106416231308,28.909165299552267,28.90246336713132,18.37553116937169,28.92677258617889,25.841332055789238,28.071349509723326
121030278011,21.923370353366305,32.3484595522112,16.908871854526726,16.29722032086352,14.739721705266902,28.31848024770186,37.976038632478,14.646868848713757,16.663062201665422,16.951910754038533,17.14415263209208,12.771083887142812,13.15777492296473,17.20103472319063,21.147237192520485,13.79068843399782,12.502283795076588,12.935979889337656,17.482791427898505,32.92716747525658,32.92046554283564,21.03075351972509,32.9447747618832,17.914017067456427,32.08935168542766
121030247032,22.726337480691125,30.94231575613613,10.478830262912954,6.234800330415487,8.647901349572319,23.557868489395734,34.24136227784949,8.66210993539812,11.30142975823386,21.916329474934138,10.714111040478304,3.682698808842532,7.1065179263503415,22.16098278728224,21.180004944685557,18.86816671736518,2.439863804628564,19.27557248089303,11.384519664194524,33.49465372324676,33.487951790825825,20.209940586832275,32.559459188634186,10.348762191616116,32.608952462928734
121030247033,22.885575785724555,31.10155406116956,7.58902097763299,3.859908864972327,5.75809206429236,23.717106794429167,34.40060058288291,6.291816272446718,8.4116204729539,22.07556777996756,7.824301755198342,0.5571441946449353,6.27052202898192,22.320221092315663,21.33924324971897,19.0274050223986,1.9156726325891325,19.43481078592645,8.49471037891456,33.65389202828018,33.647190095859244,20.3691788918657,32.71869749366762,7.458952906336152,32.76819076796217
121030248031,19.3557699661062,27.946408246190288,12.662520807552257,6.900498899171773,11.512563706974053,20.56196097944988,31.24545476790365,11.53996700492626,14.13566246476201,18.46598427453133,12.897801585117604,6.311615837326622,9.989341887787823,18.715108243683428,17.809437430100626,15.304761954490624,3.838799010092556,15.353169091974562,13.621630106822204,30.49874621330093,30.492044280879977,16.83937307224735,29.56355167868835,11.968536809284815,29.613044952982897
121030248032,20.93894128425579,29.53620379350397,11.505783853503592,6.059433066726541,9.938261237821113,22.15175652676356,32.83525031521734,10.02407869725076,12.591789646482647,20.04915559268092,11.741064631068944,4.737313368173687,8.468486688202981,20.298279561833024,19.39260874825022,16.88793327264022,2.264496540939615,16.936340410124156,12.464893152773538,32.0885417606146,32.08183982819366,18.422544390396958,31.15334722600203,10.811799855236153,31.20284050029657
121030248051,21.616361953695908,30.21375295571887,11.220265964956573,6.981563964451992,9.380006705916692,22.82930568897847,33.512799477432246,9.3536519326623,12.021180574373854,20.72657626212104,11.455546742521928,4.42413451088615,7.798059923614516,20.975700231273137,20.07002941769033,17.565353942080346,3.1866274386650684,17.61376107956429,12.119705792750327,32.766090922829505,32.75938899040856,19.099965059837064,31.83089638821693,11.090197893659733,31.880389662511483
121030249042,16.035097535490614,24.251075810935625,15.364915539825024,9.602893631444545,14.536807510931464,16.866628544195216,27.55012233264899,15.070531719085825,16.838057197034775,15.21633295280672,15.600196317390374,9.968349225079908,13.7905852784298,15.46545692195882,14.488764999485038,12.055110632766008,7.524610858621036,12.103517770249953,16.324024839094967,26.80341377804626,26.796711845625317,13.51870064163176,25.868219243433693,14.670931541557584,25.91771251772823
121030250092,14.335164034952893,23.11529437272363,16.670802213892955,10.908780305512474,15.842694184999392,15.730847105983225,26.41434089443699,16.376418393153752,18.14394387110271,13.44537834337802,16.906082991458305,11.274235899147833,14.843196043967902,13.69450231253012,12.78883149894732,10.284156023337315,9.3804222907276,10.332563160821255,17.6299115131629,25.667632339834267,25.660930407413325,11.818767141094046,24.73243780522169,15.976818215625512,24.78193107951624
121030250112,10.729082977451192,21.788862544355545,20.305783697990737,14.543761789610263,18.483401858036835,16.731181108431578,26.73478145517148,18.45208019287309,21.11960883458465,9.828608825582632,20.541064475556087,14.90921738324562,16.901455075734663,10.07773279473473,9.55993805325019,6.667386505541924,12.491562588993183,6.715793643025866,21.224308282112982,22.55042018324757,22.543718250826625,9.443454380454796,22.56802746987419,19.611799699723296,21.66471892292953
121030278022,23.26403424004826,33.689123438893155,15.028269787396656,17.637884207545476,12.859119638136834,29.65914413438381,39.31670251915996,12.766266781583688,14.782460134535349,18.292574640720485,15.26355056496201,14.111747773824767,11.27717285583466,18.54169860987258,22.48790107920244,15.13135232067978,13.842947681758544,14.276643776019617,15.602189360768437,34.26783136193855,34.26112942951761,22.371417406407044,34.28543864856517,16.09453220175926,33.43001557210962
121030280021,31.973309136941268,42.39702969337652,11.89444493651383,17.72174656100565,9.540269652737749,35.01258242663607,45.69607621508987,9.220596792320832,9.21872478111572,29.96377470888872,12.216369775746148,14.74121752238517,10.55491732618954,30.212898678040816,30.80416421274026,26.802552388848017,17.21403434961924,25.94784384418785,10.935335637243876,43.79464634273767,43.78794441031673,30.68768053994486,43.81225362936429,14.022482886375116,42.90894508241964
121030280022,30.25496330869003,40.67868386512526,13.612790764765071,19.03996720603864,11.25861548098899,33.294236598384835,43.97773038683862,10.729969246645208,10.937070609366964,28.24542888063748,13.934715603997391,15.267715099949994,10.74609491847236,28.49455284978957,29.085818384489023,25.084206560596776,15.608756470779044,24.22949801593661,12.653681465495122,42.07630051448643,42.069598582065495,28.969334711693627,42.09390780111305,15.74082871462636,41.19059925416839
121030250113,12.043195927834937,23.102975494739272,20.074358902271964,14.31233699389149,18.251977062318065,18.045294058815312,28.048894405555213,18.22065539715432,20.888184038865877,11.142721775966375,20.309639679837318,14.67779258752685,16.67003028001589,11.39184574511847,10.87405100363393,7.981499455925666,12.260137793274412,8.029906593409608,20.992883486394213,23.86453313363131,23.857831201210363,10.757567330838535,23.88214042025792,19.38037490400452,22.978831873313265
121030250123,12.99036048519148,24.050140052095824,18.38911120100093,13.314183749952456,16.22212435029655,18.992458616171863,28.99605896291176,16.190802685132805,18.858331326844368,12.08988633332292,18.62439197856628,12.903822504081596,14.64017756799438,12.339010302475016,11.821215560990478,8.928664013282212,10.431005676847525,8.977071150766156,18.963030774372704,24.811697690987856,24.80499575856692,11.704731888195084,24.829304977614477,18.19654834665777,23.92599643066982
121030250171,18.78001641614843,28.43382797129458,13.819413228638544,8.436286271677506,11.652426377934178,22.226910789369114,32.56008764856488,11.621104712770434,14.288633354481984,17.87954226427987,14.054694006203905,7.11416657312465,10.070479595632005,18.12866623343196,17.610871491947425,14.718319944239154,4.64134974589058,14.674120075964847,14.393332802010324,30.601353621944817,30.594651689523868,16.911224524817722,30.050971403792637,13.18865306018712,29.71565236162677
121030250181,19.35599822916584,28.36220478178385,13.025631571552314,7.6423761218164925,10.858644720847945,21.433000639508105,32.116494427961875,10.8273230556842,13.494851697395754,18.46621253759097,13.260912349117667,6.320256423263637,9.27669793854577,18.71533650674307,17.809665693160273,15.304990217550268,3.847439596029567,15.35339735503421,13.59955114492409,30.914542748894476,30.907840816473527,16.839601335306995,29.979348214281902,12.394742910326103,30.028841488576447
121030250191,18.281066041122465,29.34084560802681,13.098405645069937,10.3997742074485,10.931418794365571,24.19039872514011,34.28676451884276,10.900097129201828,13.56762577091338,17.380591889253903,13.333686422635294,7.762909610413166,9.349472012063398,17.629715858405998,17.111921116921458,14.219369569213194,6.604837681661575,14.175169700938886,13.67232521844172,30.102403246918847,30.095701314497894,16.99543744412606,30.120010533545457,12.905842790726783,29.2167019866008
121030250192,19.446296942163748,29.34964258251516,13.144961676407725,9.35210088289809,10.97797482570336,23.142725400589693,33.475902259785464,10.946653160539617,13.614181802251164,18.545822790295187,13.38024245397308,6.803956833046425,9.39602804340118,18.794946759447285,18.27715201796274,15.384600470254473,5.557164357111157,15.340400601980168,13.718881249779503,31.267634147960127,31.260932215539174,17.827039136038305,30.966786015013213,12.95239882206457,30.381932887642083
121030251073,17.828784628813573,28.592613255488107,17.48651292797421,14.585874802375937,15.31952607726986,24.223894523149124,34.22019233575488,15.288204412106117,17.955733053817653,12.85732502948579,17.721793705539564,12.15101689331745,13.737579294967686,13.106448998637886,17.052651467967753,9.69610270944508,11.702696729271002,9.56351654530812,18.06043250134599,29.171321178533496,29.164619246112554,16.93616779517236,29.18892846516011,17.293950073631056,28.33350538870456
121030281023,27.20079134885615,36.80021197263004,7.642217141710041,13.371443686210032,5.184022793684737,29.415764705889654,40.0992584943434,4.650298585530381,5.038159822803162,26.16515762012376,7.877497919275394,9.990779170955866,4.666424257357534,26.41428158927586,26.031646424655147,23.00393530008305,10.331820541784907,22.87134913594609,6.74566975410538,39.02212855465249,39.01542662223154,25.68642407674825,38.41735540512808,9.672730632623985,38.13642729433445
121030281031,25.887046729882663,36.31076728631788,10.141749152828408,14.672050627231284,6.895776875992195,28.926320019577467,39.60981380803125,6.362052667837838,8.378246020789508,24.85141300115028,10.377029930393764,10.89979852114263,6.378178339664989,25.100536970302368,24.71790180568166,21.69019068110955,11.240839891971673,21.5576045169726,9.673421473497022,37.70838393567905,37.701682003258114,24.601418132886263,37.72599122230567,11.651150652088528,36.82268267536101
121030281032,25.243297585823104,35.66701814225832,9.498000008768848,14.02830148317172,6.252027731932628,28.282570875517912,38.96606466397167,5.718303523778272,7.734496876729938,24.207663857090715,9.7332807863342,10.25604937708306,5.734429195605424,24.45678782624281,24.0741526616221,21.04644153704999,10.59709074791211,20.913855372913037,9.029672329437458,37.06463479161949,37.05793285919854,23.9576689888267,37.0822420782461,11.007401508028964,36.17893353130144
121030281043,24.94459035230992,35.36831090874513,9.199292775255657,13.729594249658533,5.953320498419442,27.983863642004724,38.66735743045849,5.419596290265086,7.435789643216752,23.90895662357753,9.43457355282101,9.957342143569877,5.435721962092237,24.158080592729625,23.775445428108917,20.7477343035368,10.298383514398925,20.61514813939985,8.730965095924269,36.7659275581063,36.75922562568535,23.65896175531352,36.78353484473292,10.708694274515777,35.88022629778826
121030219003,26.32268039690734,34.53865867235235,3.808396384026281,6.008403513695822,2.5582123644654664,27.154211405611942,37.83770519406571,3.0919365726198227,4.414019434758924,25.512672391150343,4.043677161591635,3.553223032096985,3.0706423291550253,25.757325703498445,24.77634786090176,22.464509633581383,6.026039859331054,22.87191539710924,4.386999026109412,37.09099663946299,37.08429470704205,23.80628350304848,36.155802104850416,3.6089168268088017,36.20529537914497
121030220001,27.03634915338568,35.483189395413675,4.36482257674527,9.673234742651037,2.178907398662829,28.09874212867328,38.78223591712701,2.155902154456326,4.829927587706606,26.00071542465329,4.600103354310623,6.307566734137179,0.5941888998001925,26.249839393805384,25.72087858396309,22.83949310461258,6.980737443906114,22.706906940475623,4.9235846439144,38.035527362524284,38.02882543010334,24.750814226109814,37.100332827911714,6.411923854434373,37.149826102206255
121030220002,26.90697891140058,35.3538191534286,4.478387010341118,9.0245591304761,2.3055059240874685,27.969371886688176,38.652865675141925,2.282500679880964,4.956526113131242,25.87134518266819,4.713667787906472,5.658891121962242,1.908922344673488,26.12046915182029,25.591508341977992,22.71012286262748,6.851367201921014,22.577536698490523,5.0501831693390375,37.9061571205392,37.89945518811826,24.621443984124717,36.97096258592662,5.763248242259436,37.02045586022117
121030220003,27.693851839926943,35.90983011537195,3.2343593103422577,8.290062483630456,1.0484441322598177,28.525382848631548,39.20887663708532,1.0254388880533143,3.699464321303593,26.883843834169948,3.469640087907611,4.924394475116594,0.7889833592203909,27.128497146518047,26.14751930392136,23.835681076600984,7.39721130235066,23.83459849031817,3.793121377511388,38.46216808248259,38.45546615006165,25.17745494606809,37.52697354787002,5.028751595413789,37.57646682216456
121030222001,25.202855616460745,34.3117747022181,6.178422547529833,9.166680358332153,4.012643034067979,26.92732743547769,37.61082122393143,3.9862882608135872,6.653816902525139,24.16722188772836,6.413703325095187,5.468281379881479,2.430696251765805,24.41634585688045,24.03371069225974,21.00599956768764,5.809322750710526,20.87341340355068,6.752342120901612,36.86411266932871,36.85741073690776,23.579399532914227,35.928918134716135,6.062828013516213,35.97841140901067
121030222004,25.62746112935876,35.22688175313265,5.7579047923829485,10.302264106174588,3.585023706129298,27.842434486392257,38.52592827484602,3.558668932874904,6.226197574586455,24.591827400626368,5.9931855699483005,6.604480410245603,2.003076923827123,24.840951369778463,24.45831620515775,21.430605080585654,6.945521781074649,21.2980189164487,6.329700951380868,37.44879833515511,37.442096402734165,24.113093857250853,36.84402518563071,7.042766024301266,36.56309707483706
121030223013,24.45020314492456,34.04962376869847,7.714833107645117,12.257789480771883,5.541952021391467,26.665176501958065,37.34867029041183,5.510630356227721,7.790744816610895,23.41456941619217,7.950113885210471,8.486099482089484,3.960005239089292,23.663693385344267,23.281058220723555,20.253347096151455,8.82714085291853,20.1207609320145,8.286629266643034,36.27154035072092,36.26483841829998,22.935835872816657,35.666767201196514,8.999694339563433,35.385839090402875
121030223021,23.855416450691436,33.45483707446534,8.909008496451456,11.816120415378755,6.742021645747091,26.070389807724933,36.7538835961787,6.710699980583346,8.997668361840404,22.81978272195904,9.144289274016812,8.043868309290099,5.160074863444915,23.06890669111113,22.686271526490422,19.658560401918333,8.384909680119147,19.525974237781373,9.482928069823233,35.6767536564878,35.67005172406686,22.34104917858353,35.07198050696339,8.795220440236001,34.79105239616976
121030223022,23.831242124078948,33.430662747852864,8.319049182191405,11.305783291572231,6.152062331487042,26.046215481112448,36.72970926956622,6.1207406663232975,8.788269308034847,22.79560839534656,8.554329959756762,7.533531185483578,4.570115549184866,23.044732364498653,22.662097199877945,19.63438607530584,7.874572556312622,19.501799911168884,8.892968755563183,35.65257932987532,35.64587739745437,22.316874851971043,35.04780618035091,8.20526112597595,34.76687806955727
121030223023,24.43490164699142,34.03432227076534,7.523680321921565,10.51041443130239,5.356693471217199,26.649875004024924,37.33336879247869,5.325371806053455,7.992900447765008,23.39926791825904,7.758961099486921,6.738162325213734,3.774746688915023,23.648391887411137,23.26575672279041,20.238045598218324,7.07920369604278,20.105459434081364,8.097599895293344,36.25623885278779,36.24953692036684,22.92053437488352,35.65146570326338,7.409892265706108,35.37053759246976
121030270003,5.331476470557217,9.56369485477617,34.03876070729637,28.276738798915883,33.210652678402795,9.959421505180757,15.191273935042952,33.74437688655716,35.51190236450611,6.458217214037703,34.274041484861726,28.642194392551243,32.92973434913859,6.213899399425092,6.89275665244301,9.617376436024957,26.835673043905132,9.84878480809738,34.99787000656631,10.142402777821564,10.13570084540062,7.8427929574164015,10.16001006444818,33.34477670902892,9.304586987992623
121030272041,16.331473171125953,5.273052195294086,39.7418988152007,33.97987690682019,38.913790786307125,12.302805914008983,0.5716392453090413,39.44751499446149,41.21504047241045,21.05159566808148,39.97717959276604,34.34533250045555,38.80478557161823,20.807277853468875,16.647532676224923,23.95245038100077,32.53881115180943,24.46841949783129,40.70100811447064,4.500683290727905,4.507385223148849,16.733420313451465,4.459624625285732,39.04791481693324,5.362933172230384
121030273141,14.398627143863555,3.808962698419996,37.40043591254039,31.638414004159927,36.57232788364684,7.770466688254956,3.960699980444985,37.1060520918012,38.87357756975014,19.750218841660978,37.63571669010574,32.00386959779528,36.463322668957936,18.970422934401764,14.558477864430303,22.11543814938991,30.19734824914918,23.22144236129354,38.35954521181033,6.685132211841066,6.678430279420123,14.644365501656845,5.385477938640611,36.70645191427296,5.822699148246739
121030274012,22.13923696710545,11.080815991273576,45.5496626111802,39.7876407027997,44.72155458228663,20.003007428764334,8.726196743232208,45.25527879044101,47.02280426838996,26.4089218176196,45.78494338874555,40.15309629643505,44.61254936759773,26.16460400300699,22.455296472204417,29.30977653053888,38.34657494778894,29.8257456473694,46.50877191045015,10.308447086707394,10.31514901912834,22.54118410943096,10.267388421265224,44.85567861291274,11.170696968209874
121030224012,22.938716677352417,33.99849624425677,9.831810069288954,12.738921988216251,7.664823218584589,26.99319138056244,37.67668516901619,7.633501553420843,9.920469934677897,21.90308294862002,10.06709084685431,8.966669882127595,6.082876436282413,22.152206917772123,21.76957175315141,18.741860628579307,9.307711252956642,18.609274464442347,10.40572964266073,34.7600538831488,34.753351950727854,21.653088080356007,34.77766116977542,9.718022013073496,33.87435262283076
121030224021,22.5099605532978,33.19902503146719,10.68264970902317,11.560308372380602,8.515662858318805,25.81457776472678,36.498071553180544,8.484341193155059,10.776205927000108,21.474326824565413,10.917930486588526,7.788056266291941,6.933716076016631,21.723450793717515,21.3408156290968,18.31310450452469,8.129097637120985,18.18051834038773,11.256569282394947,34.3312977590942,34.32459582667325,21.2243319563014,34.34890504572082,10.490086854680015,33.44559649877613
121030224023,19.979287419809715,31.039066986714055,12.516973647940889,11.933798183868538,10.347823498681066,25.72442270156015,35.98498589753,10.25497064212792,12.271163995079585,18.943653691077323,12.752254425506242,8.407661750147835,8.765876716378887,19.19277766022942,18.81014249560871,15.782431371036605,8.138861658081613,15.649845206899643,13.090893221312667,31.80062462560609,31.793922693185152,18.69365882281331,31.818231912232704,12.439590463304308,30.91492336528805
121030224024,21.48019309910753,32.53997266601189,11.016067968643062,13.357850236625003,8.84691781938324,27.225328380857967,37.48589157682783,8.754064962830093,10.770258315781758,20.444559370375146,11.251348746208416,9.585598130536347,7.264971037081062,20.693683339527244,20.311048174906528,17.283337050334424,9.63976733737944,17.150750886197464,11.589987542014844,33.30153030490392,33.294828372482975,20.19456450211113,33.31913759153054,11.17654559131838,32.41582904458588
121030225011,23.19743191175272,32.79685253552663,8.18203977443969,10.38025725744024,6.0150529237353245,25.412405268786227,36.09589905723999,5.98373125857158,8.651259900283131,22.16179818302033,8.417320552005046,6.608005151351581,4.433106141433149,22.410922152172425,22.02828698755172,19.00057586297962,6.949046522180628,18.867989698842663,8.755959347811467,35.01876911754909,35.012067185128146,21.68306463964482,34.41399596802468,7.989476920096536,34.13306785723105
121030225012,22.6357490295389,32.235169653312816,9.50964592414346,10.59645299422622,7.342659073439096,24.8507223865724,35.534216175026174,7.311337408275352,9.6032021421204,21.600115300806515,9.744926701708811,6.824200888137563,5.760712291136923,21.84923926995861,21.46660410533789,18.4388929807658,7.165242258966609,18.30630681662884,10.08356549751524,34.457086235335275,34.45038430291434,21.121381757430992,33.85231308581086,9.317083069800306,33.57138497501723
121030225013,22.69890285072569,33.38796732889507,10.49370741159528,11.749250669808491,8.326720560890918,26.003520062154664,36.68701385060844,8.295398895727171,10.587263629572222,21.663269121993302,10.728988189160638,7.976998563719827,6.744773778588743,21.9123930911454,21.529757926524688,18.502046801952577,8.318039934548874,18.369460637815617,11.06762698496706,34.520240056522084,34.513538124101146,21.41327425372929,34.537847343148705,10.301144557252126,33.634538796204026
121030225021,19.95271127035529,30.2132487697187,12.428304564070164,9.866098118987738,10.261317713365797,24.006331587793238,34.339508446988994,10.229996048202052,12.897524689913608,18.917077541622916,12.66358534163552,6.09126438118033,8.679370931063621,19.166201510775007,18.78356634615429,15.7558552215822,6.420770544314695,15.623269057445238,13.002224137441944,31.77404847615168,31.76734654373073,18.66708267335889,31.79165576277829,12.23574170972701,30.88834721583363
121030272061,12.577693890433716,3.0201091036779677,39.68805425489348,33.92603234651299,38.85994622599991,14.496079029065866,4.951097787050474,39.39367043415427,41.16119591210322,16.695588505155605,39.92333503245882,34.29148794014836,38.75094101131102,16.451270690542994,13.536122311273118,19.596443218074885,32.48496659150224,20.112412334905407,40.647163554163406,0.1212247489864733,0.1279266814074173,14.486158616246511,1.4208790221869283,38.99407025662604,1.0069260093045092
121030272071,12.64114453267237,0.9462330301171484,37.71212991642655,31.950108008046065,36.88402188753297,12.26288994668915,4.89845841048598,37.417746095687335,39.185271573636285,16.941888863240884,37.94741069399189,32.315563601681426,36.77501667284408,16.69757104862828,13.397783745085508,19.842743576160167,30.509042253035307,20.358712692990693,38.67123921569647,2.21915932806833,2.2124573956473856,13.483671382312044,0.9195050548678748,37.018145918159085,1.8228136018125247
121030272081,11.441354972986993,0.2535565295682253,37.268048068364585,31.506026159984117,36.43994003947101,11.818808098627196,6.098247970171352,36.97366424762537,38.74118972557432,15.742099303555507,37.50332884592992,31.87148175361947,36.33093482478211,15.497781488942902,12.399783393826398,18.6429540164748,30.064960404973352,19.15892313330532,38.2271573676345,2.6453278251232684,2.6386258927023243,13.03958953425009,1.877917746885044,36.57406407009712,1.7601799202585184
121030225023,21.026429319357568,32.086208886261915,10.353042366834837,10.8191840344045,8.18605551613047,24.972299702492133,35.65579349094592,8.154733850966727,10.82226249267828,19.990795590625176,10.588323144400194,7.046931928315845,6.604108733828297,20.239919559777277,19.85728439515656,16.82957327058447,7.386738659013603,16.696987106447505,10.926961940206615,32.84776652515394,32.841064592733005,19.740800722361165,32.865373811780564,10.160479512491682,31.962065264835907
121030225031,22.629070639113586,31.226947114654443,10.211036466492468,7.189738750229452,8.370777207452589,23.84249984791404,34.52599363636781,8.344422434198194,11.011951075909748,21.593436910381197,10.446317244057818,3.414905012422046,6.7888304251504135,21.842560879533288,21.083223576625905,18.43221459034048,3.755946383251093,18.29962842620352,11.110476294286222,33.779285081765074,33.77258314934413,20.113159218772637,32.8440905471525,10.08096839519563,32.893583821447045
121030225032,22.966855905685748,32.56627652945966,8.932453562209071,9.00909273779363,7.017252600738138,25.181829262719248,35.865323051173014,6.990897827483746,9.658426469195293,21.93122217695336,9.167734339774425,5.23684063170497,5.435305818435963,22.180346146105453,21.79771098148474,18.769999856912648,5.577882002534016,18.637413692775684,9.756951687571766,34.78819311148211,34.78149117906117,21.452488633577843,34.1834199619577,8.861411755686243,33.90249185116407
121030225033,22.487015115832115,31.08489159137298,10.366079780270953,8.913958919828259,8.360383604605655,23.700444324632567,34.38393811308634,8.32906193944191,10.996590581153464,21.45138138709973,10.601360557836308,5.141706813739603,6.778436822303481,21.70050535625182,20.94116805334444,18.29015906705902,5.482748184568649,18.15757290292206,11.1012900286818,33.637229558483604,33.630527626062666,19.971103695491163,32.70203502387103,10.236011708974114,32.751528298165574
121030226012,23.92209451598821,33.191674240729526,7.977214951906614,8.061841668844965,6.06201399043568,25.807226973989124,36.490720762442855,6.035659217181288,8.703187858892838,22.88646078725582,8.212495729471966,4.348180918392911,4.480067208133504,23.13558475640792,22.75294959178721,19.72523846721511,4.68922228922196,19.592652303078147,8.80171307726931,35.74343172178455,35.73672978936361,22.39927118511932,34.80881767322756,7.906173145383783,34.85773046146652
121030226013,24.65680802063268,34.04695988785145,7.245103096432495,8.910883056379554,5.32990213496156,26.66251262111104,37.34600640956478,5.303547361707168,7.971076003418716,23.62117429190029,7.480383873997846,5.203466565514836,3.747955352659387,23.870298261052387,23.487663096431675,20.45995197185958,5.544507936343882,20.327365807722614,8.06960122179519,36.47814522642902,36.47144329400808,23.13398468976379,35.66410332034949,7.174061289909662,35.59244396611098
121030226021,22.870914623103754,31.08689289854876,9.039531030282568,6.018233314019553,7.208602116941936,23.702445631808363,34.38593942026211,7.222810702767739,9.862130525603476,22.06090661734677,9.27481180784792,2.243399576212149,5.667218693719956,22.30555992969487,21.324582087098182,19.012743859777807,2.584440947041194,19.420149623305655,9.945220431564136,33.63923086565938,33.63252893323844,20.354517729244904,32.704036331046815,8.909462958985731,32.75352960534136
121030226022,24.22019751091068,32.89357124580705,7.679111956984143,7.763738673922493,5.76391099551321,25.50912397906665,36.19261776752038,5.737556222258817,8.405084863970366,23.18456378217829,7.914392734549494,4.050077923470441,4.181964213211035,23.433687751330396,23.05105258670967,20.023341462137576,4.391119294299489,19.890755298000617,8.503610082346839,35.445909212917655,35.43920728049672,22.16119607650319,34.5107146783051,7.608070150461312,34.56020795259964
121030226023,24.08411367548513,32.38524262107929,8.765942233662896,7.313821373220206,6.913371186622522,25.000795354338894,35.68428914279263,6.92526304100952,9.56689959528406,23.051518933707776,9.001223011228252,3.541749298742681,5.36967103196174,23.30064290285987,22.537781139479552,19.890296613667065,3.882790669571728,19.757710449530105,9.649989501244724,34.9375805881899,34.930878655768964,21.567716781626284,34.00238605357734,8.635874162366063,34.05187932787187
121030227001,25.77653092858511,33.99250920403012,4.710069952098512,6.375849912045572,2.8061032575571123,26.60806193728972,37.291555725743486,2.960180916807253,5.459631666218649,24.966522922828112,4.945350729663864,3.0070735637747563,2.7237253879743304,25.21117623517621,24.23019839257953,21.918360165259152,5.479890391008825,22.325765928787003,5.5427215721793095,36.54484717114076,36.53814523871981,23.26013403472625,35.60965263652818,4.639028145575682,35.65914591082273
121030227002,25.85792534848017,34.073903623925176,5.500622415061807,7.166402375008867,3.590027949837846,26.68945635718477,37.372950145638505,3.5698934905381257,6.243556358499386,25.04791734272318,5.735903192627159,3.797626026738051,3.3334379617052026,25.29257065507128,24.3115928124746,21.99975458515422,5.57145167241761,22.069244839922963,6.327143528177387,36.62624159103578,36.61953965861484,23.34152845462132,35.691047056423216,5.429580608538975,35.74054033071776
121030227003,24.77348121005282,32.989459485497825,6.585066553489152,7.859626913613269,4.669865592018216,25.605012218757427,36.28850600721116,4.643510818763824,7.311039460475374,23.96347320429583,6.820347331054504,4.145966163161219,3.087918809716043,24.208126516643933,23.22714867404725,20.915310446726878,4.4870075339902655,20.98480070149561,7.409564678851848,35.54179745260844,35.53509552018749,22.25708431619397,34.60660291799588,6.51402474696632,34.65609619229041
121030228011,23.70628729723455,31.92226557267956,7.336217131616388,4.314919415353376,5.50528821827576,24.537818305939155,35.22131209439293,6.0390124264301175,8.158816626937297,22.89627929147755,7.571497909181741,0.540085677545972,6.01771818296532,23.140932603825654,22.159954761228963,19.848116533908588,3.0129025047800395,20.25552229743644,8.241906532897959,34.47460353979021,34.467901607369264,21.18989040337569,33.53940900517763,7.206149060319552,33.58890227947218
121030228012,22.877954478073093,31.0939327535181,8.355757878258379,5.334460161995367,6.524828964917751,23.7094854867777,34.39297927523145,7.058553173072108,9.17835737357929,22.06794647231611,8.591038655823732,1.559626424187962,5.6742585486893,22.312599784664204,21.33162194206752,19.019783714747145,2.591480802010537,19.427189478275,9.261447279539953,33.64627072062872,33.639568788207775,20.36155758421425,32.71107618601616,8.225689806961542,32.76056946031069
121030250141,18.569517720483656,27.57572427310167,13.448773053174794,7.6867511447943135,11.651749458694216,20.64242176805409,31.32591555650786,11.62042779353047,14.287956435242023,17.679732028908795,13.684053830740146,7.097868082949163,10.069802676392037,17.92885599806089,17.023185184478084,14.518509708868084,4.625051255715096,14.566916846352022,14.39265588277036,30.12806224021229,30.121360307791345,16.05312082662481,29.192867705599724,12.754789054907356,29.242360979894265
121030250142,17.595613555090857,28.65539312199521,15.64556492752596,11.482395929159487,13.478578076821591,23.597711686071246,33.60131203281115,13.447256411657849,16.114785053369406,16.695139403222306,15.880845705091314,10.160276230606634,11.896631294519418,16.944263372374397,16.426468630889854,13.533917083181592,7.687459403372562,13.489717214907284,16.219484500897742,29.416950760887243,29.41024882846629,16.309984958094464,29.434558047513857,15.453002073182803,28.5312495005692
121030250151,17.107593707182865,28.16737327408721,14.271877979009538,10.108708980643064,12.104891128305171,23.109691838163247,33.113292184903145,12.073569463141425,14.74109810485298,16.207119555314303,14.50715875657489,8.786589282090212,10.522944346002994,16.456243524466398,15.938448782981856,13.045897235273593,6.3137724548561405,13.001697366999286,14.84579755238132,28.928930912979244,28.9222289805583,15.82196511018646,28.946538199605857,14.07931512466638,28.043229652661203
121030250161,15.449627345515786,26.509406912420143,16.62551155061461,11.550584099566144,14.458524699910242,21.451725476496176,31.45532582323608,14.427203034746496,17.09473167645805,13.941872279571886,16.860792328179965,11.140222853695288,12.876577917608069,14.190996248723982,14.28048242131478,10.780649959531171,8.667406026461215,10.648063795394217,17.19943112398639,27.27096455131217,27.264262618891227,14.163998748519386,27.288571837938782,16.432948696271456,26.38526329099413
121030273271,14.262024929459136,8.617523599290596,37.263833698135976,31.501811789755514,36.43572566924243,7.633864473850538,8.769260881315585,36.969449877396784,38.73697535534573,19.61361662725657,37.49911447570132,31.86726738339087,36.32672045455354,18.83382071999735,14.421875650025886,21.978835934985497,30.06074603474477,23.55402225017763,38.22294299740594,11.493693112711668,11.486991180290724,14.507763287252423,10.194038839511215,36.56984969986855,10.63126004911734
121030251071,17.773132334866535,28.536960961541062,17.54216522192125,14.5302225084289,15.375178371216894,24.16824222920209,34.16454004180785,15.343856706053147,18.01138534776469,12.801672735538752,17.777445999486602,12.206669187264485,13.79323158891472,13.050796704690852,16.99699917402072,9.640450415498044,11.647044435323968,9.507864251361088,18.116084795293023,29.11566888458646,29.10896695216552,16.880515501225325,29.13327617121308,17.349602367578093,28.277853094757525
121030251072,19.20484294971286,29.968671576387383,16.311675407188684,14.502315806252618,14.14468855648432,25.599952844048413,35.59625065665418,14.113366891320572,16.78089553303213,14.233383350385092,16.54695618475404,10.97617937253191,12.562741774182143,14.482507319537191,18.42870978886704,11.072161030344384,10.707379280465688,10.939574866207426,16.885594980560466,30.547379499432783,30.540677567011844,18.31222611607165,30.564986786059404,16.119112552845532,29.709563709603845
121030251081,19.99425180993243,29.71192750409085,17.43416542194839,15.624805821012323,15.267178571244024,26.39956567062169,35.33950658435764,15.23585690608028,17.90338554779183,14.49606209313728,17.669446199513747,12.098669387291617,13.68523178894185,15.271916179756738,19.22832261544031,11.861569890563931,11.829869295225391,10.29944784121731,18.008084995320175,30.290635427136245,30.2839334947153,19.111838942644912,30.30824271376286,17.241602567605234,29.452819637307307
121030251082,19.30689790794977,30.070726534624303,16.079857181502568,14.270497580566504,13.912870330798205,25.70200780228533,35.69830561489109,13.881548665634458,16.549077307346007,14.335438308622011,16.315137959067926,10.744361146845794,12.33092354849603,14.584562277774108,18.53076474710396,11.174215988581304,10.475561054779572,11.041629824444346,16.653776754874347,30.64943445766971,30.642732525248764,18.414281074308565,30.66704174429632,15.887294327159417,29.81161866784076
121030228013,24.57265978925512,32.78863806470012,6.685011432214902,5.232890571772213,4.832440385174528,25.40419079795972,36.08768458641346,5.366164593328885,7.485968793836065,23.76265178349813,6.920292209780255,1.8563144516608687,5.344870349864087,24.007305095846228,23.02632725324954,20.71448902592916,4.286186113192559,21.121894789457016,7.569058699796726,35.34097603181074,35.33427409938979,22.05626289539627,34.40578149719817,6.554943360918064,34.455274771492704
121030228022,24.222544642363133,32.438522917808136,7.035126579106886,5.583005718664196,5.182555532066513,25.054075651067738,35.73756943952148,5.716279740220869,7.836083940728048,23.412536636606145,7.270407356672239,2.2064295985528526,5.42295132869059,23.65718994895424,22.67621210635756,20.364373879037185,3.936070966300576,20.77177964256504,7.919173846688709,34.99086088491875,34.984158952497815,21.70614774850428,34.05566635030619,6.9050585078100495,34.105159624600724
121030228023,23.929422050793825,32.14540032623883,7.494793782246763,7.073979078379742,5.5795928207758285,24.76095305949843,35.44444684795216,5.553238047521436,8.220766689232986,23.119414045036837,7.730074559812114,3.30190700390222,3.997646038473656,23.364067357384936,22.383089514788253,20.071251287467877,3.6429483747312656,20.47865705099572,8.319291907609461,34.69773829334944,34.69103636092849,21.41302515693497,33.762543758736875,7.423751975723934,33.81203703303141
121030229011,25.34322292862526,33.55920120407026,4.063613550361555,4.836836790237767,3.729779087923522,26.174753937329864,36.85824772578364,4.263503296077879,4.928431991935842,24.53321492286825,4.29889432792691,3.0396270517375066,4.24220905261308,24.777868235216364,23.79689039261968,21.48505216529929,5.512443878971577,21.892457928827145,4.901411583286332,36.111539171180894,36.10483723875996,22.8268260347664,35.17634463656832,3.9925717438387247,35.225837910862865
121030229012,26.77644088440069,34.99241915984569,2.892865381392274,5.815393110416745,3.4770177630639694,27.607971893105297,38.29146568155906,4.010741971218327,4.059659047264234,25.966432878643687,3.128146158957627,4.47202843069549,3.989447727753528,26.211086190991796,25.230108348395103,22.918270121074727,6.944845257929559,23.32567588460257,3.4762016452134445,37.544757126956334,37.5380551945354,24.26004399054183,36.60956259234375,2.6901114282102983,36.65905586663829
121030229022,24.641490248243134,32.857468523688134,4.765346230743684,4.135104109855637,4.431511768305651,25.47302125694774,36.15651504540151,4.965235976460007,5.630164672317971,23.83148224248613,5.000627008309038,2.33789437135538,4.94394173299521,24.076135554834234,23.095157712237548,20.78331948491717,4.810711198589448,21.19072524844502,5.603144263668459,35.40980649079877,35.40310455837783,22.12509335438428,34.47461195618619,4.694304424220854,34.52410523048073
121030230002,24.712516200464496,32.92849447590949,4.543259221257684,3.1015788401937265,5.4754775173462935,25.5440472091691,36.22754099762285,6.009201725500651,6.333534940149287,23.902508194707497,4.778539998823036,2.508545570279276,5.987907482035853,24.1471615070556,23.16618366445891,20.85434543713853,4.981362397513342,21.261751200666385,5.502368520527633,35.48083244302013,35.474130510599174,22.196119306605635,34.54563790840755,4.413191149960847,34.5951311827021
121030231001,24.952429738666,33.16840801411101,4.017993970311911,3.341492378395236,5.560943330013389,25.783960747370607,36.467454535824366,6.094667538167744,5.808269689203515,24.142421732909,4.253274747877265,3.185793258302715,6.073373294702947,24.387075045257102,23.406097202660412,21.09425897534004,5.395203787878632,21.50166473886789,4.97710326958186,35.72074598122163,35.714044048800694,22.436032844807137,34.78555144660907,3.874180559913387,34.83504472090362
121030232001,24.567219154738822,32.78319743018382,5.404711881017609,2.440513398007992,7.822355528240161,25.39875016344343,36.08224395189718,8.356079736394516,7.710295884811129,23.75721114898182,4.6654666093316015,3.36595847544331,8.334785492929718,24.001864461329927,23.020886618733243,20.709048391412864,5.009993203951447,21.116454154940712,6.363821180287561,35.33553539729446,35.328833464873505,22.050822260879965,34.40034086268189,3.5373101103450844,34.44983413697643
121030232002,25.36472336961161,33.580701645056614,4.33507272415436,3.2380176128807747,6.752716371376911,26.196254378316212,36.87974816676997,7.286440579531267,6.64065672794788,24.55471536385461,4.353032714244279,3.8606571263824208,7.26514633606647,24.799368676202715,23.818390833606028,21.50655260628565,5.807497418824228,21.913958369813503,5.294182023424311,36.13303961216725,36.1263376797463,22.848326475752756,35.19784507755468,3.224876215257761,35.24733835184922
121030232003,26.15339561631645,34.369373891761455,3.541686609379447,4.026689859585612,5.959330256602,26.984926625021053,37.66842041347481,6.493054464756355,5.847270613172968,25.343387610559443,3.557859897918125,4.472105312759607,6.471760221291558,25.588040922907552,24.607063080310866,22.295224852990486,6.596169665529066,22.70263061651833,4.500795908649397,36.92171185887208,36.91500992645114,23.636998722457587,35.98651732425952,2.429703398931608,36.03601059855406
121030233003,26.3481152046018,34.564093480046814,2.5531575178456576,4.221409447870959,4.984024613740976,27.1796462133064,37.86314000176017,5.517748821895335,4.8587415216391765,25.5381071988448,2.7884382954110114,4.666824901044955,5.49741655566688,25.782760511192897,24.80178266859621,22.489944441275835,6.790889253814414,22.897350204803686,3.512266817115608,37.116431447157446,37.1097295147365,23.831718310742936,36.18123691254487,2.2865005289101648,36.23073018683942
121030234002,27.041026130621443,35.257004406066464,1.8602465918260076,4.914320373890608,4.291113687721326,27.87255713932605,38.55605092777981,4.824837895875685,4.165830595619527,26.23101812486445,2.0955273693913608,5.359735827064606,4.80450562964723,26.47567143721255,25.494693594615864,23.18285536729549,7.483800179834063,23.590261130823343,2.8193558910959573,37.80934237317709,37.80264044075614,24.5246292367626,36.874147838564525,1.6742608204326357,36.923641112859066
121030251092,18.36640395718965,28.08407965134807,18.53739304288741,15.173989502625664,16.370406192183044,24.771717817878912,33.711658731614854,16.3390845270193,19.00661316873085,12.8682142403945,18.77267382045277,13.201897008230636,14.788459409880874,13.644068327013958,17.600474762697534,10.23372203782115,12.290811429520735,8.67159998847453,19.11131261625919,28.66278757439347,28.656085641972524,17.483991089902133,28.680394861020087,18.344830188544258,27.824971784564525
121030251103,19.42285074745372,29.14052644161213,17.480946252623347,15.671586651687273,15.313959401918972,25.828164608142973,34.76810552187893,15.282637736755229,17.950166378466786,13.92466103065857,17.716227030188705,12.145450217966562,13.7320126196168,14.70051511727803,18.65692155296159,11.290168828085225,11.87665012590034,9.728046778738603,18.05486582599513,29.71923436465753,29.71253243223659,18.5404378801662,29.73684165128415,17.288383398280192,28.88141857482859
121030251121,15.169999639850262,25.9338282665248,20.145297916937515,15.29391633861556,17.978311066233168,21.565109534185822,31.561407346791565,17.94698940106942,20.61451804278096,10.198540040522468,20.38057869450288,14.809801882280768,16.396364283931007,10.447664009674565,14.393866479004434,7.037317720481757,12.410738265510629,7.047389126513127,20.71921749030929,26.51253618957019,26.50583425714925,14.27738280620904,26.53014347619681,19.95273506259436,25.674720399741258
121030251122,14.518251845677437,25.28208047235196,20.797045711110343,15.94566413278839,18.630058860406,20.913361740012988,30.90965955261873,18.598737195242258,21.26626583695379,9.546792246349636,21.032326488675704,15.4615496764536,17.048112078103838,9.795916215501736,13.742118684831606,6.385569926308923,13.06248605968346,6.3956413323402925,21.370965284482125,25.86078839539736,25.85408646297641,13.625635012036213,25.87839568202397,20.604482856767195,25.02297260556842
121030251131,15.452466702474176,25.170142396632592,21.29236673952328,16.44098516120132,19.125379888818927,21.87415994632772,30.797721476899383,19.09405822365519,21.761586865366723,9.954276985679014,21.527647517088635,15.956870704866525,17.543433106516762,10.730131072298471,14.702916891146325,7.319784783105669,13.557807088096382,5.757662733759049,21.866286312895056,25.748850319677988,25.742148387257046,14.58643321835093,25.7664576063046,21.09980388518013,24.91103452984905
121030251133,16.872284597611948,26.58720998563488,20.77049216150895,15.919110583186988,18.6035053108046,23.375061080041743,32.21478906590167,18.572183645640852,21.239712287352397,11.371344574681316,21.005772939074305,15.4349961268522,17.021558528502432,12.14994896743624,16.203818024860347,8.73960267824343,13.035932510082056,7.174730322761345,21.34441173488073,27.16591790868028,27.159215976259336,16.087334352064957,27.183525195306892,20.577929307165792,26.328102118851337
121030275012,25.40796142758112,15.85037664082538,51.13226650142022,45.37024459303973,50.30415847252665,25.585611319004386,14.308800633472258,50.83788268068102,52.605408158629984,28.8907436732466,51.367547278985576,45.73570018667508,50.19515325783776,28.646425858633997,26.366389848420525,31.791598386165884,43.92917883802896,32.307567502996406,52.091375800690166,13.17229700453161,13.178998936952556,27.31642615339392,14.25114655933434,50.43828250315276,13.837193546451925
121030275013,21.0861758859462,11.528591099190455,46.83841640511183,41.07639449673133,46.01030837621827,21.291761222696,10.014950537163864,46.54403258437264,48.3115580623216,24.56895813161168,47.07369718267718,41.44185009036669,45.90130316152938,24.324640316999066,22.0446043067856,27.469812844530967,39.635328741720585,27.98578196136149,47.79752570438179,8.850511462896687,8.85721339531763,22.994640611758992,9.929361017699415,46.1444324068444,9.515408004816996
121030237001,27.86269452273387,36.0786727981789,4.432323546311141,5.735988766003047,6.942964172182679,28.69422553143848,39.37771931989226,7.476688380337035,6.817681080080879,27.05268651697687,3.692973742155599,6.661433843438366,7.456356114108582,27.29733982932498,26.31636198672829,24.00452375940791,8.305468571946506,24.41192952293576,5.359056249690056,38.63101076528952,38.62430883286859,25.346297628875007,37.69581623067696,1.7711153603555612,37.74530950497151
121030237002,28.87992332570951,37.09590160115451,5.390003237476169,6.753217568978671,7.957439365088674,29.711454334414118,40.39494812286789,8.49116357324303,7.8321562729868734,28.069915319952507,4.650653433320624,7.6786626464139935,8.470831307014574,28.314568632300613,27.333590789703926,25.02175256238355,9.322697374922129,25.4291583259114,6.285066536457354,39.64823956826514,39.64153763584421,26.363526431850648,38.71304503365258,2.822541954884597,38.762538307947125
121030238001,26.916347858091548,35.13232613353659,5.369928937487773,4.789642101360724,7.880569563359312,27.74787886679616,38.43137265524994,8.414293771513668,7.755286471257514,26.106339852334543,4.63057913333223,5.715087178796043,8.393961505285215,26.350993164682656,25.37001532208596,23.058177094765583,7.359121907304179,23.46558285829344,6.29666164086669,37.6846641006472,37.677962168226266,24.39995096423269,36.74946956603465,2.708720751532192,36.79896284032918
121030238002,26.460658132874794,34.6766364083198,5.024948190265532,4.333952376143966,7.535588816137068,27.2921891415794,37.975682930033166,8.069313024291427,7.410305724035269,25.6506501271178,4.285598386109987,5.259397453579286,8.048980758062973,25.8953034394659,24.914325596869208,22.60248736954884,6.903432182087423,23.009893133076684,5.951680893644447,37.22897437543043,37.22227244300949,23.944261239015937,36.29377984081787,2.363740004309949,36.34327311511241
121030239001,25.66783602405586,33.88381429950085,6.027769268697022,3.5411302673250216,8.538409894568561,26.499367032760457,37.18286082121421,9.072134102722917,8.413126802466763,24.857828018298854,5.288419464541477,4.466575344760338,9.051801836494462,25.10248133064696,24.121503488050276,21.809665260729894,6.110610073268474,22.217071024257745,6.954501972075936,36.43615226661148,36.42945033419053,23.151439130196994,35.50095773199891,3.3665610827414385,35.55045100629345
121030239002,26.026848532786744,34.24282680823173,5.668756759966129,3.900142776055914,8.179397385837666,26.858379541491352,37.54187332994511,8.713121593992021,8.054114293735868,25.21684052702975,4.929406955810584,4.825587853491232,8.692789327763567,25.46149383937785,24.48051599678117,22.168677769460785,6.469622581999368,22.576083532988644,6.595489463345045,36.79516477534237,36.78846284292144,23.510451638927886,35.8599702407298,3.0075485740105448,35.90946351502434
121030240011,29.65546355223136,37.87144182767636,7.266744198054746,7.528757795500526,9.834180325667246,30.486994560935965,41.17048834938973,10.367904533821603,9.708897233565448,28.845455546474355,6.527394393899204,8.454202872935845,10.347572267593153,29.09010885882246,28.10913101622578,25.797292788905395,10.098237601443977,26.204698552433243,8.161807497035928,40.423779794787,40.41707786236605,27.1390666583725,39.488585260174425,4.691074036648228,39.53807853446896
121030240021,28.165016150883783,36.3809944263288,8.09362160295548,5.12852479591293,10.604262228827018,28.996547159588395,39.68004094804216,11.137986436981375,10.47897913672522,27.355008145126785,7.354271798799933,7.542709741153051,11.11765417075292,27.59966145747489,26.618683614878204,24.30684538755783,8.923461321699858,24.714251151085683,9.020354306334394,38.93333239343944,38.92663046101848,25.64861925702493,37.99813785882686,5.432413416999895,38.047631133121406
121030251141,14.49480346073456,24.92476596632332,21.68040074000086,16.829019161678907,19.51341388929651,20.889913355070124,30.55234504659011,19.48209222413277,22.14962086584431,9.523343861406769,21.91568151756622,16.344904705344124,17.931467106994354,9.77246783055886,13.71867029988873,6.362121541366055,13.945841088573978,5.51228630344978,22.25432031337264,25.50347388936871,25.49677195694777,13.602186627093335,25.52108117599533,21.487837885657704,24.665658099539773
121030251142,13.979182510696257,25.03896207760061,21.00870305042252,15.933775599374046,18.841716199718157,19.98128064167664,29.984880988416545,18.810394534554405,21.47792317626596,9.5720699308526,21.243983827987883,15.523414353503185,17.259769417415974,9.821193900004694,12.81003758649525,6.41084761081189,13.050597526269115,6.420919016843261,21.582622623794297,25.80051971649264,25.793817784071692,12.693553913699857,25.81812700311925,20.816140196079363,24.914818456174597
121030251151,12.640975861720396,23.404804488394937,22.674321695067373,17.82294011674542,20.507334844363022,19.27012214633473,29.03238356866171,20.47601317919928,23.14354182091081,7.669516262392601,22.90960247263273,17.338825660410635,18.92538806206086,7.918640231544696,12.069570088304571,4.508293942351889,14.939762043640494,4.527921219707068,23.248241268439152,23.983512411440337,23.976810479019388,11.982395418357957,24.001119698066947,22.481758840724225,23.1456966216114
121030251152,12.649180741637988,23.41300936831253,22.666116815149785,17.814735236827833,20.499129964445437,19.278327026252327,29.0405884485793,20.46780829928169,23.135336940993227,7.677721142310191,22.90139759271514,17.330620780493046,18.917183182143276,7.926845111462288,12.077774968222162,4.516498822269481,14.931557163722903,4.536126099624658,23.24003638852156,23.99171729135793,23.985015358936984,11.990600298275544,24.009324577984543,22.473553960806623,23.15390150152899
121030251162,13.630411442565135,23.34808713672356,23.11442199943232,18.263040421110357,20.94743514872797,20.25955772717948,28.97566621699035,20.916113483564224,23.58364212527576,8.132221725769977,23.34970277699767,17.77892596477556,19.36548836642579,8.908075812389436,13.059005669149313,5.497729523196631,15.379862348005418,3.935607473850012,23.6883415728041,23.92679505976895,23.920093127348007,12.971830999202696,23.944402346395567,22.921859145089165,23.08897926994001
121030251192,15.467877318671166,24.788226692102164,25.853333338518052,21.001951760196096,23.686346487813704,22.118188604157588,30.415805772368955,23.65502482264996,26.32255346436149,10.238580184811813,26.088614116083416,20.517837303861302,22.104399705511536,10.490671959392095,14.90693289035663,8.39315002818311,18.11877368709116,7.087629885157403,26.427252911889838,25.36693461514756,25.36023268272662,14.833300484966998,25.384541901774178,25.660770484174904,24.52911882531862
121030251193,15.861236172289717,25.576161560312656,24.822832686818018,19.971451108496066,22.655845836113677,22.490382456904044,31.203740640579447,22.624524170949933,25.29205281266146,10.360296149359092,25.058113464383386,19.48733665216127,21.073899053811505,11.138900542114015,15.289830398873892,7.728554252921213,17.088273035391133,6.163681897439127,25.396752260189803,26.15486948335806,26.14816755093711,15.202655728927276,26.172476769984677,24.630269832474863,25.317053693529115
121030251201,15.955486216082637,25.67041160410557,23.10609251327485,18.25471093495289,20.939105662570498,22.458262698512428,31.29799068437236,20.907783997406764,23.57531263911829,10.454546193152003,23.341373290840213,17.77059647861809,19.357158880268337,11.233150585906928,15.287019643331034,7.822804296714123,15.371532861847951,6.257931941232039,23.68001208664663,26.24911952715097,26.242417594730014,15.17053597053564,26.266726813777588,22.913529658931697,25.411303737322037
121030251202,17.4632286216931,27.17815400971604,23.22084023741464,18.369458659092675,21.053853386710287,24.092374906307427,32.80573308998284,21.022531721546542,23.69006036325808,11.96228859876248,23.456121014979992,17.885344202757885,19.47190660440811,12.740892991517402,16.891822848277275,9.3305467023246,15.486280585987744,7.765674346842514,23.79475981078642,27.756861932761435,27.750160000340493,16.804648178330662,27.774469219388056,23.028277383071487,26.91904614293249
121030240022,27.347258149250266,35.56323642469526,7.275863601321952,4.310766794279405,9.786504227193491,28.17878915795487,38.86228294640863,10.320228435347849,9.661221135091692,26.537250143493264,6.536513797166408,6.724951739519526,10.299896169119393,26.781903455841366,25.80092561324468,23.489087385924304,8.10570332006633,23.896493149452155,8.202596304700865,38.11557439180591,38.10887245938497,24.830861255391408,37.18037985719333,4.614655415366372,37.22987313148788
121030240041,28.670172915700597,36.88615119114559,10.61803679811314,7.0403402343573545,13.18547292572564,29.5017039244052,40.185197712858944,13.719197133879996,13.06018983362384,27.860164909943595,9.8786869939576,10.799630171816926,13.698864867651542,28.10481822229169,27.12384037969501,24.812002152374635,10.273953115570576,25.219407915902487,11.513100097094323,39.43848915825622,39.43178722583528,26.153776021841733,38.50329462364365,8.042366636706621,38.55278789793819
121030240042,28.284415802288198,36.50039407773319,10.654406012826978,6.654583120944953,13.22184214043948,29.115946810992803,39.79944059944656,13.755566348593836,13.09655904833768,27.474407796531192,9.915056208671436,10.266206616337463,13.73523408236538,27.719061108879306,26.73808326628262,24.426245038962232,9.888196002158177,24.833650802490084,11.549469311808162,39.05273204484383,39.04603011242288,25.768018908429333,38.11753751023125,8.078735851420458,38.1670307845258
121030240051,29.15426897753904,37.37024725298404,9.784552837576138,6.9821684958465,12.35198896518864,29.985799986243645,40.669293774697394,12.885713173342996,12.22670587308684,28.34426097178204,9.045203033420592,9.396353441086625,12.86538090711454,28.588914284130137,27.60793644153345,25.296098214213075,10.75804917740902,25.70350397774093,10.67961613655732,39.92258522009468,39.91588328767373,26.63787208368018,38.9873906854821,7.2088826761696145,39.03688395977664
121030240052,30.235687748724345,38.45166602416936,8.617219462767212,7.1991963937534855,11.18465559037971,31.06721875742895,41.75071254588272,11.718379798534068,11.059372498277911,29.425679742967347,7.87786965861167,9.61338133899361,11.698047532305612,29.67033305531545,28.68935521271876,26.377516985398383,10.994132919540414,26.78492274892624,9.512282761748391,41.00400399128,40.997302058859056,27.71929085486549,40.06880945666741,6.041549301360693,40.118302730961965
121030241003,25.38532022401104,33.60129849945604,7.499908598353898,2.348828869040174,10.010549224225436,26.216851232715648,36.9003450211694,10.544273432379793,9.88526613212364,24.57531221825404,6.7605587941983565,5.571610609752806,10.52394116615134,24.81996553060214,23.83898768800545,21.527149460685077,6.143765394827099,21.93455522421293,8.426641301732813,36.153636466566674,36.146934534145736,22.868923330152175,35.218441931954096,4.838700412398316,35.267935206248644
121030243011,23.711524245550443,31.927502520995446,9.011792205756992,3.166088715774738,11.429435852979548,24.543055254255044,35.2265490427088,11.963160061133904,11.31737620955052,22.901516239793445,9.10805871848077,6.970917109739377,11.94186581766911,23.14616955214155,22.165191709544864,19.85335348222447,6.391281322457782,20.734686159343266,9.970901505026946,34.47984048810607,34.47313855568512,21.195127351691585,33.5446459534935,7.9799022194942495,33.59413922778804
121030243012,23.307931521441624,31.523909796886628,7.532222604610828,1.6865191146285714,9.94986625183338,24.13946253014623,34.822956318599985,10.483590459987736,9.837806608404346,22.49792351568463,7.477647622787023,5.49134750859321,10.462296216522937,22.74257682803273,21.76159898543604,19.449760758115666,4.911711721311615,19.85716652164352,8.491331903880779,34.076247763997266,34.06954583157632,20.791534627582767,33.141053229384696,6.3494911238005045,33.19054650367924
121030243021,23.332084102357037,31.548062377802037,7.5563751855262336,1.7106716955439765,9.974018832748786,24.16361511106164,34.84710889951539,10.507743040903142,9.861959189319755,22.522076096600035,7.791655963091586,5.515500089508615,10.486448797438344,22.766729408948137,21.78575156635145,19.473913339031075,4.935864302227019,19.88131910255893,8.515484484796183,34.10040034491266,34.09369841249172,20.81568720849817,33.16520581030008,6.759631728162693,33.21469908459463
121030251211,17.77258225041199,27.092931623842976,23.75702609649973,18.90564451817777,21.59003924579538,24.422893535898403,32.72051070410978,21.558717580631637,24.226246222343168,12.543285116552626,23.99230687406509,18.421530061842976,20.00809246349321,12.795376891132912,17.21163782209745,10.38516008078274,16.02246644507284,8.820287725300656,24.330945669871504,27.671639546888382,27.66493761446744,17.138005416707816,27.689246833514996,23.56446324215657,26.83382375705943
121030251212,18.27236853508269,27.987293923105632,21.329749270677404,16.47836769235543,19.162762419973053,24.77514501751248,33.614873003372416,19.13144075480931,21.79896939652085,12.77142851215206,21.56503004824276,15.994253236020638,17.58081563767088,13.55003290490698,17.60390196233109,10.139686615714172,13.595189619250498,8.574814260232086,21.903668844049182,28.566001846151025,28.55929991373008,17.4874182895357,28.58360913277764,21.13718641633425,27.728186056322087
121030252041,10.103414494806914,19.475008018996444,27.020824924789867,21.2588030164094,26.192716895896307,16.743264435192064,25.10258709926324,26.726441104050668,28.493966581999626,4.5921605121662505,27.25610570235522,21.624258610044755,25.32861896590421,5.177453286286369,9.532008721391088,2.7390986844506173,19.81773726139865,2.027523125628397,27.97993422405982,20.053715942041844,20.0470140096209,9.458376316001456,20.071323228668454,26.32684092652243,19.2159001522129
121030252051,16.48632383401854,25.806673207449546,26.421347142381943,21.569965564059984,24.254360291677592,23.13663511950497,31.43425228771634,24.22303862651385,26.890567268225382,11.257026700159184,26.656627919947308,21.0858511077252,22.672413509375428,11.509118474739468,15.925379405704003,9.411596543530482,18.68678749095505,8.106076400504776,26.99526671575373,26.38538113049494,26.378679198074,15.85174700031437,26.40298841712156,26.2287842880388,25.547565340666
121030287002,28.90998332910555,37.12596160455054,1.887982136167352,7.728167725727374,2.470134721950917,29.74151433781016,40.42500812626391,2.9709987519732346,2.3469197877807053,28.099975323348552,2.123262913732705,6.602915001463575,2.994744561308156,28.34462863569665,27.363650793099964,25.051812565779592,9.075731828697643,25.459218329307443,1.7634623857299172,39.67829957166118,39.67159763924024,26.393586435246696,38.74310503704859,3.929376024361674,38.79259831134314
121030252071,11.967379259014374,21.357438057011358,26.73051841152888,20.96849650314839,25.90241038263532,18.607229199399534,26.98501713727815,26.16722936057548,28.203660068738635,6.456125276373711,26.96579918909423,21.33395209678375,24.61660424343705,7.0598833243012695,11.395973485598548,3.890877739975156,19.52743074813765,2.2745456905646155,27.68962771079883,21.93614598005676,21.92944404763581,11.322341080208911,21.95375326668337,26.036534413261435,21.098330190227816
121030261012,3.311929952894128,11.84881674555871,31.824608911074566,26.06258700269409,30.996500882181003,9.220717418592338,17.476395825825495,31.530225090335364,33.29775056828434,4.1468390875650325,32.05988968863991,26.42804259632945,30.65663370090908,3.902521272952424,4.873210134779921,7.302866493272851,24.621521247683344,8.2738540074315,32.78371821034453,12.427524668604104,12.420822736183162,5.569692309186899,12.44513195523072,31.13062491280713,11.589708878775165
121030243022,23.47021072581739,31.68618900126241,8.947594878866886,3.5012440920898404,9.561943680750987,24.30174173452201,34.98523552297577,10.095667888905345,10.737870597758493,22.6602027200604,9.18287565643224,5.005906869314744,10.074373645440549,22.9048560324085,21.92387818981182,19.61203996249144,4.426271082033151,20.019445726019285,9.906704178136836,34.23852696837303,34.23182503595209,20.953813831958534,33.30333243376046,8.253610880599446,33.352825708055
121030243023,22.236606312526437,30.45258458797144,7.078874792432557,0.799885042444424,8.45791476751327,23.06813732123104,33.7516311096848,8.991638975667627,8.869150511324161,21.426598306769435,7.314155569997909,3.901877956077023,8.97034473220283,21.67125161911753,20.69027377652085,18.378435549200468,3.6862354151389063,18.785841312728326,8.037984091702503,33.004922555082075,32.99822062266114,19.720209418667576,32.0697280204695,6.338808761266882,32.11922129476404
121030244031,24.021080495782247,32.23705877122726,8.205769084121599,2.391247814439016,10.63557937057775,24.852611504486863,35.53610529294062,11.169303578732103,10.523519727148718,23.21107249002525,7.466419279966053,6.179182317780897,11.148009335267307,23.45572580237336,22.474747959776664,20.16290973245629,5.62486069565224,20.570315495984143,9.164878383391557,34.78939673833789,34.782694805916954,21.504683601923396,33.854202203725315,6.338262780979536,33.90369547801986
121030244032,23.64628858716366,31.862266862608667,9.040345295271642,3.2258240255890605,11.470155581727791,24.477819595868265,35.16131338432203,12.003879789882149,11.358095938298764,22.836280581406665,8.300995491116101,7.01375852893094,11.982585546417347,23.080933893754764,22.09995605115808,19.788117823837688,6.459436906802283,20.66945050095648,9.999454594541596,34.4146048297193,34.407902897298364,21.129891693304803,33.479410295106725,7.172838992129581,33.52890356940127
121030244033,24.660664223194985,32.876642498639974,7.438694137906695,1.6241728682241137,9.86850442436284,25.492195231899583,36.175689020353325,10.4022286325172,9.756444780933812,23.850656217437976,6.699344333751152,5.412107371565994,10.380934389052404,24.09530952978609,23.1143316871894,20.802493459869016,5.419109394011039,21.209899223396867,8.397803437176645,35.428980465750605,35.42227853332967,22.144267329336124,34.493785931138035,5.563356413214377,34.543279205432576
121030253031,10.710931969104708,21.77071153600906,21.85821376636045,16.096191857979967,21.030105737466886,16.713030100085096,26.716630446825,21.563829945621247,23.331355423570205,6.602349679749555,22.093494543925804,16.461647451615324,20.127714221567736,6.85147364890165,9.541787044903709,3.4411273597088434,14.655126102969223,3.489534497192785,22.81732306563039,22.53226917490109,22.525567242480147,9.425303372108312,22.5498764615277,21.164229768093005,21.64656791458305
121030253051,10.610692396932253,21.670471963836608,21.757974194188,15.99595228580751,20.929866165294435,16.612790527912633,26.61639087465254,21.46359037344879,23.23111585139775,6.777666891609874,21.993254971753345,16.361407879442865,20.027474649395284,7.026790860761972,9.441547472731248,3.616444571569164,14.554886530796765,3.6502213866650353,22.717083493457945,22.43202960272864,22.42532767030769,9.32506379993586,22.44963688935525,21.06399019592056,21.546328342410597
121030254012,4.969175279882382,13.965086470330313,23.83963334563902,18.077611437258543,23.01152531674546,8.087745800860697,18.0913461476006,23.545249524899816,25.31277500284877,6.002884104117634,24.074914123204373,18.443067030893907,22.902520102056567,5.4642103272587175,3.4125473817067395,7.017800233532504,16.6365456822478,8.592986548724632,24.79874264490897,16.517424437440933,16.510722505019988,2.4424830238534625,15.582229902828365,23.145649347371577,15.631723177122906
121030233002,25.728709289639365,33.94468756508438,3.14972759650319,4.117771929368605,4.692676956204667,26.56024029834397,37.24373408679775,5.226401164359023,4.940003315394793,24.918701283882367,3.3850083740685437,3.962072809276085,5.2051069208942256,25.163354596230477,24.182376753633783,21.870538526313403,6.171483338852003,22.27794428984125,4.10883689577314,36.49702553219502,36.49032359977407,23.212312395780508,35.56183099758245,3.0786857899803595,35.611324271876995
121030283003,28.026486260566053,37.267555555145,6.510498121576586,12.10602715057961,3.5516427078376256,29.88310828840459,40.56660207685832,3.0179184996832693,3.906440802669708,26.99085253183367,6.745778899141939,8.424062232808385,3.0340441715104216,27.239976500985765,26.85734133636505,23.82963021179296,8.765103603637426,23.697044047656,5.613950733971927,39.8198935222556,39.81319158983465,26.512118988458152,38.88469898764303,8.541011612490532,38.93419226193757
121030275011,22.92224178295049,13.364656996194729,49.18621719105831,43.42419528267781,48.358109162164745,23.63956200864245,12.362751323110327,48.89183337031911,50.65935884826808,26.40502402861597,49.42149796862366,43.78965087631318,48.24910394747585,26.16070621400336,23.880670203789887,29.30587874153525,41.98312952766706,29.82184785836577,50.14532649032826,10.68657735990096,10.693279292321902,24.830706508763285,11.76542691470369,48.49223319279087,11.35147390182127
121030205004,32.347271794448744,40.56325006989373,4.111311670275645,10.22056603771792,6.268462718765638,33.17880280315336,43.86229659160709,6.28895974335438,3.614934310104101,31.537263788691742,3.892634368878357,11.079701400435916,7.850672998010512,31.781917101039845,30.80093925844316,28.489101031122782,12.790045843661373,28.896506794650637,3.6575849765540895,43.11558803700436,43.10888610458343,29.830874900589887,42.1803935023918,4.242742529364842,42.22988677668635
121030254011,4.324860876550161,15.38464044345452,24.473652386801177,18.71163047842071,23.645544357907617,9.789793422563315,19.79339376930321,24.17926856606197,25.946794044010936,4.300836482415019,24.708933164366524,19.077086072056066,23.53653914321872,3.762162705556102,3.155715952349157,5.31575261182989,17.270564723409958,6.890938927022015,25.43276168607112,16.146198082346544,16.1394961499256,3.0392322795537656,16.163805368973154,23.77966838853373,15.260496822028507
121030223011,25.42463865039347,35.02405927416736,6.738400812300067,11.281448411901325,4.565519726046415,27.63961200742697,38.32310579588071,4.534198060882671,7.201726702594223,24.38900492166108,6.97368158986542,7.510046545152497,2.98357294374424,24.63812889081317,24.255493726192466,21.227782601620365,7.851087915981543,21.09519643748341,7.3101969712979855,37.245975856189816,37.23927392376887,23.910271378285568,36.6412027066654,8.023262044218383,36.360274595871765
121030244061,20.892308480733657,29.108286756178657,12.939876702742875,7.125355433060297,14.3789834951182,21.72383948943826,32.407333277892015,14.91270770327256,15.25762734577,20.082300474976652,12.200526898587334,9.810525209266643,14.891413459807762,20.326953787324765,19.345975944728075,17.03413771740768,9.229181707199576,17.915470394526476,13.898986002012832,31.66062472328929,31.65392279086835,18.375911586874796,30.72543018867672,11.072370399600818,30.774923462971262
121030251061,20.29362446261353,31.057453089288057,15.093130626838812,13.283771025902745,12.926143776134449,26.688734356949087,36.685032169554844,12.894822110970702,15.562350752682256,15.322164863285767,15.32841140440417,9.757634592182038,11.344196993832272,15.571288832437864,19.517491301767716,12.16094254324506,9.488834500115814,12.0283563791081,15.667050200210593,31.636161012333456,31.629459079912515,19.40100762897232,31.653768298960067,14.90056777249566,30.79834522250452
121030252073,13.720177774699748,23.11023657269673,26.572447842820257,20.810425934439763,25.33030466322518,20.36002771508491,28.737815652963526,25.29898299806144,27.96651163977297,8.208923792059084,26.807728620385603,21.17588152807512,23.748357880923013,8.812681839986645,13.14877200128392,5.643676255660528,19.369360179429023,4.027344206249989,27.5315571420902,23.68894449574213,23.682242563321196,13.075139595894283,23.706551782368752,25.87846384455281,22.85112870591319
121030251161,13.8373820676777,23.55230745570064,23.400409663539676,18.54902808521772,21.233422812835325,20.466528352292027,29.179886535967437,21.202101147671588,23.869629789383115,8.33644204474707,23.63569044110504,18.06491362888292,19.65147603053316,9.115046437501997,13.265976294261874,5.704700148309188,15.66585001211278,4.139827792827103,23.97432923691145,24.13101537874604,24.124313446325097,13.178801624315255,24.148622665372656,23.20784680919652,23.2931995889171
121030262002,2.7371844503617675,12.526568014993096,31.24986340854222,25.487841500161743,30.421755379648648,10.347739689980868,18.15414709525988,30.955479587803016,32.72300506575196,3.5720935850326736,31.485144186107565,25.8532970937971,30.081888198376728,3.3277757704200632,4.29846463224756,6.72812099074049,24.046775745150992,7.417931436593496,32.20897270781215,13.10527593803849,13.098574005617548,4.994946806654538,13.122883224665108,30.55587941027477,12.267460148209553
121030225022,20.39660313462793,29.769356905446063,11.984412699797527,9.422206254715103,9.81742584909316,23.5624397235206,33.89561658271636,9.786104183929416,12.453632825640971,19.360969405895545,12.219693477362885,5.647372516907695,8.235479066790985,19.610093375047644,19.21681781682248,16.199747085854835,5.976878680042061,16.06716092171787,12.558332273169306,32.217940340424306,32.21123840800337,18.246753458969213,31.38650033794412,11.791849845454372,31.33223908010627
121030222003,25.88651263978644,34.99640164321421,5.49512234496143,9.850692016806589,3.3272924702970275,27.61195437647381,38.29544816492754,3.300937697042635,5.968466338754184,24.85087891105405,5.730403122526786,6.152908320877598,1.745345687994852,25.10000288020615,24.717367715585443,21.68965659101334,6.493949691706645,21.557070426876383,6.069041918333209,37.548739610324816,37.54203767790387,24.26402647391035,36.61354507571225,6.592917817408496,36.66303835000679
121030230001,23.51843360924536,31.734411884690367,5.817039050630442,2.79574133436743,5.770874543793856,24.34996461794997,35.033458406403746,6.304598751948214,6.969527447806177,22.708425603488365,6.0523198281957935,1.2148377323576112,6.2833045084834165,22.95307891583646,21.972101073239777,19.6602628459194,3.687654559591678,20.067668609447253,6.776148349900391,34.28674985180101,34.280047919380074,21.002036715386502,33.35155531718843,5.686970979333604,33.40104859148297
121030258002,5.446631051860877,16.210459678535393,27.51333380506127,21.7513118966808,26.68522577616771,12.08648099224603,21.838038758802163,27.21894998432207,28.986475462271024,1.5040913289443874,27.74861458262662,22.116767490316157,26.119732871920405,0.7242954216851757,4.875225278445051,2.686050867507632,20.31024614167005,4.261237182699755,28.47244310433122,16.78916760158079,16.782465669159844,4.8015928730554185,16.806774888207404,26.819349806793827,15.951351811751849
121030250131,14.044834379450776,25.104613946355123,17.33463730674163,12.259709855693158,15.167650456037256,20.046932510431155,30.050532857171056,15.136328790873511,17.803857432585065,13.144360227582215,17.569918084306988,11.849348609822297,13.585703673735082,13.393484196734311,12.875689455249772,9.983137907541508,9.376531782588224,10.03154504502545,17.908556880113405,25.866171585247155,25.859469652826206,12.759205782454378,25.88377887187377,17.14207445239847,24.980470324929108
121030250042,16.64716677933604,26.933179586482197,15.419399364188369,9.657377455807897,14.101207815651009,20.72646157456113,31.059439263752488,14.06988615048726,16.737414792198816,15.74669262746748,15.65468014175372,9.5531129451088,12.519261033348828,15.995816596619578,15.478021855135037,12.585470307426773,7.080296117874738,12.541270439152468,16.37850866345832,28.46850398513243,28.461802052711484,15.361538182339643,28.486111271759043,14.725415365920927,27.582802724814385
121030243013,23.27431139320078,31.490289668645783,7.498602476369978,1.6528989863877224,9.916246123592533,24.105842401905385,34.78933619035914,10.449970331746888,9.8041864801635,22.46430338744378,7.511267751027872,5.4577273803523605,10.428676088282089,22.708956699791884,21.727978857195197,19.416140629874818,4.878091593070765,19.823546393402676,8.457711775639929,34.04262763575641,34.03592570333547,20.757914499341915,33.10743310114384,6.3831112520413535,33.15692637543838
121030212004,30.192250964331077,38.40822923977607,1.6994613622851409,8.474028328001756,2.9275259930721385,31.02378197303568,41.70727576148945,2.94802301766088,1.002013691470866,29.382242958574068,2.479604930529583,8.110882832467244,4.502712392311823,29.626896270922177,28.64591842832549,26.334080201005115,10.583699659701312,26.741485964532963,1.2457346685635862,40.96056720688671,40.95386527446577,27.67585407047221,40.02537267227414,4.381605168513972,40.074865946568686
121030241001,25.158380881628425,33.37435915707342,5.983706968673613,2.3422638056640865,8.413517255129761,25.98991189033303,36.67340567878679,8.947241463284119,8.301457611700728,24.348372875871423,5.244357164518068,3.95712020233291,8.925947219819319,24.593026188219525,23.61204834562284,21.300210118302463,5.601154930841046,21.707615881830318,6.942816267943564,35.92669712418406,35.91999519176311,22.641983987769564,34.99150258957149,4.11620066553155,35.04099586386603
121030212002,29.088485729406862,37.30446400485186,0.2899724660555192,7.0645394317721335,3.535996303643357,29.92001673811147,40.60351052656522,4.069720511797715,2.3965753299158075,28.278477723649868,1.0701160342999605,7.321849249043571,4.060606143000595,28.523131035997963,27.542153193401283,25.230314966080908,9.53125977861949,25.637720729608755,0.6691368332144311,39.85680197196249,39.850100039541545,26.572088835548005,38.921607437349934,3.032617255155994,38.97110071164447
121030245051,13.910667372332927,22.12664564777793,15.993207425419431,10.231185517038956,15.165099396525871,14.742198381037534,25.425692169491292,15.698823604680232,17.46634908262919,13.100659366575933,16.22848820298479,10.596641110674316,15.056094181836976,13.345312678924037,12.364334836327346,10.05249660900696,8.79011976202821,10.144013373929536,16.952316724689386,24.67898361488857,24.672281682467624,11.394270478474066,23.743789080275988,15.299223427151992,23.793282354570536
121030245052,17.39598523474033,25.611963510185337,15.57733551661916,9.815313608238682,14.7492274877256,18.227516243444924,28.91101003189869,15.28295169587996,17.050477173828916,16.577220652056432,15.812616294184512,10.18076920187404,14.00300525522394,16.826344621208527,15.84965269873475,13.415998332015722,7.737030835415172,13.464405469499663,16.53644481588911,28.164301477295968,28.15759954487503,14.87958834088147,27.2291069426834,14.88335151835172,27.27860021697794
121030245053,17.426301780565915,25.64228005601092,15.607652062444748,9.84563015406427,14.77954403355119,18.25783278927052,28.941326577724283,15.313268241705549,17.0807937196545,16.60753719788202,15.8429328400101,10.21108574769963,14.033321801049528,16.856661167034115,15.879969244560336,13.44631487784131,7.76734738124076,13.494722015325252,16.566761361714693,28.194618023121564,28.18791609070061,14.90990488670706,27.259423488508983,14.913668064177308,27.308916762803523
121030254111,10.137793186241272,20.712206322644377,19.658683750381517,13.896661842001029,18.830575721487957,14.834865653174752,24.838465999914664,19.364299929642318,21.13182540759127,9.237319034372714,19.89396452794687,14.26211743563639,18.721570506799065,9.486443003524812,8.96864826204027,6.076096714332006,12.455596086990283,6.1245038518159465,20.617793049651464,21.95913039203765,21.95242845961672,8.852164589244875,21.976737678664268,18.964699752114072,21.07342913171961
121030255011,4.187397128947596,15.771237741725397,26.3845970479785,20.622575139598027,25.55648901908494,10.826369754089022,20.829970100828927,26.090213227239296,27.85773870518825,2.6328219710647915,26.61987782554385,20.988030733233384,25.206644790793145,1.8530260638055789,3.61511404028804,3.948030157790571,19.18150938458728,5.523216472982698,27.343706347248443,16.532795380617415,16.52609344819647,3.541481634898405,16.55040266724403,25.69061304971105,15.647094120299384
121030255012,3.905542992368808,15.294279730542518,26.14162434873972,20.379602440359257,25.313516319846165,10.276678291908429,20.28027863864833,25.847240528000523,27.61476600594948,2.871330128461929,26.37690512630508,20.74505803399461,24.96367209155437,2.091534221202717,3.0654225781074427,4.507662819934477,18.938536685348502,6.0828491351266,27.10073364800968,16.055837369434542,16.0491354370136,2.983460902622304,16.07344465606116,25.447640350472284,15.170136109116507
121030255013,4.892554396105749,15.952333963010112,25.108000503948176,19.345978595567704,24.279892475054613,10.89465252708614,20.898252873826035,24.813616683208974,26.581142161157928,2.8805047536461648,25.34328128151353,19.711434189203064,23.93004824676282,3.1251580659942677,3.723409471904748,3.895420883061038,17.90491284055695,5.470607198253163,26.06710980321812,16.71389160190213,16.70718966948119,3.606925799109356,16.731498888528744,24.414016505680728,15.8281903415841
121030273161,14.456278888952896,3.4492738137489543,37.86322617013001,32.101204261749515,37.03511814123645,12.316570987714174,3.633563445228451,37.56884234939082,39.33636782733978,19.22781728653634,38.09850694769536,32.46665985538488,36.92611292654755,18.983499471923736,14.768860031154253,22.128671999455623,30.660138506738768,22.644641116286152,38.82233546939997,3.935500516941057,3.928798584520113,14.85474766838079,2.6358462437406027,37.16924217186256,3.539154790685252
121030273171,13.554509412475314,3.6705960204635577,36.808726272017815,31.04670436363734,35.980618243124255,8.465187898201822,3.822333302488548,36.51434245127861,38.28186792922758,18.906101110272733,37.044007049583165,31.412159957272696,35.87161302843537,18.12630520301353,13.714360133042062,21.271320418001668,29.60563860862658,22.846506733193795,37.76783557128776,6.54676553388463,6.540063601463686,13.8002477702686,5.247111260684176,36.11474227375038,5.684332470290302
121030273181,13.931013392240974,2.999337222993361,37.3379606734181,31.5759387650376,36.50985264452454,11.04346600935222,5.572000202800178,37.04357685267891,38.81110233062787,18.994993056117096,37.57324145098346,31.94139435867296,36.40084742983563,18.655539604413796,14.243594534442332,21.80055481940193,30.13487301002685,22.4118168858669,38.29706997268806,5.875506736414433,5.868804803993489,14.329482171668872,4.575852463213978,36.643976675150654,5.013073672820104
121030273191,14.90121782751049,7.450490700742546,37.90302659618733,32.14100468780686,37.07491856729377,8.273057371901892,7.602227982767535,37.608642775448125,39.37616825339707,20.25280952530791,38.138307373752674,32.506460281442216,36.96591335260488,19.473013618048704,15.06106854807724,22.61802883303684,30.69993893279611,24.193215148228976,38.86213589545728,10.326660214163615,10.31995828174267,15.146956185303775,9.027005940963162,37.20904259791988,9.464227150569288
121030252042,10.494754197424443,19.815103570855463,27.70175314727565,21.939731238895185,26.87364511838208,17.145065482910884,25.44268265112225,27.407369326536447,29.174894804485405,5.265457063565097,27.937033924841,22.30518683253053,26.009547188389988,5.517548838145382,9.933809769109912,3.4200269069363958,20.498665483884437,2.7084513481141754,28.66086244654559,20.39381149390086,20.38710956147992,9.86017736372028,20.41141878052748,27.007769149008205,19.55599570407191
121030283004,26.89888364045128,36.49830426422519,6.850106931338791,12.15851909724456,3.604134654502576,29.113856997484785,39.79735078593853,3.07041044634822,4.955071341561365,25.86324991171889,7.085387708904144,8.476554179473332,3.086536118175372,26.112373880870983,25.729738716250274,22.702027591678178,8.817595550302377,22.56944142754122,5.9544937312024775,38.72022084624765,38.7135189138267,25.384516368343377,38.11544769672323,8.897208209027895,37.8345195859296
121030250132,14.12383891462428,25.183618481528622,17.255632771568127,12.180705320519657,15.088645920863751,20.12593704560466,30.12953739234456,15.057324255700008,17.724852897411562,13.223364762755722,17.49091354913348,11.770344074648794,13.50669913856158,13.472488731907816,12.954693990423271,10.062142442715013,9.297527247414722,10.110549580198953,17.829552344939902,25.94517612042066,25.938474187999702,12.83821031762788,25.96278340704727,17.06306991722497,25.05947486010261
121030220004,27.83347093820716,36.28031118023515,3.567700791923789,8.876112957829557,1.3817856138413491,28.895863913494757,39.579357701948496,1.3587803696348462,4.032805802885124,26.79783720947477,3.8029815694891433,5.510444949315698,0.2029328850212872,27.046961178626866,26.518000368784573,23.636614889434057,7.777859228727596,23.5040287252971,4.126462859092919,38.83264914734576,38.82594721492482,25.5479360109313,37.8974546127332,5.614802069612892,37.94694788702773
121030228021,25.16912246662222,33.385100742067216,5.690040007146352,5.771431102855989,3.7860733126049513,26.00065347532683,36.68414726378059,4.319797520759308,6.439601721266487,24.35911446086522,5.925320784711704,2.3996651018118675,4.29850327729451,24.603767773213328,23.62278993061664,21.31095170329626,4.872481929045934,21.71835746682412,6.5226916272271485,35.937438709177854,35.93073677675692,22.65272557276336,35.002244174565284,5.618998200623521,35.05173744885983
121030216002,28.548783293012978,36.76476156845798,1.2690853591282751,6.498255944537965,3.7971100738301207,29.380314301717583,40.06380809017134,4.330834281984478,3.6718269817283207,27.738775287255976,1.0883942287940536,6.782146812649684,4.3105020157560245,27.98342859960408,27.00245075700739,24.690612529687016,8.991557342225601,25.098018293214867,2.2281946583982246,39.31709953556861,39.310397603147656,26.03238639915412,38.381905000956046,1.5111069279696316,38.43139827525059
121030233001,26.16451063609584,34.38048891154086,3.552801629158847,4.0378048793650105,5.970445276381398,26.99604164480046,37.67953543325421,6.504169484535754,5.858385632952365,25.35450263033885,3.5467448781387247,4.483220332539006,6.482875241070957,25.59915594268695,24.618178100090265,22.30633987276989,6.607284685308466,22.713745636297745,4.511910928428796,36.93282687865148,36.92612494623053,23.64811374223699,35.99763234403892,2.4185883791522085,36.04712561833346
121030282003,27.04630414855693,36.64572477233083,7.406016180324461,12.714428346230232,4.160043903488247,29.261277505590424,39.94477129404418,3.6263196953338905,4.8922756070272,26.01067041982454,7.641296957889815,8.963514695887003,3.6424453671610415,26.25979438897664,25.877159224355925,22.849448099783825,9.30455606671605,22.71686193564687,6.5104029801881484,38.86764135435328,38.86093942193235,25.531936876449027,38.26286820482888,9.453117458013567,37.981940094035245
121030251091,17.73137726638486,27.446302654407795,20.02936420696652,15.177982628644545,17.862377356262165,24.23415374881465,33.073881734674586,17.83105569109842,20.49858433280996,12.23043724345423,20.264644984531877,14.693868172309752,16.280430573959997,13.009041636209156,17.06291069363326,9.598695347016344,12.29480455553961,8.03382299153426,20.60328378033829,28.025010577453187,28.01830864503224,16.946427020837866,28.04261786407981,19.83680135262336,27.187194787624254
121030246011,22.07082568217398,30.28680395761899,7.870643970585201,1.5916542205970692,8.810278480761815,22.902356690878594,33.58585047933236,9.34400268891617,9.660919689476806,21.260817676416984,8.105924748150555,4.254241669325567,9.322708445451372,21.505470988765083,20.524493146168407,18.212654918848024,3.674605882043974,18.620060682375875,8.82975326985515,32.839141924729624,32.832439992308686,19.55442878831512,31.903947390117047,7.130577939419527,31.95344066441159
121030246012,23.05689785664314,31.272876132088143,8.020995702689502,2.574644915912457,8.635344504573604,23.888428865347745,34.5719226538015,9.169068712727965,9.811271421581107,22.246889850886134,8.256276480254856,4.079307693137363,9.147774469263164,22.491543163234244,21.510565320637557,19.19872709331718,3.4996719058557675,19.60613285684503,8.980105001959457,33.82521409919877,33.81851216677782,20.54050096278428,32.890019564586204,7.327011704422063,32.939512838880745
121030248011,21.43483940124972,29.65081767669472,10.389653037751136,4.943302250974082,8.822130422068652,22.266370409954327,32.949864198408086,8.969932154043706,11.47565883073019,20.62483139549273,10.624933815316489,3.621182552421226,7.414340144995924,20.86948470784083,19.888506865244143,17.57666863792377,1.1483657251871586,17.984074401451622,11.348762337021078,32.20315564380535,32.196453711384414,18.918442507390868,31.267961109192782,9.695669039483692,31.317454383487327
121030248012,22.325079851774326,30.541058127219333,10.077572633996152,5.833542701498687,8.246643720655523,23.15661086047894,33.84010464893269,8.260852306481324,10.900172129317063,21.51507184601734,10.312853411561507,3.281441179925733,6.705260297433541,21.75972515836544,20.77874731576876,18.466909088448386,2.038606175711765,18.74309575231881,10.983262035277722,33.09339609432996,33.08669416190902,19.80868295791548,32.158201559717384,9.947504562699317,32.207694834011924
121030256021,7.64745905626293,18.18351652537377,26.17488623940961,20.412864331029137,25.34677821051604,14.28730899664808,23.81109560564057,25.880502418670403,27.64802789661936,2.6759994569351324,26.41016701697496,20.77831992466449,24.689870430148428,2.92512342608723,7.076053282847105,1.2561884257356624,18.971798576018397,2.07765747053282,27.133995538679542,18.76222444841917,18.755522515998223,7.002420877457471,18.77983173504579,25.480902241142164,17.92440865859023
121030256023,7.75120964038675,18.51503826706128,25.321814779007124,19.55979287062665,24.49370675011356,14.391059580771902,24.14261734732805,25.02743095826792,26.79495643621688,2.779750041058952,25.55709555657247,19.925248464262005,23.815154283394524,3.0288740102110494,7.179803866970925,0.3814722789817588,18.118727115615908,2.012838994503177,26.280924078277067,19.093746190106675,19.08704425768573,7.106171461581293,19.11135347673329,24.627830780739675,18.25593040027773
121030257002,9.260363199266582,18.580712572697603,27.91512037108872,22.15309846270825,27.08701234219516,15.910674484753022,24.208291652964395,27.62073655034952,29.38826202829847,4.0310660654072334,28.15040114865407,22.518554056343604,26.22291441220306,4.283157839987519,8.699418770952049,3.6333941307494655,20.712032707697503,2.9218185719272456,28.874229670358663,19.159420495743,19.15271856332205,8.625786365562416,19.177027782369617,27.221136372821277,18.32160470591405
121030273201,13.890384363960983,9.710362713961656,36.89219313263784,31.13017122425736,36.06408510374428,7.262223908352388,9.862099995986648,36.59780931189864,38.36533478984758,19.241976061758404,37.12747391020318,31.49562681789272,35.95507988905538,18.462180154499197,14.050235084527737,21.607195369487336,29.68910546924661,23.182381684679463,37.85130243190778,12.586532227382728,12.579830294961784,14.136122721754273,11.286877954182277,36.1982091343704,11.7240991637884
121030273202,15.813810879225176,11.288489155718528,38.815619647902025,33.05359773952154,37.98751161900847,9.18565042361658,11.440226437743515,38.521235827162826,40.28876130511177,21.1654025770226,39.050900425467375,33.41905333315692,37.878506404319566,20.385606669763384,15.973661599791924,23.53062188475153,31.6125319845108,25.105808199943663,39.77472894717197,14.1646586691396,14.157956736718656,16.059549237018462,12.865004395939144,38.12163564963458,13.30222560554527
121030249053,17.3633348659237,25.579313141368708,15.544685147802532,9.782663239422057,14.716577118908974,18.1948658746283,28.87835966308207,15.250301327063331,17.017826805012287,16.544570283239803,15.779965925367884,10.148118833057415,13.970354886407312,16.793694252391898,15.817002329918123,13.383347963199094,7.704380466598545,13.431755100683038,16.50379444707248,28.131651108479343,28.1249491760584,14.846937972064843,27.19645657386677,14.850701149535094,27.245949848161317
121030251132,16.860741132543993,26.57841682670241,19.884092309453457,15.032710731131496,17.71710545874911,23.26605499323325,32.2059959069692,17.68578379358537,20.353312435296903,11.362551415748833,20.11937308701882,14.548596274796704,16.135158676446938,12.138405502368292,16.094811938051873,8.728059213175488,12.149532658026564,7.165937163828866,20.45801188282524,27.15712474974781,27.15042281732686,15.978328265256476,27.17473203637443,19.691529455110302,26.319308959918867
121030229023,24.279283028916407,32.495261304361414,5.595088900082768,4.8864017842174015,3.691122205541368,25.11081403762102,35.79430782607478,4.224846413695726,6.344650614202905,23.46927502315941,5.830369677648121,1.509825664106058,4.203552170230928,23.713928335507514,22.732950492910827,20.42111226559045,3.9826424913401257,20.828518029118303,6.427740520163566,35.04759927147204,35.04089733905111,21.76288613505755,34.11240473685948,5.524047093559938,34.16189801115402
121030208002,28.80471705036832,37.08432240259381,4.156142604946551,9.46455477085232,0.9101703281103376,29.699875135853414,40.38336892430718,0.3764461199559804,3.0504715532062585,27.76908332163593,4.391423382511904,6.098886762338463,1.7107666538246846,28.01820729078803,27.322011591143223,24.607861001595214,8.571703589572527,24.475274837458254,4.0498939428473735,39.63666036970446,39.62995843728353,26.35194723328995,38.70146583509188,6.203243882635657,38.75095910938642
121030206001,30.781207021087447,38.99718529653244,1.9826937577361057,8.757260723452722,4.139844806226099,31.61273802979206,42.296231818245815,4.160341830814842,1.486316397564562,29.97119901533045,2.5547693302171326,9.014570540724158,5.722055085470974,30.21585232767855,29.234874485081868,26.92303625776149,11.223981070300075,27.330442021289343,1.528967064014551,41.54952326364308,41.54282133122214,28.26481012722859,40.61432872903051,3.887882347281042,40.66382200332505
121030254072,7.997785781298324,17.603005494582742,20.86598166915187,15.1039597607714,20.037873640258308,11.72566482511313,21.729265171853037,20.571597848412672,22.339123326361623,7.177800728521461,21.10126244671722,15.46941535440676,19.92886842556942,7.422454040869566,6.828640857097322,4.074360830873501,13.662894005760656,5.047111286708812,21.82509096842182,19.819122987094705,19.81242105467376,6.080402048105896,19.2201489270808,20.17199767088443,18.933421726776665
121030267034,2.51042857503609,12.36774413530383,26.35323808398115,20.591216175600675,25.525130055087583,6.615010269430779,16.61861061617069,26.058854263241944,27.826379741190905,6.112999724995722,26.588518861546497,20.956671769236035,25.41612484039869,5.333203817736512,0.9169428867719792,8.478219032724665,19.150150420589927,10.05340534791678,27.31234738325109,14.284550425293675,14.277848492872732,1.0028305239985178,13.984887567801884,25.65925408571371,13.39884916497564
121030249011,19.79787812994787,28.01385640539287,11.13575768305449,5.373735774674014,10.307649654160928,20.629409138652477,31.31290292710623,10.48867619859496,12.608899340264246,18.98787012419088,11.37103846061984,5.139926596972485,8.93308418954718,19.232523436538983,18.2515455939423,15.939707366621914,2.667109769738417,16.347113130149765,12.094866982324437,30.566194372503507,30.55949244008256,17.281481236089014,29.630999837890933,10.441773684787048,29.68049311218548
121030249012,18.738082395959847,27.327603868721106,12.934045499167857,7.172023590787375,12.105937470274291,19.943156601980693,30.626650390434467,12.213244900199582,14.40718715637761,17.848296704384975,13.169326276733209,6.926479571122499,10.657652891151798,18.09742067353708,17.19174985995427,14.687074384344276,4.453662743888434,14.735481521828214,13.893154798437802,29.87994183583174,29.873239903410795,16.221685502101,28.94474730121917,12.240061500900415,28.994240575513707
121030249013,20.25265537045878,28.84217684322004,11.762811566849209,6.000789658468732,10.612854466271008,21.457729576479625,32.1412233649334,10.69867192570066,13.235953224058964,19.36286967888391,11.99809234441456,5.411906596623582,9.143079916652882,19.61199364803601,18.706322834453204,16.2016473588432,2.9390897693895157,16.250054496327138,12.721920866119158,31.39451481033068,31.387812877909727,17.736258476599936,30.459320275718092,11.068827568581776,30.508813550012643
121030249051,17.53943401207848,25.755412287523487,12.014173625916015,6.252151717535544,11.18606559702246,18.370965020783093,29.05445880923685,11.719789805176816,13.487315283125774,16.729426006321496,12.249454403481367,6.528808415115693,10.321966007690396,16.974079318669595,15.993101476072908,13.681263248752522,4.055991587881626,14.088669012280375,12.973282925185968,28.30775025463412,28.30104832221318,15.02303711821963,27.37255572002155,11.32018962764858,27.42204899431609
121030249061,18.927392061375045,27.14337033682005,12.138477630755656,6.376455722375185,11.3103696018621,19.75892307007965,30.442416858533413,11.844093810016458,13.611619287965413,18.117384055618054,12.373758408321008,6.653112419955334,10.446270012530032,18.362037367966156,17.381059525369476,15.06922129804908,4.180295592721267,15.4759261138665,13.097586930025608,29.695708303930687,29.689006371509738,16.410995167516194,28.76051376931811,11.444493632488218,28.810007043612654
121030258001,5.537676631925435,16.30150525859995,27.42228822499671,21.66026631661624,26.594180196103157,12.177526572310589,21.92908433886672,27.127904404257517,28.89542988220647,1.580089158028201,27.657569002562067,22.0257219102516,26.028687291855853,0.815341001749734,4.966270858509608,2.595005287443073,20.21920056160549,4.170191602635198,28.38139752426666,16.880213181645345,16.8735112492244,4.892638453119976,16.89782046827196,26.728304226729268,16.042397391816404
121030258003,5.704621953345629,15.943276519931096,28.040884570786996,22.27886266240652,27.21277654189343,12.354933238832071,21.57085560019788,27.74650075004779,29.51402622799675,0.0523793131926443,28.276165348352343,22.64431825604187,26.64728363764613,0.7274165940665672,5.143677525031096,3.213601633233357,20.837796907395767,4.248993565112616,28.999993870056937,16.521984442976493,16.515282510555547,5.070045119641463,16.539591729603107,27.34690057251955,15.684168653147548
121030260011,8.906940772057718,18.117173670299287,34.635898709484664,28.873876801104203,33.807790680591104,15.558236978942192,23.74475275056608,34.34151488874546,36.10904036669442,6.79787057808936,34.87117948705001,29.23933239473956,33.00525799049049,6.553552763476751,8.356264136134854,9.717200895810713,27.43281104609345,9.704162150214676,35.5950080087546,18.695881593344687,18.68917966092374,8.506583357206575,18.713488879971298,33.941914711217215,17.85806580351574
121030260012,7.327123825734594,16.53735672397616,33.05608176316154,27.29405985478107,32.22797373426798,13.978420032619072,22.164935804242948,32.76169794242233,34.529223420371295,5.218053631766235,33.29136254072689,27.65951544841643,31.425441044167364,4.973735817153626,6.776447189811729,8.13738394948759,25.852994099770328,8.124345203891556,34.015191062431484,17.116064647021556,17.10936271460061,6.92676641088345,17.13367193364817,32.362097764894095,16.27824885719261
121030272073,11.156715367427248,1.599683936124786,38.26707573188701,32.50505382350652,37.438967702993445,13.0751005060594,6.614867521260432,37.972691911147805,39.74021738909675,15.056252862619184,38.50235650945236,32.87050941714189,37.32996248830455,14.811935048006577,12.115143788266654,17.95710757553847,31.063988068495775,18.473076692368995,39.22618503115694,1.565996364039041,1.5592944316180968,13.065180093240048,1.5836036506656552,37.57309173361956,0.6802951037210058
121030201051,33.980564190956066,42.19654246640104,8.364334240274369,14.191635864766182,6.010158956498284,34.812095199660675,45.49558898811441,5.690486096081371,5.688614084876258,33.17055618519907,8.686259079506685,11.211106826145713,7.024806629950076,33.415209497547174,32.43423165495048,30.12239342763011,13.68392365337978,29.47795454042732,7.405224941004418,44.74888043351167,44.74217850109074,31.46416729709721,43.81368589889912,10.492372190135653,43.86317917319365
121030201052,33.20068896120608,41.41666723665105,7.639833333417125,13.412900510234664,5.230283726748287,34.032219969910685,44.71571375836441,5.25078075133703,4.964113178019016,32.39068095544908,7.918954743300021,10.431231596395714,6.657006295240242,32.63533426779718,31.654356425200493,29.342518197880118,12.904048423629783,29.74992396140797,6.680724034147175,43.96900520376168,43.96230327134074,30.68429206734721,43.03381066914912,9.714187456648611,43.08330394344366
121030262001,2.6961331623991995,12.464613536053635,31.208812120579644,25.44679021219917,30.380704091686084,9.836514209087271,18.09219261632041,30.91442829984044,32.68195377778941,3.5310422970701043,31.444092898145,25.81224580583453,30.040836910414157,3.286724482457496,4.257413344284992,6.687069702777922,24.00572445718842,7.727656548990075,32.16792141984959,13.043321459099037,13.036619526678091,4.9538955186919695,13.06092874572565,30.514828122312203,12.205505669270092
121030263002,3.491424991903484,10.290381687915808,32.01180113077296,26.249779222392483,31.183693101879395,7.932461928657361,15.561957375797698,31.71741731003376,33.48494278798271,6.989516629467084,32.24708190833831,26.615234816027844,31.074687887190503,6.268909052315124,5.054123081234537,9.413924267303283,24.808713467381736,10.989110582495403,32.9709104300429,11.051939326807828,11.045237394386882,6.004159386207931,11.069546613434444,31.31781713250552,10.166238066489791
121030263006,3.048780127029296,13.287434693614763,30.38599096301852,24.62396905463804,29.55788293412496,10.104420811264792,18.91501377388154,30.091607142279315,31.85913262022827,2.708221139508978,30.621271740583875,24.98942464827341,29.21801575285303,2.463903324896369,3.4387166062332786,5.864248545216796,23.18290329962729,6.904835391428948,31.34510026228846,13.86614261666016,13.859440684239216,4.131074361130844,13.883749903286771,29.69200696475107,13.028326826831217
121030202011,32.868717136431705,41.08469541187669,6.69448363155765,12.553626776386276,4.898311901973913,33.70024814513632,44.38374193359007,4.918808926562655,4.018763476159541,32.05870913067471,6.841420435485149,10.09925977162134,6.480522181218789,32.3033624430228,31.322384600426115,29.01054637310574,12.572076598855409,29.417952136633595,5.735374332287701,43.637033378987326,43.63033144656639,30.35232024257284,42.70183884437476,8.174533452549055,42.7513321186693
121030202012,32.480469810633025,40.69644808607799,6.306236305758971,12.1653794505876,4.5100645761752345,33.31200081933761,43.99549460779136,4.530561600763977,3.6305161503608616,31.670461804876027,6.660002665328095,9.71101244582266,6.092274855420112,31.91511511722413,30.93413727462744,28.622299047307063,12.183829273056729,29.02970481083492,5.347127006489021,43.24878605318863,43.24208412076769,29.964072916774164,42.31359151857607,8.466115775957068,42.36308479287061
121030202013,31.73718857393342,39.953166849378405,5.562955069059372,11.422098213888,3.7667833394756345,32.56871958263803,43.25221337109178,3.787280364064377,2.8872349136612625,30.927180568176425,5.916721428628495,8.967731209123059,5.348993618720511,31.171833880524524,30.19085603792784,27.879017810607458,11.440548036357129,28.28642357413532,4.603845769789421,42.50550481648905,42.49880288406811,29.22079168007456,41.57031028187647,7.722834539257464,41.61980355617103
121030249062,19.357215093543537,27.611948539315392,12.170853262162929,6.408831353782451,11.342745233269367,20.227501272575,30.910995061028757,11.676186028072484,13.643994919372686,18.46742940196867,12.40613403972828,6.32743642645,10.120594019024702,18.716553371120767,17.810882557537965,15.30620708192797,3.854619599215934,15.354614219411909,13.129962561432876,30.164286506426023,30.15758457400508,16.840818199684694,29.22909197181345,11.476869263895487,29.27858524610799
121030249063,19.645238314894048,27.86121659033905,11.63276504918844,5.87074314080797,10.804657020294885,20.476769323598656,31.160263112052416,11.138097815097996,13.105906706398198,18.83523030913706,11.868045826753791,5.789348213475518,9.582505806050214,19.079883621485163,18.09890577888848,15.787067551568091,3.316531386241449,15.89548246284184,12.59187434845839,30.41355455744969,30.406852625028744,17.1288414210352,29.47836002283712,10.938781050921,29.52785329713166
121030250041,15.90107966477391,24.117057940218924,15.49180399957786,9.729782091197384,14.663695970684303,16.732610673478515,27.41610446193229,14.663525853879296,16.964945656787616,15.082315082090012,15.727084777143212,10.095237684832746,13.112900736740864,15.331439051242112,14.35474712876833,11.921092762049303,7.650126983500566,11.969499899533243,16.450913298847812,26.66939590732956,26.662693974908617,13.384682770915052,25.734201372716985,14.797820001310424,25.783694647011533
121030250043,17.43120016446245,25.647178439907464,14.177047672271142,8.41502576389067,13.1647270193545,18.262731173167055,28.946224961620832,13.133405354190756,15.650189329480895,16.612435581778556,14.41232844983649,8.606904999936143,11.582780237052324,16.861559550930657,15.88486762845687,13.451213261737845,6.134088172702078,13.499620399221785,15.136156971541087,28.199516407018105,28.19281447459716,14.91480327060359,27.26432187240552,13.4830636740037,27.31381514670007
121030250071,14.155549274853785,25.21532884175813,17.723775321940753,12.648847870892274,15.55678847123637,20.157647405834165,30.161247752574063,15.525466806072629,18.192995447784188,12.85699765933437,17.959056099506107,12.238486625021414,13.974841688934198,13.10612162848647,12.986404350652776,9.695775339293665,9.765669797787345,9.705846745325031,18.297694895312528,25.976886480650155,25.970184548229216,12.869920677857383,25.99449376727677,17.531212467597594,25.091185220332115
121030251101,19.346644963563783,29.06157035158673,22.160847809986823,17.30946623166486,19.993860959282483,25.975791248178112,34.68914943185353,19.96253929411874,22.63006793583027,13.845704940633173,22.39612858755219,16.825351775330066,18.41191417698031,14.624309333388092,18.77523919014796,11.21396304419529,14.426288158559933,9.649090688713205,22.73476738335861,29.640278274632127,29.633576342211185,18.688064520201348,29.657885561258745,21.96828495564368,28.802462484803183
121030266013,2.92032545403008,12.797594398951553,25.90538757692607,20.143365668545595,25.07727954803251,7.313020606290288,17.31662095303019,25.61100375618686,27.37852923413583,5.123776455254941,26.140668354491417,20.508821262180952,24.96827433334361,4.34398054799573,1.3467931504196995,7.477052803856884,18.70229991353485,9.052239119049007,26.86449687619601,14.714400688941398,14.707698756520454,0.3767287925664224,14.414737831449608,25.211403578658626,13.828699428623365
121030267011,3.510586702924916,9.774182464682491,31.38625428724957,25.6242323788691,30.55814625835601,7.306915085133975,15.045758152564384,31.09187046651037,32.85939594445933,7.615063472990469,31.62153506481492,25.98968797250445,30.449141043667115,6.89445589583851,4.469015123764321,10.03947111082667,24.183166623858344,11.614657426018791,32.34536358651951,10.535740103574511,10.529038171153571,5.4190514287377125,10.55334739020113,30.69227028898213,9.65003884325648
121030267013,2.5141014191579085,10.36100445577578,30.42388918715408,24.661867278773613,29.595781158260525,6.344549985038494,15.569205369655547,30.12950536641488,31.89703084436384,7.023006521118879,30.659169964719435,25.027322872408966,29.48677594357163,6.300850695925734,3.4725298399973155,9.445865910913891,23.220801523762866,11.021052226106011,31.382998486424032,11.122562094667805,11.11586016224686,4.42256614497071,11.140169381294417,29.72990518888664,10.236860834349768
121030267031,3.189163253918295,11.252162585896684,27.25398878739272,21.49196687901225,26.425880758499154,5.991945783118636,15.378422263166977,26.959604966653515,28.72713044460248,7.339709476424578,27.489269564958068,21.85742247264761,26.316875543810266,6.559913569165366,2.1479684991939068,9.70492878415352,20.050901124001506,11.280115099345648,28.213098086662665,13.374949371288718,13.368247438867773,2.233856136420445,12.869306018394736,26.56000478912528,12.489248110970683
121030267032,3.5463350940641063,11.08072021934862,26.611636002790785,20.84961409441031,25.783527973897225,4.710431235454335,15.20697989661892,26.31725218205158,28.084777660000544,7.69688131657039,26.846916780356132,21.21506968804567,25.674522759208333,6.917085409311178,2.505140339339718,10.06210062429933,19.40854833939956,11.637286939491457,27.57074530206073,13.633058186459252,13.62635625403831,2.5910279765662563,12.697863651846678,25.917652004523344,12.74735692614122
121030267033,4.424401418008456,12.499735264431848,24.514756274364505,18.752734365984026,23.68664824547094,5.89215743368545,16.575651222139207,24.2203724536253,25.98789793157426,7.59160505381611,24.75003705192985,19.118189959619382,23.57764303078205,6.811809146556899,3.383206663284068,9.94587385186131,17.31166861097328,11.521060167053433,25.47386557363445,15.052073231542476,15.045371299121536,2.469180620982002,14.116878696929906,23.82077227609706,14.166371971224446
121030203012,34.621113119500656,42.83709139494564,6.1777276562012,12.49440736276981,7.993321618265654,35.45264412820525,46.13613791665902,8.013818642854396,5.681350296029659,33.81110511374365,5.960797115911822,13.1497302326484,9.57553189751053,34.05575842609175,33.07478058349507,30.762942356174687,15.063887168713263,31.170348119702545,5.724000962479647,45.38942936205627,45.38272742963534,32.104716225641795,44.454234827443706,6.592427442487134,44.503728101738254
121030203013,33.531237865734774,41.74721614117978,5.087852402435333,11.404532109003943,7.245003450925328,34.362768874439375,45.046262662893135,7.26550047551407,4.59147504226379,32.72122985997778,4.870921862145954,12.059854978882528,8.827213730170202,32.965883172325874,31.9849053297292,29.67306710240882,13.974011914947395,30.08047286593667,4.634125708713779,44.2995541082904,44.29285217586946,31.01484097187592,43.364359573677845,5.774030388696379,43.41385284797239
121030203014,31.886775099340728,40.10275337478573,3.443389636041283,9.760069342609892,5.600540684531278,32.71830610804533,43.4017998964991,5.621037709120021,2.9470122758697403,31.07676709358373,3.2264590957519053,10.41539221248848,7.182750963776153,31.321420405931825,30.340442563335145,28.02860433601477,12.329549148553346,28.436010099542617,2.9896629423197294,42.65509134189637,42.64838940947541,29.370378205481867,41.7198968072838,4.559572112815814,41.76939008157833
121030204001,31.405616438456427,39.621594713901416,3.169656314283324,9.278910681725597,5.326807362773317,32.23714744716104,42.92064123561477,5.347304387362058,2.673278954111779,30.595608432699425,2.950979012886036,10.138046044443591,6.909017642018191,30.84026174504753,29.85928390245084,27.547445675130465,11.848390487669048,27.95485143865832,2.715929620561769,42.17393268101203,42.1672307485911,28.88921954459757,41.23873814639947,3.301087173372521,41.288231420694025
121030204002,31.17770379143176,39.39368206687674,2.959109277004969,9.050998034700935,5.184112352973616,32.009234800136376,42.6927285885901,5.20460937756236,2.8698197783964057,30.36769578567477,2.7285399988487247,9.910133397418928,6.729742953950046,30.612349098022868,29.631371255426178,27.31953302810581,11.620477840644382,27.726938791633657,2.5053825832834136,41.946020033987374,41.93931810156643,28.661306897572903,41.0108254993748,3.0731745263478607,41.06031877366935
121030204003,31.44085485077087,39.65683312621585,3.204894726597772,9.314149094040042,5.362045775087763,32.27238585947548,42.95587964792923,5.382542799676505,2.708517366426227,30.630846845013878,2.9862174252004823,10.173284456758038,6.944256054332639,30.875500157361977,29.89452231476529,27.58268408744491,11.883628899983496,27.99008985097276,2.7511680328762163,42.20917109332648,42.20246916090555,28.92445795691201,41.273976558713926,3.336325585686968,41.32346983300847
121030205001,30.42584198186711,38.64182025731211,2.089512048762605,8.299136225136282,5.246737444797926,31.257372990571717,41.94086677902548,5.309233177932441,3.3632238517424264,29.615833976110107,1.765525978278293,8.954459095014869,5.771347284155164,29.860487288458213,28.87950944586153,26.567671218541147,10.868616031079734,26.975076982069005,1.6357853550410508,41.19415822442274,41.187456292001805,27.90944508800826,40.25896368981019,2.5981752854057025,40.30845696410473
121030205002,30.616045260290505,38.83202353573551,2.183118923533559,8.489339503559675,4.408121999502208,31.44757626899512,42.13107005744887,4.428619024090948,2.4699512524071725,29.80603725453351,1.9557292567016904,9.144662373438264,5.953752600478635,30.050690566881613,29.06971272428493,26.757874496964558,11.058819309503132,27.1652802604924,1.729392229812004,41.38436150284614,41.3776595704252,28.09964836643165,40.44916696823358,3.2888422737656,40.498660242528125
121030205003,31.320716063944072,39.53669433938908,2.87907736175254,9.194010307213237,5.036228410242531,32.152247072648684,42.83574086110244,5.056725434831273,2.3827000015809947,30.51070805818707,2.6604000603552507,9.849333177091824,6.618438689487405,30.755361370535176,29.77438352793849,27.462545300618107,11.763490113156688,27.86995106414596,2.4253506680309846,42.0890323064997,42.082330374078765,28.80431917008521,41.15383777188715,3.560294303163272,41.20333104618169
121030268092,7.175677172937502,15.21082329688888,27.36825980652123,21.60623789814076,26.54015177762767,3.82159186385852,15.552683484787948,27.07387598578203,28.841401463730996,11.205290840102489,27.603540584086584,21.97169349177612,26.43114656293877,10.425494932843277,6.134482418213115,13.54415101293251,20.16517214313001,15.119337328124637,28.32736910579118,17.803348986471534,17.79664705405059,6.08286640726838,16.82796672938694,26.674275808253796,16.917647726153508
121030268111,10.45570792500347,5.618768720876826,33.709924784545954,27.94790287616549,32.881816755652395,6.459778078002028,6.9211347899604,33.415540963806755,35.18306644175572,15.807299622800894,33.94520556211131,28.31335846980085,32.7728115409635,15.027503715541682,10.61555864557022,18.172518930529822,26.50683712115474,19.747705245721956,34.6690340838159,8.42837143189725,8.421669499476305,10.701446282796756,7.235912153374878,33.01594078627851,7.5426701715792115
121030268113,10.986325066196258,7.221264776087291,33.9881338348731,28.226111926492635,33.160025805979544,4.358164610587662,7.37300205811228,33.693750014133904,35.46127549208286,16.337916763993686,34.22341461243845,28.59156752012799,33.05102059129065,15.558120856734469,11.146175786763006,18.703136071722614,26.785046171481888,20.278322386914745,34.94724313414305,10.09743428950836,10.09073235708742,11.232063423989546,8.79778001630791,33.29414983660566,9.235001225914036
121030268121,8.228084039220668,7.86864713806838,31.482300898763167,25.720278990382685,30.654192869869608,3.696604430990592,9.684308436971836,31.18791707802396,32.95544255597293,13.57967573701809,31.717581676328518,26.08573458401805,30.54518765518071,12.799879829758876,8.387934759787417,15.944895044747025,24.279213235371937,17.52008135993915,32.44141019803311,10.678249849088802,10.671547916667858,8.47382239701395,9.48579057056643,30.78831690049572,9.792548588770766
121030206002,31.10116208629401,39.31714036173901,2.383054754451243,9.15762172016786,3.766579243204791,31.93269309499862,42.61618688345239,3.787076267793533,1.1130508345432544,30.29115408053701,3.1631983226956844,8.967527112852215,5.348789522449668,30.535807392885115,29.554829550288428,27.24299132296805,11.440343940086285,27.650397086495904,1.929328060729689,41.869478328849645,41.86277639642871,28.584765192435157,40.93428379423708,5.050431570896008,40.98377706853164
121030206003,31.214002069541607,39.4299803449866,2.415488806190263,9.19005577190688,4.572639854680258,32.045533078246216,42.729026866699975,4.593136879268999,1.9191114460187204,30.403994063784605,2.907438596806615,9.447365589178316,6.154850133925132,30.648647376132715,29.667669533536024,27.355831306215645,11.656776118754236,27.7632370697435,1.9617621124687088,41.98231831209724,41.9756163796763,28.697605175682742,41.04712377748466,4.240551613870524,41.096617051779205
121030206004,30.673887442482695,38.8898657179277,2.0099247881433984,8.784491753860012,3.3393045993934884,31.505418451187317,42.18891223964108,3.3598016239822304,0.6857761907319515,29.863879436725707,2.790068356387841,8.540252469040912,4.921514878638365,30.10853274907381,29.127554906477123,26.815716679156747,11.013069296274978,27.2231224426846,1.556198094421844,41.442203685038336,41.4355017526174,28.15749054862385,40.50700915042577,4.688422554113653,40.55650242472032
121030207003,30.47991906143707,38.69589733688206,3.270738703591165,9.562042529592018,2.860483825629746,31.31145007014168,41.99494385859544,2.880980850218489,1.1848686381120372,29.669911055680075,3.957137717597347,8.061431695277172,4.442694104874623,29.914564368028174,28.93358652543149,26.621748298111115,10.53424852251124,27.02915406163897,2.311629404321216,41.24823530399271,41.24153337157176,27.963522167578216,40.31304076938012,5.763250828226316,40.36253404367465
121030207004,30.05472504648102,38.270703321926,2.903477670051416,9.194781496052268,2.4365985345814467,30.886256055185637,41.56974984363938,2.457095559170189,0.2169298740800894,29.244717040724023,3.589876684057597,7.63754640422887,4.018808813826324,29.489370353072125,28.50839251047544,26.196554283155063,10.110363231462935,26.603960046682914,1.9443683707814656,40.82304128903665,40.8163393566157,27.538328152622167,39.88784675442405,5.395989794686566,39.9373400287186
121030208001,27.86686008569273,36.3186672196301,5.093999569622143,10.402411735527917,1.8480272927859316,28.93421995288967,39.61771374134344,1.3143030846315733,3.988328517881852,26.831226356960336,5.329280347187496,7.036743727014056,2.0851558359955096,27.080350326112438,26.556356408179493,23.670004036919625,7.816215268122515,23.53741787278267,4.987750907522966,38.8710051867407,38.864303254319765,25.58629205032621,37.93581065212814,7.1411008473112485,37.98530392642268
121030208003,29.20447353945728,37.47486247497511,4.5452684032621935,9.855094843233609,1.2992445656743543,30.090415208234692,40.77390899668847,0.766986192337266,2.644218272578582,28.168839810724883,4.780549180827548,6.489426834719748,2.1013067262059706,28.41796377987698,27.71255166352451,25.007617490684176,8.962243661953812,24.875031326547216,3.643640662219696,40.027200442085736,40.02049850966481,26.74248730567123,39.09200590747318,6.593783955016942,39.14149918176772
121030208004,28.34037973658029,36.79218687051765,5.409362206139175,10.719188646110586,2.1633383685513365,29.407739603777237,40.09123339223097,1.6310799952142478,3.508312075455563,27.3047460078479,5.644642983704529,7.353520637596729,2.558675486883069,27.553869977,27.029876059067053,24.14352368780719,8.289734919010074,24.010937523670236,4.507734465096676,39.34452483762825,39.33782290520731,26.05981170121377,38.40933030301569,7.4578777578939235,38.45882357731023
121030208006,29.17661250734245,37.39259078278747,4.162331091262946,9.772823151045973,1.2169728734867202,30.008143516047067,40.69163730450085,0.6847145001496318,2.2183304609239287,28.36660450158546,4.397611868828299,6.407155142532114,2.0190350340183363,28.61125781393356,27.63027997133688,25.3184417440165,8.879971969766178,25.300919138201863,3.217752850565043,39.94492874989812,39.938226817477165,26.6602156134836,39.00973421528554,6.203724979457267,39.05922748958008
121030212001,29.508160859926573,37.72413913537157,1.6279884245821916,7.381455103195737,4.329056322857382,30.339691868631174,41.02318565708493,4.8627805310117385,3.1877337287984977,28.69815285416957,0.84784485633775,8.036777973074322,4.85366616221462,28.94280616651768,27.96182832392099,25.64999009660061,9.95093490913919,26.057395860128462,1.4602952320971208,40.27647710248221,40.26977517006125,26.991763966067715,39.341282567869634,2.18095787340166,39.39077584216418
121030212003,29.83519565032899,38.05117392577399,1.0366823869776498,7.811249352694263,4.235906491558745,30.6667266590336,41.35022044748735,4.256403516147486,2.310394189957472,29.025187644571997,1.7251843951787753,8.068559169965704,4.807316063922725,29.269840956920092,28.28886311432341,25.977024887003036,10.277969699541616,26.384430650530884,0.5829556932560952,40.60351189288462,40.59680996046368,27.31879875647013,39.66831735827205,3.058297412242686,39.7178106325666
121030250073,14.693197952511891,25.752977519416245,16.686273733680512,11.61134628263204,14.519286882976138,20.69529608349228,30.69889643023218,14.487965217812391,17.155493859523954,13.792723800643335,16.921554511245866,11.20098503676118,12.937340100673964,14.041847769795428,13.524053028310892,10.631501480602626,8.728168209527109,10.679908618086566,17.26019330705229,26.514535158308277,26.50783322588733,13.407569355515497,26.532142444934887,16.493710879337353,25.62883389799024
121030250091,12.553121709382566,21.559328262000573,18.452844539463275,12.6908226310828,17.624736510569715,15.681987592530952,25.685587939270867,17.630071082692698,19.92598619667303,11.663336017807696,18.688125317028625,13.056278224718158,16.079445965554264,11.912459986959794,11.006789173376994,8.502113697766989,10.638623430465724,8.55052083525093,19.41195383873322,24.1116662291112,24.10496429669025,10.036724815523716,23.176471694498627,17.75886054119583,23.22596496879317
121030250111,11.208718609385135,22.268498176289487,19.826148066056792,14.064126157676318,18.00376622610289,17.210816740365527,27.214417087105417,17.972444560939145,20.6399732026507,10.30824445751658,20.061428843622146,14.429581751311671,16.421819443800718,10.557368426668678,10.039573685184134,7.147022137475871,12.011926957059238,7.195429274959813,20.74467265017904,23.03005581518152,23.02335388276057,9.92309001238874,23.047663101808133,19.13216406778935,22.14435455486348
121030250121,13.30959447959544,24.369374046499782,18.06987720659697,12.994949755548497,15.902890355892591,19.311692610575825,29.315292957315723,15.871568690728845,18.5390973324404,12.409120327726884,18.30515798416232,12.584588509677634,14.320943573590416,12.658244296878976,12.140449555394436,9.247898007686173,10.111771682443562,9.296305145170114,18.643796779968746,25.130931685391825,25.12422975297087,12.02396588259904,25.148538972018432,17.877314352253812,24.24523042507378
121030250122,15.138815228402098,24.14502178102011,16.389253127304375,10.627231218923896,15.075699228836909,18.267681111550484,28.2712814582904,15.044377563673162,17.711906205384714,14.249029536827228,16.624533904869725,10.52574673868025,13.49375244653473,14.498153505979326,13.592482692396525,11.087807216786524,8.052929911446189,11.136214354270464,17.348362426574326,26.69735974813073,26.69065781570978,12.622418334543251,25.762165213518163,15.695269129036935,25.811658487812704
121030268131,10.364406722326466,10.004969821174177,32.49748219898742,26.735460290606955,31.66937417009387,2.867512974701986,10.971833219313073,32.203098378248235,33.97062385619718,15.274750478956198,32.73276297655279,27.10091588424232,31.56036895540498,14.494954571696988,10.083009501725536,17.639969786685135,25.294394535596208,19.215156101877263,33.45659149825738,12.8145725321946,12.807870599773656,10.168897138952069,11.622113253672229,31.80349820071999,11.928871271876565
121030268152,10.006532496528637,10.266555657451336,31.958119736766665,26.196097828386183,31.130011707873106,2.3281505124812205,10.4324707570923,31.66373591602746,33.43126139397642,14.73538801673543,32.19340051433202,26.56155342202155,31.02100649318421,13.955592109476216,9.543647039504766,17.100607324464367,24.755032073375443,18.675793639656494,32.917229036036616,13.076158368471756,13.069456436050816,9.6295346767313,11.857248715287934,31.264135738499217,12.190457108153725
121030268161,9.976212380497593,13.71117182406645,30.914481269040493,25.152459360660018,30.086373240146933,3.3176077910384127,13.877086923707418,30.62009744830129,32.387622926250245,14.666133141730532,31.14976204660584,25.51791495429537,29.97736802545804,13.88633723447132,9.474392164499864,17.031352449459472,23.71139360564927,18.606538764651603,31.87359056831044,16.520774535086876,16.51407260266593,9.5602798017264,15.301864881903048,30.220497270773052,15.63507327476884
121030268164,8.83423253292494,13.564859376496123,30.466417120845684,24.704395212465204,29.638309091952124,2.175627943465761,13.777934190868123,30.17203330010648,31.93955877805544,13.52415329415788,30.701697898411037,25.06985080610057,29.529303877263228,12.744357386898669,8.332412316927211,15.88937260188682,23.26332945745446,17.464558917078953,31.425526420115627,16.169594217528093,16.162892285107148,8.418299954153749,15.18200280899418,29.77243312257824,15.28389295721006
121030268171,8.680801916123373,10.927435475484511,30.6323891563614,24.87036724798092,29.804281127467835,1.0024199320759557,11.09335057512548,30.3380053356222,32.10553081357115,13.40965743633016,30.867669933926752,25.23582284161628,29.69527591277895,12.629861529070949,8.2179164590995,15.7748767440591,23.429301492970176,17.350063059251227,31.59149845563135,13.737038186504936,13.73033625408399,8.303804096326036,12.518128533321107,29.93840515809396,12.8513369261869
121030268172,10.048235476875904,12.229354336764487,31.96088795814008,26.1988660497596,31.132779929246517,2.4435134962282707,12.395269436405458,31.666504137400874,33.43402961534984,14.738156238108845,32.19616873570542,26.56432164339496,31.02377471455763,13.958360330849631,9.54641526087817,17.103375545837782,24.75780029474885,18.678561861029905,32.91999725741002,15.038957047784912,15.032255115363968,9.63230289810471,13.820047394601088,31.266903959872632,14.153255787466875
121030218002,26.977147108714615,35.19312538415963,2.69078178773398,6.470760970327116,2.102191246589175,27.808678117419223,38.49217190587299,2.6359154547435324,3.294507811846492,26.167139102957616,2.926062565299333,4.672734655009417,2.615583188515078,26.41179241530572,25.43081457270904,23.118976345388653,7.145551482243486,23.526382108916504,3.267487403196981,37.74546335127026,37.73876141884932,24.46075021485576,36.81026881665768,3.3626362204323925,36.85976209095222
121030269081,9.041923536376911,3.0141778660083176,34.00031367278805,28.23829176440756,33.17220564389448,8.815250524138333,7.861188880058082,33.70592985204884,35.47345532999779,14.691608334778303,34.23559445035339,28.603747358042924,33.06320042920558,13.99213011722129,9.685967501447008,17.13714533220945,26.79722600939681,18.238851459738783,34.95942297205797,5.746423568953273,5.7397216365323285,9.771855138673544,4.63132129850637,33.30632967452059,4.8607223086352365
121030269082,7.265328805534696,4.649185875938624,34.84890064759323,29.086878739212747,34.02079261869966,9.663837498943526,9.920761563820516,34.55451682685402,36.32204230480297,12.61713378167408,35.08418142515856,29.452334332848103,33.91178740401077,12.00144216529159,8.223757226374104,15.146457380279744,27.645812984201985,16.164376906634562,35.80800994686315,5.410743514830646,5.404041582409702,9.173793531347496,5.42835080145726,34.15491664932576,4.525042254512611
121030269083,7.842022643472897,5.225879713876822,35.425594485531434,29.663572577150934,34.59748645663787,10.240531336881723,10.497455401758712,35.13121066479222,36.89873614274118,12.082460275112595,35.66087526309676,30.029028170786297,34.488481241948975,11.466768658730103,8.800451064312302,14.61178387371826,28.222506822140183,15.629703400073083,36.38470378480135,5.987437352768845,5.9807354203479,9.75048736928569,6.005044639395459,34.73161048726398,5.1017360924508095
121030269091,6.910061892516158,5.4439193321310775,33.34994028366757,27.58791837528709,32.521832254774004,8.164877135017866,10.290930346180842,33.055556462928365,34.82308194087731,12.261866868655542,33.585221061232915,27.95337396892245,32.41282704008511,11.646175252273052,7.868490313355565,14.791190467261204,26.146852620276334,15.809109993616028,34.3090495829375,6.6901006998382,6.683398767417256,8.818526618328956,6.707707986464815,32.65595628540012,5.804399439520165
121030269111,4.789808929377429,7.266292473007798,30.83778397091724,25.075762062536764,30.00967594202367,6.7584447688016445,12.11330348705756,30.543400150178027,32.310925628126995,10.478908403716868,31.07306474848258,25.44121765617212,29.90067072733478,9.740015510221811,5.433852894447525,12.885030725209967,23.634696307526006,14.46021704040209,31.79689327018718,9.818630440118428,9.811928507697484,5.519740531674062,8.883435905505854,30.14379997264979,8.9329291798004
121030270001,4.8084554405532165,9.206462324402482,33.32883157942268,27.56680967104221,32.50072355052912,9.249492377307098,14.478038012284378,33.03444775868348,34.801973236632435,7.945170115061585,33.56411235698803,27.93226526467757,32.39171833584024,7.224562537909626,6.371153529884269,10.369577752897785,26.125743916031464,11.799169400274334,34.28794087869262,9.813736944506214,9.807035012085272,7.321189834857663,9.831344231132832,32.63484758115525,8.975921154677273
121030251102,18.229333619080283,27.944259007103213,20.527320559661927,15.675938981339964,18.36033370895758,24.73211010151006,33.57183808737001,18.32901204379384,20.99654068550537,12.728393596149653,20.762601337227288,15.191824525005172,16.77838692665541,13.506997988904576,17.560867046328674,10.096651699711764,12.792760908235037,8.53177934422968,21.10124013303371,28.52296693014861,28.516264997727664,17.444383373533284,28.540574216775223,20.334757705318776,27.685151140319668
121030282001,26.59336828916634,36.19278891294024,6.957674474657141,12.26608664056291,3.711702197820926,28.80834164619984,39.4918354346536,3.177977989666568,5.845506631378121,25.557734560433943,7.192955252222494,8.510578836496416,3.1941036614937213,25.806858529586048,25.424223364965336,22.39651224039324,8.851620207325459,22.26392607625628,6.844929021019232,38.414705494962696,38.40800356254176,25.079001017058435,37.80993234543829,9.004775752346246,37.52900423464465
121030226011,25.21510923794284,33.4886586705413,6.686801879122334,8.352581839069392,4.771600917651399,26.104211403800885,36.78770519225463,4.745246144397007,7.412774786108557,24.179475509210445,6.922082656687686,4.645165348204675,3.189654135349227,24.42859947836255,23.72634785909071,21.01825318916974,4.986206719033722,20.885667025032777,7.511300004485031,36.0409966376519,36.03429470523096,22.756283501237423,35.10580210303934,6.615760072599502,35.15529537733388
121030208005,28.76423167373347,37.216038807670834,5.035202653800976,10.775860216625828,2.5253370181443997,29.83159154093041,40.51508532938416,1.99307864480731,3.0912020234619577,27.728597945001084,5.270483431366329,7.715519287189791,2.982527424036252,27.97772191415318,27.45372799622023,24.567375624960373,8.71358685616326,24.434789460823414,4.09062441310307,39.76837677478143,39.761674842360506,26.48366363836696,38.83318224016888,7.076596541995297,38.88267551446341
121030222002,24.544821365912117,34.14424198968603,6.836456798078462,9.824714608880782,4.670677284616608,26.75979472294561,37.44328851139939,4.644322511362216,7.311851153073766,23.509187637179725,7.071737575643815,6.126315630430109,3.088730502314434,23.758311606331823,23.375676441711107,20.34796531713901,6.467357001259154,20.21537915300205,7.41037637145024,36.36615857170849,36.35945663928755,23.03045409380421,35.76138542218408,6.720862264064842,35.480457311390445
121030229021,23.52758534204895,31.74356361749396,6.295390939449203,4.136217460167771,4.44281989240883,24.35911635075356,35.04261013920732,4.976544100563187,7.096348301070366,22.71757733629195,6.530671717014556,0.758127977238597,4.955249857098389,22.96223064864006,21.98125280604337,19.66941457872299,3.230944804472664,20.076820342250848,7.179438207031027,34.29590158460459,34.289199652183655,21.01118844819009,33.36070704999202,6.165322868152367,33.41020032428656
121030273203,12.593059526206256,9.357830485491668,35.59486829488309,29.83284638650263,34.76676026598954,5.964899070597658,9.50956776751666,35.30048447414389,37.06800995209285,17.94465122400368,35.83014907244844,30.198301980137995,34.65775505130065,17.164855316744468,12.752910246773006,20.30987053173261,28.39178063149188,21.88505684692474,36.55397759415304,12.233999998912736,12.227298066491793,12.838797883999543,10.934345725712284,34.90088429661566,11.37156693531841
121030207002,29.631029660464478,37.847007935909474,2.471455604145204,8.762759430146057,2.140604493427396,30.46256066916908,41.14605445762284,2.161101518016138,1.1834595175566205,28.82102165470748,3.1578546181513847,7.323961332822503,3.71579089266708,29.06567496705558,28.08469712445889,25.77285889713852,9.796778160056569,26.180264660666367,1.5123463048752537,40.39934590302009,40.39264397059916,27.114632766605613,39.46415136840753,4.963967728780353,39.51364464270206
121030256022,8.62541925950491,18.330030687817807,26.429889832486253,20.667867924105785,25.601781803592694,15.265269199890056,23.9576097680846,26.135506011747054,27.90303148969601,3.1141652768642425,26.665170610051607,21.03332351774114,24.73768387360059,3.8939611841234543,8.054013486089083,2.148163592147001,19.22680216909504,1.4365880333247818,27.3889991317562,18.908738610863203,18.902036678442258,7.980381080699449,18.92634589748982,25.735905834218816,18.07092282103427
121030273081,23.107722672690656,12.049301696858798,46.518148316765405,40.75612640838492,45.690040287871845,20.971493134349537,9.694682448817426,46.223764496026206,47.99128997397517,27.301503854723283,46.75342909433075,41.12158200202028,45.58103507318295,27.057186040110672,23.423782177789622,30.20235856764257,39.31506065337416,30.71832768447309,47.47725761603535,11.276932792292616,11.283634724713558,23.50966981501616,11.23587412685044,45.82416431849796,12.139182673795093
121030255052,7.547586792031325,17.252198220344237,27.700026711890985,21.93800480351052,26.871918682997425,14.187436732416472,22.87977730061103,27.405642891151786,29.17316836910074,2.036332809390659,27.935307489456346,22.30346039714588,26.06938599289681,2.8161287166498714,6.9761810186155,2.781328898217037,20.49693904849977,2.7682901526210038,28.659136011160932,17.830906143389637,17.824204210968688,6.902548613225866,17.848513430016247,27.006042713623547,16.993090353560692
121030245104,13.837541042525343,22.05351931797035,16.478060472877416,10.71603856449694,15.649952443983858,14.669072051229954,25.352565839683717,16.183676652138214,17.951202130087168,13.027533036768348,16.713341250442763,11.0814941581323,15.54094722929496,13.272186349116453,12.291208506519764,9.979370279199376,9.27497280948619,10.386776042727233,17.437169772147353,24.60585728508098,24.59915535266004,11.321144148666487,23.67066275046841,15.784076474609977,23.72015602476295
