STATEFP,COUNTYFP,TRACTCE,BLKGRPCE,GEOID,GEOIDFQ,NAMELSAD,MTFCC,FUNCSTAT,ALAND,AWATER,INTPTLAT,INTPTLON,GEOID_JOIN,POPULATION
12,103,024804,1,121030248041,1500000US121030248041,Block Group 1,G5030,S,1105687.000000000000000,28824.000000000000000,+27.8156905,-082.7233640,121030248041,2802
12,103,026913,2,121030269132,1500000US121030269132,Block Group 2,G5030,S,766254.000000000000000,10838.000000000000000,+28.0084667,-082.7358262,121030269132,1553
12,103,025417,1,121030254171,1500000US121030254171,Block Group 1,G5030,S,645346.000000000000000,22421.000000000000000,+27.9048377,-082.7503413,121030254171,802
12,103,025309,2,121030253092,1500000US121030253092,Block Group 2,G5030,S,644530.000000000000000,3911.000000000000000,+27.9068877,-082.7905539,121030253092,1362
12,103,026916,4,121030269164,1500000US121030269164,Block Group 4,G5030,S,530974.000000000000000,133171.000000000000000,+28.0009326,-082.7589220,121030269164,986
12,103,020108,1,121030201081,1500000US121030201081,Block Group 1,G5030,S,306267.000000000000000,1092061.000000000000000,+27.7063055,-082.7198058,121030201081,1118
12,103,026705,3,121030267053,1500000US121030267053,Block Group 3,G5030,S,1417265.000000000000000,36701.000000000000000,+27.9860052,-082.7512067,121030267053,494
12,103,026704,2,121030267042,1500000US121030267042,Block Group 2,G5030,S,1347125.000000000000000,32690.000000000000000,+27.9851608,-082.7358022,121030267042,2122
12,103,027319,2,121030273192,1500000US121030273192,Block Group 2,G5030,S,917722.000000000000000,89888.000000000000000,+28.0424840,-082.6974791,121030273192,1379
12,103,026601,1,121030266011,1500000US121030266011,Block Group 1,G5030,S,645242.000000000000000,15930.000000000000000,+27.9515406,-082.7581563,121030266011,846
12,103,025420,2,121030254202,1500000US121030254202,Block Group 2,G5030,S,1089913.000000000000000,22345522.000000000000000,+27.9651959,-082.6623751,121030254202,1100
12,103,027605,2,121030276052,1500000US121030276052,Block Group 2,G5030,S,681164.000000000000000,2876763.000000000000000,+27.9312443,-082.8365752,121030276052,856
12,103,025902,1,121030259021,1500000US121030259021,Block Group 1,G5030,S,596863.000000000000000,691010.000000000000000,+27.9545530,-082.8056924,121030259021,790
12,103,025210,1,121030252101,1500000US121030252101,Block Group 1,G5030,S,1014224.000000000000000,623767.000000000000000,+27.9094806,-082.8277220,121030252101,1417
12,103,025211,2,121030252112,1500000US121030252112,Block Group 2,G5030,S,948132.000000000000000,9271.000000000000000,+27.9121228,-082.8073018,121030252112,1157
12,103,025700,3,121030257003,1500000US121030257003,Block Group 3,G5030,S,1903965.000000000000000,43968.000000000000000,+27.9356498,-082.8033110,121030257003,1640
12,103,025507,1,121030255071,1500000US121030255071,Block Group 1,G5030,S,1622676.000000000000000,85362.000000000000000,+27.9328226,-082.7688461,121030255071,1883
12,103,027308,2,121030273082,1500000US121030273082,Block Group 2,G5030,S,3467728.000000000000000,361853.000000000000000,+28.1656089,-082.7672113,121030273082,1752
12,103,025207,4,121030252074,1500000US121030252074,Block Group 4,G5030,S,682465.000000000000000,103205.000000000000000,+27.9010424,-082.8086345,121030252074,739
12,103,025510,2,121030255102,1500000US121030255102,Block Group 2,G5030,S,574218.000000000000000,5136.000000000000000,+27.9328587,-082.7809323,121030255102,1382
12,103,025310,1,121030253101,1500000US121030253101,Block Group 1,G5030,S,649618.000000000000000,16465.000000000000000,+27.8986520,-082.7916607,121030253101,1350
12,103,025209,3,121030252093,1500000US121030252093,Block Group 3,G5030,S,323776.000000000000000,0.000000000000000,+27.8894392,-082.8241728,121030252093,1564
12,103,025209,4,121030252094,1500000US121030252094,Block Group 4,G5030,S,647703.000000000000000,9251.000000000000000,+27.8836531,-082.8241086,121030252094,532
12,103,026814,2,121030268142,1500000US121030268142,Block Group 2,G5030,S,1892522.000000000000000,179455.000000000000000,+28.0361505,-082.7043223,121030268142,995
12,103,025207,2,121030252072,1500000US121030252072,Block Group 2,G5030,S,920072.000000000000000,42743.000000000000000,+27.8865310,-082.8157695,121030252072,1233
12,103,025021,2,121030250212,1500000US121030250212,Block Group 2,G5030,S,2332371.000000000000000,76510.000000000000000,+27.8915187,-082.7592677,121030250212,2008
12,103,027324,2,121030273242,1500000US121030273242,Block Group 2,G5030,S,2709361.000000000000000,127108.000000000000000,+28.0932550,-082.6894017,121030273242,2369
12,103,025415,3,121030254153,1500000US121030254153,Block Group 3,G5030,S,576699.000000000000000,18345.000000000000000,+27.9123977,-082.7408725,121030254153,1270
12,103,025419,1,121030254191,1500000US121030254191,Block Group 1,G5030,S,586543.000000000000000,8347.000000000000000,+27.9035536,-082.7415211,121030254191,1950
12,103,026812,3,121030268123,1500000US121030268123,Block Group 3,G5030,S,300203.000000000000000,8684.000000000000000,+28.0178076,-082.7108636,121030268123,1034
12,103,025901,1,121030259011,1500000US121030259011,Block Group 1,G5030,S,486905.000000000000000,4971.000000000000000,+27.9589351,-082.7930191,121030259011,794
12,103,025419,3,121030254193,1500000US121030254193,Block Group 3,G5030,S,237878.000000000000000,27547.000000000000000,+27.8957393,-082.7433293,121030254193,555
12,103,025311,1,121030253111,1500000US121030253111,Block Group 1,G5030,S,961920.000000000000000,59026.000000000000000,+27.8914917,-082.7825767,121030253111,952
12,103,027901,1,121030279011,1500000US121030279011,Block Group 1,G5030,S,1148366.000000000000000,1898925.000000000000000,+27.7733096,-082.7762606,121030279011,396
12,103,027212,1,121030272121,1500000US121030272121,Block Group 1,G5030,S,631551.000000000000000,298.000000000000000,+28.1067690,-082.7430667,121030272121,1721
12,103,027204,3,121030272043,1500000US121030272043,Block Group 3,G5030,S,768777.000000000000000,525759.000000000000000,+28.1041640,-082.7380840,121030272043,1372
12,103,025205,4,121030252054,1500000US121030252054,Block Group 4,G5030,S,613745.000000000000000,0.000000000000000,+27.8770004,-082.8365044,121030252054,1019
12,103,027108,2,121030271082,1500000US121030271082,Block Group 2,G5030,S,1168831.000000000000000,956967.000000000000000,+28.0172628,-082.7904595,121030271082,1390
12,103,025420,1,121030254201,1500000US121030254201,Block Group 1,G5030,S,432462.000000000000000,1012.000000000000000,+27.9540208,-082.7251348,121030254201,1149
12,103,026812,4,121030268124,1500000US121030268124,Block Group 4,G5030,S,1007364.000000000000000,21445.000000000000000,+28.0149974,-082.7303841,121030268124,1435
12,103,027332,1,121030273321,1500000US121030273321,Block Group 1,G5030,S,14111420.000000000000000,260715.000000000000000,+28.1241302,-082.6583890,121030273321,2607
12,103,025902,2,121030259022,1500000US121030259022,Block Group 2,G5030,S,1285161.000000000000000,321082.000000000000000,+27.9643247,-082.7978322,121030259022,1456
12,103,026402,1,121030264021,1500000US121030264021,Block Group 1,G5030,S,248391.000000000000000,0.000000000000000,+27.9626328,-082.7798090,121030264021,1265
12,103,026401,2,121030264012,1500000US121030264012,Block Group 2,G5030,S,487996.000000000000000,5431.000000000000000,+27.9557203,-082.7811315,121030264012,658
12,103,026915,1,121030269151,1500000US121030269151,Block Group 1,G5030,S,245263.000000000000000,26092.000000000000000,+28.0024628,-082.7660099,121030269151,1725
12,103,026501,1,121030265011,1500000US121030265011,Block Group 1,G5030,S,885655.000000000000000,37751.000000000000000,+27.9527400,-082.7694548,121030265011,1688
12,103,026705,2,121030267052,1500000US121030267052,Block Group 2,G5030,S,752794.000000000000000,68619.000000000000000,+27.9915807,-082.7522581,121030267052,1781
12,103,026704,1,121030267041,1500000US121030267041,Block Group 1,G5030,S,542501.000000000000000,1418.000000000000000,+27.9840024,-082.7433815,121030267041,524
12,103,026401,3,121030264013,1500000US121030264013,Block Group 3,G5030,S,495096.000000000000000,0.000000000000000,+27.9516387,-082.7813631,121030264013,1645
12,103,025210,2,121030252102,1500000US121030252102,Block Group 2,G5030,S,1039989.000000000000000,383111.000000000000000,+27.9014623,-082.8290760,121030252102,1951
12,103,025211,1,121030252111,1500000US121030252111,Block Group 1,G5030,S,558104.000000000000000,0.000000000000000,+27.9135097,-082.8154778,121030252111,958
12,103,025901,2,121030259012,1500000US121030259012,Block Group 2,G5030,S,736136.000000000000000,0.000000000000000,+27.9531077,-082.7960278,121030259012,454
12,103,025309,1,121030253091,1500000US121030253091,Block Group 1,G5030,S,605596.000000000000000,93682.000000000000000,+27.9052088,-082.7997901,121030253091,784
12,103,025509,2,121030255092,1500000US121030255092,Block Group 2,G5030,S,357981.000000000000000,6173.000000000000000,+27.9244736,-082.7852362,121030255092,1804
12,103,027319,4,121030273194,1500000US121030273194,Block Group 4,G5030,S,562031.000000000000000,51118.000000000000000,+28.0444617,-082.6842229,121030273194,670
12,103,027331,2,121030273312,1500000US121030273312,Block Group 2,G5030,S,1143929.000000000000000,23085.000000000000000,+28.0775313,-082.7205585,121030273312,1306
12,103,027331,1,121030273311,1500000US121030273311,Block Group 1,G5030,S,793012.000000000000000,12971.000000000000000,+28.0739920,-082.7290912,121030273311,1897
12,103,025507,2,121030255072,1500000US121030255072,Block Group 2,G5030,S,691256.000000000000000,29486.000000000000000,+27.9212191,-082.7716039,121030255072,1331
12,103,025508,2,121030255082,1500000US121030255082,Block Group 2,G5030,S,320960.000000000000000,4915.000000000000000,+27.9192925,-082.7679828,121030255082,752
12,103,027211,2,121030272112,1500000US121030272112,Block Group 2,G5030,S,1244889.000000000000000,69043.000000000000000,+28.0969973,-082.7618598,121030272112,1388
12,103,027503,1,121030275031,1500000US121030275031,Block Group 1,G5030,S,1566350.000000000000000,153325.000000000000000,+28.1409695,-082.7713433,121030275031,1772
12,103,026916,2,121030269162,1500000US121030269162,Block Group 2,G5030,S,568311.000000000000000,9659.000000000000000,+28.0077026,-082.7524526,121030269162,1326
12,103,027404,1,121030274041,1500000US121030274041,Block Group 1,G5030,S,2037550.000000000000000,2579696.000000000000000,+28.1433934,-082.7308087,121030274041,2601
12,103,025901,3,121030259013,1500000US121030259013,Block Group 3,G5030,S,329228.000000000000000,0.000000000000000,+27.9535425,-082.7896368,121030259013,2078
12,103,020301,5,121030203015,1500000US121030203015,Block Group 5,G5030,S,329350.000000000000000,0.000000000000000,+27.7332201,-082.6438498,121030203015,820
12,103,023602,2,121030236022,1500000US121030236022,Block Group 2,G5030,S,196861.000000000000000,0.000000000000000,+27.7832574,-082.6303543,121030236022,675
12,103,020209,5,121030202095,1500000US121030202095,Block Group 5,G5030,S,214902.000000000000000,0.000000000000000,+27.7066788,-082.6490117,121030202095,948
12,103,028005,2,121030280052,1500000US121030280052,Block Group 2,G5030,S,350823.000000000000000,658320.000000000000000,+27.7358686,-082.7383956,121030280052,808
12,103,027604,2,121030276042,1500000US121030276042,Block Group 2,G5030,S,441372.000000000000000,10074.000000000000000,+27.9588867,-082.8272344,121030276042,0
12,103,020108,2,121030201082,1500000US121030201082,Block Group 2,G5030,S,398272.000000000000000,182122.000000000000000,+27.7138472,-082.7132101,121030201082,494
12,103,020207,2,121030202072,1500000US121030202072,Block Group 2,G5030,S,344346.000000000000000,0.000000000000000,+27.7087536,-082.6661884,121030202072,807
12,103,024409,1,121030244091,1500000US121030244091,Block Group 1,G5030,S,1343230.000000000000000,322525.000000000000000,+27.8392000,-082.6293453,121030244091,1503
12,103,024409,2,121030244092,1500000US121030244092,Block Group 2,G5030,S,2210077.000000000000000,1287722.000000000000000,+27.8327585,-082.6237954,121030244092,1626
12,103,024413,1,121030244131,1500000US121030244131,Block Group 1,G5030,S,466469.000000000000000,25700.000000000000000,+27.8501355,-082.6494741,121030244131,1307
12,103,024510,2,121030245102,1500000US121030245102,Block Group 2,G5030,S,417744.000000000000000,0.000000000000000,+27.9124341,-082.7106514,121030245102,866
12,103,024702,1,121030247021,1500000US121030247021,Block Group 1,G5030,S,489410.000000000000000,0.000000000000000,+27.8109826,-082.6959521,121030247021,1009
12,103,028602,2,121030286022,1500000US121030286022,Block Group 2,G5030,S,1180332.000000000000000,1211836.000000000000000,+27.7621621,-082.6291064,121030286022,1455
12,103,024905,4,121030249054,1500000US121030249054,Block Group 4,G5030,S,591156.000000000000000,27623.000000000000000,+27.8602139,-082.7052949,121030249054,2140
12,103,024516,1,121030245161,1500000US121030245161,Block Group 1,G5030,S,593281.000000000000000,120105.000000000000000,+27.8604784,-082.6948433,121030245161,1067
12,103,024907,1,121030249071,1500000US121030249071,Block Group 1,G5030,S,957416.000000000000000,29351.000000000000000,+27.8517621,-082.6970435,121030249071,1880
12,103,024905,5,121030249055,1500000US121030249055,Block Group 5,G5030,S,488886.000000000000000,0.000000000000000,+27.8556068,-082.7062996,121030249055,992
12,103,024515,2,121030245152,1500000US121030245152,Block Group 2,G5030,S,1157505.000000000000000,36898.000000000000000,+27.8508305,-082.6786818,121030245152,1346
12,103,024516,2,121030245162,1500000US121030245162,Block Group 2,G5030,S,2195912.000000000000000,494426.000000000000000,+27.8678149,-082.6756265,121030245162,1348
12,103,024515,1,121030245151,1500000US121030245151,Block Group 1,G5030,S,633781.000000000000000,5437.000000000000000,+27.8440244,-082.6826269,121030245151,647
12,103,024412,3,121030244123,1500000US121030244123,Block Group 3,G5030,S,2269256.000000000000000,63923.000000000000000,+27.8895244,-082.6607527,121030244123,1505
12,103,025111,4,121030251114,1500000US121030251114,Block Group 4,G5030,S,232778.000000000000000,9429.000000000000000,+27.8488405,-082.7938250,121030251114,613
12,103,025111,1,121030251111,1500000US121030251111,Block Group 1,G5030,S,424279.000000000000000,0.000000000000000,+27.8423690,-082.7911713,121030251111,789
12,103,025111,2,121030251112,1500000US121030251112,Block Group 2,G5030,S,381569.000000000000000,428432.000000000000000,+27.8427352,-082.7853042,121030251112,893
12,103,026003,1,121030260031,1500000US121030260031,Block Group 1,G5030,S,765965.000000000000000,1406009.000000000000000,+27.9825347,-082.8282700,121030260031,578
12,103,027701,3,121030277013,1500000US121030277013,Block Group 3,G5030,S,504777.000000000000000,981172.000000000000000,+27.8112951,-082.8081865,121030277013,621
12,103,027210,4,121030272104,1500000US121030272104,Block Group 4,G5030,S,583315.000000000000000,1155.000000000000000,+28.0531743,-082.7644070,121030272104,1101
12,103,025017,3,121030250173,1500000US121030250173,Block Group 3,G5030,S,336807.000000000000000,0.000000000000000,+27.8172886,-082.7518243,121030250173,753
12,103,025311,3,121030253113,1500000US121030253113,Block Group 3,G5030,S,635351.000000000000000,21526.000000000000000,+27.8819921,-082.7936164,121030253113,2388
12,103,022401,3,121030224013,1500000US121030224013,Block Group 3,G5030,S,1159074.000000000000000,120010.000000000000000,+27.7694777,-082.7386327,121030224013,1452
12,103,028006,2,121030280062,1500000US121030280062,Block Group 2,G5030,S,852609.000000000000000,730042.000000000000000,+27.7267779,-082.7430469,121030280062,1126
12,103,028006,1,121030280061,1500000US121030280061,Block Group 1,G5030,S,173517.000000000000000,386767.000000000000000,+27.7371734,-082.7516327,121030280061,583
12,103,028403,1,121030284031,1500000US121030284031,Block Group 1,G5030,S,136623.000000000000000,0.000000000000000,+27.7381532,-082.7146522,121030284031,924
12,103,026914,2,121030269142,1500000US121030269142,Block Group 2,G5030,S,1550887.000000000000000,68745.000000000000000,+28.0115846,-082.7667373,121030269142,2620
12,103,025017,2,121030250172,1500000US121030250172,Block Group 2,G5030,S,313897.000000000000000,10945.000000000000000,+27.8172420,-082.7467927,121030250172,676
12,103,024904,3,121030249043,1500000US121030249043,Block Group 3,G5030,S,1273039.000000000000000,36426.000000000000000,+27.8520758,-082.7228557,121030249043,768
12,103,027107,1,121030271071,1500000US121030271071,Block Group 1,G5030,S,756368.000000000000000,884.000000000000000,+28.0205578,-082.7792988,121030271071,1722
12,103,024908,2,121030249082,1500000US121030249082,Block Group 2,G5030,S,1614042.000000000000000,33791.000000000000000,+27.8324265,-082.6907959,121030249082,2819
12,103,024601,4,121030246014,1500000US121030246014,Block Group 4,G5030,S,2187680.000000000000000,87249.000000000000000,+27.8432689,-082.6680798,121030246014,759
12,103,026502,2,121030265022,1500000US121030265022,Block Group 2,G5030,S,788960.000000000000000,20132.000000000000000,+27.9790282,-082.7696012,121030265022,2016
12,103,024604,2,121030246042,1500000US121030246042,Block Group 2,G5030,S,327521.000000000000000,0.000000000000000,+27.8265357,-082.6754746,121030246042,780
12,103,021900,1,121030219001,1500000US121030219001,Block Group 1,G5030,S,968008.000000000000000,0.000000000000000,+27.7719017,-082.6753349,121030219001,1558
12,103,024302,4,121030243024,1500000US121030243024,Block Group 4,G5030,S,551567.000000000000000,16021.000000000000000,+27.8250610,-082.6612383,121030243024,802
12,103,024604,3,121030246043,1500000US121030246043,Block Group 3,G5030,S,1136512.000000000000000,1306.000000000000000,+27.8152506,-082.6777094,121030246043,832
12,103,021900,2,121030219002,1500000US121030219002,Block Group 2,G5030,S,741307.000000000000000,0.000000000000000,+27.7622876,-082.6755732,121030219002,535
12,103,028700,3,121030287003,1500000US121030287003,Block Group 3,G5030,S,255917.000000000000000,0.000000000000000,+27.7565079,-082.6695248,121030287003,333
12,103,024201,3,121030242013,1500000US121030242013,Block Group 3,G5030,S,496021.000000000000000,6740.000000000000000,+27.8111015,-082.6580733,121030242013,911
12,103,023100,3,121030231003,1500000US121030231003,Block Group 3,G5030,S,300113.000000000000000,0.000000000000000,+27.8011153,-082.6587240,121030231003,950
12,103,023800,3,121030238003,1500000US121030238003,Block Group 3,G5030,S,324893.000000000000000,0.000000000000000,+27.7957389,-082.6446862,121030238003,930
12,103,023502,1,121030235021,1500000US121030235021,Block Group 1,G5030,S,539979.000000000000000,86184.000000000000000,+27.7863095,-082.6408835,121030235021,1233
12,103,022101,1,121030221011,1500000US121030221011,Block Group 1,G5030,S,468268.000000000000000,0.000000000000000,+27.7786562,-082.6951062,121030221011,924
12,103,025401,3,121030254013,1500000US121030254013,Block Group 3,G5030,S,1539053.000000000000000,72166.000000000000000,+27.9363109,-082.7523527,121030254013,1824
12,103,023602,1,121030236021,1500000US121030236021,Block Group 1,G5030,S,224905.000000000000000,0.000000000000000,+27.7830674,-082.6357117,121030236021,1006
12,103,021501,2,121030215012,1500000US121030215012,Block Group 2,G5030,S,406825.000000000000000,0.000000000000000,+27.7742493,-082.6358447,121030215012,1696
12,103,023601,2,121030236012,1500000US121030236012,Block Group 2,G5030,S,174508.000000000000000,0.000000000000000,+27.7803699,-082.6341655,121030236012,950
12,103,027211,1,121030272111,1500000US121030272111,Block Group 1,G5030,S,651520.000000000000000,4134.000000000000000,+28.0956222,-082.7427227,121030272111,1852
12,103,024202,1,121030242021,1500000US121030242021,Block Group 1,G5030,S,647727.000000000000000,0.000000000000000,+27.8175403,-082.6509159,121030242021,1837
12,103,024202,2,121030242022,1500000US121030242022,Block Group 2,G5030,S,649863.000000000000000,0.000000000000000,+27.8102832,-082.6509173,121030242022,1136
12,103,028700,1,121030287001,1500000US121030287001,Block Group 1,G5030,S,1112024.000000000000000,0.000000000000000,+27.7614936,-082.6565856,121030287001,2267
12,103,020109,3,121030201093,1500000US121030201093,Block Group 3,G5030,S,854105.000000000000000,14128.000000000000000,+27.7463446,-082.6905108,121030201093,1212
12,103,028601,1,121030286011,1500000US121030286011,Block Group 1,G5030,S,338301.000000000000000,0.000000000000000,+27.7687009,-082.6433314,121030286011,2891
12,103,020110,1,121030201101,1500000US121030201101,Block Group 1,G5030,S,525881.000000000000000,0.000000000000000,+27.7483150,-082.6963735,121030201101,1633
12,103,024100,2,121030241002,1500000US121030241002,Block Group 2,G5030,S,581379.000000000000000,0.000000000000000,+27.8114312,-082.6376770,121030241002,1197
12,103,024002,4,121030240024,1500000US121030240024,Block Group 4,G5030,S,1123851.000000000000000,216046.000000000000000,+27.8168095,-082.6250315,121030240024,1413
12,103,024508,3,121030245083,1500000US121030245083,Block Group 3,G5030,S,828888.000000000000000,883.000000000000000,+27.9205468,-082.7229970,121030245083,1896
12,103,024508,1,121030245081,1500000US121030245081,Block Group 1,G5030,S,1744647.000000000000000,117031.000000000000000,+27.9214224,-082.7063765,121030245081,3091
12,103,028601,2,121030286012,1500000US121030286012,Block Group 2,G5030,S,686746.000000000000000,0.000000000000000,+27.7632593,-082.6425460,121030286012,386
12,103,026916,3,121030269163,1500000US121030269163,Block Group 3,G5030,S,1226681.000000000000000,91133.000000000000000,+28.0114158,-082.7566080,121030269163,1078
12,103,024411,4,121030244114,1500000US121030244114,Block Group 4,G5030,S,7732651.000000000000000,21173678.000000000000000,+27.8352378,-082.5903278,121030244114,977
12,103,024517,2,121030245172,1500000US121030245172,Block Group 2,G5030,S,2381795.000000000000000,26741893.000000000000000,+27.8760683,-082.5963216,121030245172,3243
12,103,024517,1,121030245171,1500000US121030245171,Block Group 1,G5030,S,1045328.000000000000000,363167.000000000000000,+27.8848212,-082.6274983,121030245171,52
12,103,027905,3,121030279053,1500000US121030279053,Block Group 3,G5030,S,467436.000000000000000,1682645.000000000000000,+27.7832235,-082.7675771,121030279053,863
12,103,022402,5,121030224025,1500000US121030224025,Block Group 5,G5030,S,1943357.000000000000000,57861.000000000000000,+27.7986974,-082.7465573,121030224025,1171
12,103,025418,1,121030254181,1500000US121030254181,Block Group 1,G5030,S,679449.000000000000000,6072.000000000000000,+27.8958703,-082.7335085,121030254181,1027
12,103,025418,2,121030254182,1500000US121030254182,Block Group 2,G5030,S,656034.000000000000000,16612.000000000000000,+27.9049976,-082.7344063,121030254182,1465
12,103,025419,2,121030254192,1500000US121030254192,Block Group 2,G5030,S,409833.000000000000000,0.000000000000000,+27.8984770,-082.7404526,121030254192,1818
12,103,025020,2,121030250202,1500000US121030250202,Block Group 2,G5030,S,837833.000000000000000,29822.000000000000000,+27.8918316,-082.7353916,121030250202,2682
12,103,024519,1,121030245191,1500000US121030245191,Block Group 1,G5030,S,495405.000000000000000,44795.000000000000000,+27.8688418,-082.6357504,121030245191,2502
12,103,024518,2,121030245182,1500000US121030245182,Block Group 2,G5030,S,568845.000000000000000,65895.000000000000000,+27.8856393,-082.6348532,121030245182,0
12,103,025421,2,121030254212,1500000US121030254212,Block Group 2,G5030,S,373489.000000000000000,1487605.000000000000000,+27.9420506,-082.7226067,121030254212,1334
12,103,027329,2,121030273292,1500000US121030273292,Block Group 2,G5030,S,2596889.000000000000000,65138.000000000000000,+28.1230095,-082.7059921,121030273292,1365
12,103,027704,1,121030277041,1500000US121030277041,Block Group 1,G5030,S,465929.000000000000000,201315.000000000000000,+27.8263553,-082.8268855,121030277041,1202
12,103,022402,2,121030224022,1500000US121030224022,Block Group 2,G5030,S,304722.000000000000000,0.000000000000000,+27.7956893,-082.7518206,121030224022,458
12,103,028403,3,121030284033,1500000US121030284033,Block Group 3,G5030,S,735813.000000000000000,181395.000000000000000,+27.7416245,-082.7091267,121030284033,1300
12,103,027504,2,121030275042,1500000US121030275042,Block Group 2,G5030,S,1228408.000000000000000,49663.000000000000000,+28.1340200,-082.7669184,121030275042,1001
12,103,027211,3,121030272113,1500000US121030272113,Block Group 3,G5030,S,5187743.000000000000000,290297.000000000000000,+28.1149810,-082.7581130,121030272113,1287
12,103,027212,2,121030272122,1500000US121030272122,Block Group 2,G5030,S,1133531.000000000000000,16864.000000000000000,+28.1129143,-082.7448841,121030272122,1706
12,103,027204,2,121030272042,1500000US121030272042,Block Group 2,G5030,S,869589.000000000000000,1260103.000000000000000,+28.1156714,-082.7373229,121030272042,790
12,103,027328,2,121030273282,1500000US121030273282,Block Group 2,G5030,S,5456993.000000000000000,3012731.000000000000000,+28.1336860,-082.7138827,121030273282,1693
12,103,025205,2,121030252052,1500000US121030252052,Block Group 2,G5030,S,701484.000000000000000,1292.000000000000000,+27.8713878,-082.8343785,121030252052,1378
12,103,026004,1,121030260041,1500000US121030260041,Block Group 1,G5030,S,1224002.000000000000000,2318027.000000000000000,+28.0042476,-082.8275173,121030260041,913
12,103,027106,2,121030271062,1500000US121030271062,Block Group 2,G5030,S,1337536.000000000000000,66833.000000000000000,+28.0428863,-082.7784840,121030271062,1313
12,103,026917,1,121030269171,1500000US121030269171,Block Group 1,G5030,S,855876.000000000000000,30915.000000000000000,+28.0179818,-082.7436085,121030269171,1530
12,103,027000,2,121030270002,1500000US121030270002,Block Group 2,G5030,S,971133.000000000000000,28315.000000000000000,+28.0012120,-082.7820787,121030270002,2162
12,103,026915,2,121030269152,1500000US121030269152,Block Group 2,G5030,S,660354.000000000000000,2202.000000000000000,+27.9991039,-082.7702686,121030269152,891
12,103,026705,1,121030267051,1500000US121030267051,Block Group 1,G5030,S,331658.000000000000000,14109.000000000000000,+27.9963185,-082.7588343,121030267051,1080
12,103,026502,1,121030265021,1500000US121030265021,Block Group 1,G5030,S,185735.000000000000000,0.000000000000000,+27.9795941,-082.7640154,121030265021,841
12,103,026402,3,121030264023,1500000US121030264023,Block Group 3,G5030,S,448315.000000000000000,0.000000000000000,+27.9647196,-082.7847939,121030264023,1490
12,103,026502,3,121030265023,1500000US121030265023,Block Group 3,G5030,S,792304.000000000000000,43310.000000000000000,+27.9710808,-082.7697238,121030265023,1111
12,103,026402,2,121030264022,1500000US121030264022,Block Group 2,G5030,S,290126.000000000000000,0.000000000000000,+27.9656317,-082.7777158,121030264022,566
12,103,026401,1,121030264011,1500000US121030264011,Block Group 1,G5030,S,493336.000000000000000,2623.000000000000000,+27.9590941,-082.7814320,121030264011,1017
12,103,026501,2,121030265012,1500000US121030265012,Block Group 2,G5030,S,950555.000000000000000,44858.000000000000000,+27.9642955,-082.7734865,121030265012,1593
12,103,026704,3,121030267043,1500000US121030267043,Block Group 3,G5030,S,280344.000000000000000,28718.000000000000000,+27.9809695,-082.7308175,121030267043,1002
12,103,026816,2,121030268162,1500000US121030268162,Block Group 2,G5030,S,1635430.000000000000000,1683206.000000000000000,+27.9866830,-082.6934197,121030268162,1651
12,103,027316,3,121030273163,1500000US121030273163,Block Group 3,G5030,S,880677.000000000000000,11244.000000000000000,+28.0892713,-082.7322433,121030273163,1629
12,103,025307,2,121030253072,1500000US121030253072,Block Group 2,G5030,S,982372.000000000000000,2873.000000000000000,+27.8918208,-082.7967075,121030253072,2734
12,103,025311,2,121030253112,1500000US121030253112,Block Group 2,G5030,S,629411.000000000000000,20860.000000000000000,+27.8926445,-082.7912795,121030253112,712
12,103,025021,1,121030250211,1500000US121030250211,Block Group 1,G5030,S,715563.000000000000000,144122.000000000000000,+27.8889577,-082.7745283,121030250211,633
12,103,025012,4,121030250124,1500000US121030250124,Block Group 4,G5030,S,882004.000000000000000,5369.000000000000000,+27.8636757,-082.7566652,121030250124,1529
12,103,025412,2,121030254122,1500000US121030254122,Block Group 2,G5030,S,1106869.000000000000000,85503.000000000000000,+27.9341123,-082.7389840,121030254122,1149
12,103,026816,3,121030268163,1500000US121030268163,Block Group 3,G5030,S,863555.000000000000000,7870.000000000000000,+27.9945836,-082.7026418,121030268163,2306
12,103,026003,2,121030260032,1500000US121030260032,Block Group 2,G5030,S,559169.000000000000000,920823.000000000000000,+27.9667110,-082.8206431,121030260032,921
12,103,025020,1,121030250201,1500000US121030250201,Block Group 1,G5030,S,464388.000000000000000,2991.000000000000000,+27.8891850,-082.7419177,121030250201,454
12,103,025510,1,121030255101,1500000US121030255101,Block Group 1,G5030,S,559799.000000000000000,2209.000000000000000,+27.9362193,-082.7818459,121030255101,861
12,103,027329,1,121030273291,1500000US121030273291,Block Group 1,G5030,S,2087929.000000000000000,145758.000000000000000,+28.1076320,-082.7001805,121030273291,2619
12,103,027328,1,121030273281,1500000US121030273281,Block Group 1,G5030,S,3798822.000000000000000,1911831.000000000000000,+28.0982574,-082.7067705,121030273281,2406
12,103,025510,3,121030255103,1500000US121030255103,Block Group 3,G5030,S,383720.000000000000000,0.000000000000000,+27.9297699,-082.7791701,121030255103,649
12,103,020109,2,121030201092,1500000US121030201092,Block Group 2,G5030,S,1061930.000000000000000,113719.000000000000000,+27.7356409,-082.6874331,121030201092,1277
12,103,027309,2,121030273092,1500000US121030273092,Block Group 2,G5030,S,13613801.000000000000000,526274.000000000000000,+28.1588069,-082.6712078,121030273092,1071
12,103,025509,1,121030255091,1500000US121030255091,Block Group 1,G5030,S,318709.000000000000000,0.000000000000000,+27.9255296,-082.7783559,121030255091,1811
12,103,027333,2,121030273332,1500000US121030273332,Block Group 2,G5030,S,2279451.000000000000000,112912.000000000000000,+28.1228770,-082.6890959,121030273332,1917
12,103,027330,1,121030273301,1500000US121030273301,Block Group 1,G5030,S,464067.000000000000000,6654.000000000000000,+28.0788780,-082.7334914,121030273301,1020
12,103,027330,2,121030273302,1500000US121030273302,Block Group 2,G5030,S,765483.000000000000000,19057.000000000000000,+28.0701477,-082.7318219,121030273302,1417
12,103,025421,1,121030254211,1500000US121030254211,Block Group 1,G5030,S,632036.000000000000000,48685.000000000000000,+27.9464128,-082.7267698,121030254211,2309
12,103,024507,3,121030245073,1500000US121030245073,Block Group 3,G5030,S,723127.000000000000000,65737.000000000000000,+27.9324202,-082.7229376,121030245073,679
12,103,027319,3,121030273193,1500000US121030273193,Block Group 3,G5030,S,151569.000000000000000,6004.000000000000000,+28.0426816,-082.6797822,121030273193,191
12,103,025508,1,121030255081,1500000US121030255081,Block Group 1,G5030,S,265201.000000000000000,9635.000000000000000,+27.9219695,-082.7638107,121030255081,579
12,103,026821,2,121030268212,1500000US121030268212,Block Group 2,G5030,S,1167916.000000000000000,57916.000000000000000,+28.0460680,-082.7336100,121030268212,1963
12,103,026820,4,121030268204,1500000US121030268204,Block Group 4,G5030,S,299581.000000000000000,0.000000000000000,+28.0358186,-082.7338928,121030268204,827
12,103,026820,2,121030268202,1500000US121030268202,Block Group 2,G5030,S,470628.000000000000000,6450.000000000000000,+28.0309286,-082.7353870,121030268202,1354
12,103,027503,2,121030275032,1500000US121030275032,Block Group 2,G5030,S,638514.000000000000000,15287.000000000000000,+28.1323609,-082.7791450,121030275032,1104
12,103,027503,3,121030275033,1500000US121030275033,Block Group 3,G5030,S,1093475.000000000000000,10919430.000000000000000,+28.1420821,-082.7838572,121030275033,985
12,103,027207,2,121030272072,1500000US121030272072,Block Group 2,G5030,S,584543.000000000000000,0.000000000000000,+28.0762294,-082.7627492,121030272072,979
12,103,027108,1,121030271081,1500000US121030271081,Block Group 1,G5030,S,258766.000000000000000,0.000000000000000,+28.0150458,-082.7775663,121030271081,900
12,103,026914,1,121030269141,1500000US121030269141,Block Group 1,G5030,S,724886.000000000000000,27343.000000000000000,+28.0126779,-082.7729679,121030269141,1437
12,103,027210,2,121030272102,1500000US121030272102,Block Group 2,G5030,S,391311.000000000000000,1364.000000000000000,+28.0606164,-082.7683483,121030272102,1067
12,103,027207,5,121030272075,1500000US121030272075,Block Group 5,G5030,S,1411053.000000000000000,28070.000000000000000,+28.0701406,-082.7450409,121030272075,1755
12,103,027504,1,121030275041,1500000US121030275041,Block Group 1,G5030,S,1071109.000000000000000,9679.000000000000000,+28.1265715,-082.7658938,121030275041,1514
12,103,027207,4,121030272074,1500000US121030272074,Block Group 4,G5030,S,491647.000000000000000,11036.000000000000000,+28.0711289,-082.7561774,121030272074,774
12,103,027604,3,121030276043,1500000US121030276043,Block Group 3,G5030,S,335958.000000000000000,1105712.000000000000000,+27.9509882,-082.8327587,121030276043,1577
12,103,026916,1,121030269161,1500000US121030269161,Block Group 1,G5030,S,422998.000000000000000,0.000000000000000,+28.0143340,-082.7500855,121030269161,493
12,103,020301,1,121030203011,1500000US121030203011,Block Group 1,G5030,S,534362.000000000000000,265208.000000000000000,+27.7330988,-082.6395326,121030203011,479
12,103,020209,2,121030202092,1500000US121030202092,Block Group 2,G5030,S,327293.000000000000000,0.000000000000000,+27.7102024,-082.6587275,121030202092,1192
12,103,020209,3,121030202093,1500000US121030202093,Block Group 3,G5030,S,325862.000000000000000,0.000000000000000,+27.7102950,-082.6504986,121030202093,344
12,103,023601,1,121030236011,1500000US121030236011,Block Group 1,G5030,S,369367.000000000000000,943697.000000000000000,+27.7814894,-082.6257245,121030236011,730
12,103,028602,1,121030286021,1500000US121030286021,Block Group 1,G5030,S,385686.000000000000000,152843.000000000000000,+27.7699106,-082.6330501,121030286021,1478
12,103,024519,2,121030245192,1500000US121030245192,Block Group 2,G5030,S,468638.000000000000000,41854.000000000000000,+27.8731182,-082.6331079,121030245192,1158
12,103,027333,1,121030273331,1500000US121030273331,Block Group 1,G5030,S,1632304.000000000000000,30941.000000000000000,+28.1097659,-082.6897852,121030273331,1692
12,103,026913,1,121030269131,1500000US121030269131,Block Group 1,G5030,S,600110.000000000000000,12199.000000000000000,+28.0031680,-082.7359465,121030269131,1231
12,103,022401,1,121030224011,1500000US121030224011,Block Group 1,G5030,S,1020480.000000000000000,1531235.000000000000000,+27.7678344,-082.7493395,121030224011,1376
12,103,027905,4,121030279054,1500000US121030279054,Block Group 4,G5030,S,754215.000000000000000,758558.000000000000000,+27.7640956,-082.7604294,121030279054,1281
12,103,028104,2,121030281042,1500000US121030281042,Block Group 2,G5030,S,187112.000000000000000,413986.000000000000000,+27.7502047,-082.7473320,121030281042,791
12,103,028102,1,121030281021,1500000US121030281021,Block Group 1,G5030,S,420976.000000000000000,15622.000000000000000,+27.7606031,-082.7283057,121030281021,1081
12,103,028403,2,121030284032,1500000US121030284032,Block Group 2,G5030,S,111575.000000000000000,0.000000000000000,+27.7405126,-082.7120798,121030284032,754
12,103,028005,1,121030280051,1500000US121030280051,Block Group 1,G5030,S,545192.000000000000000,1648931.000000000000000,+27.7232315,-082.7315006,121030280051,761
12,103,024904,1,121030249041,1500000US121030249041,Block Group 1,G5030,S,1159437.000000000000000,0.000000000000000,+27.8439961,-082.7237161,121030249041,1787
12,103,025018,2,121030250182,1500000US121030250182,Block Group 2,G5030,S,822106.000000000000000,0.000000000000000,+27.8134600,-082.7318709,121030250182,1199
12,103,024907,2,121030249072,1500000US121030249072,Block Group 2,G5030,S,1093682.000000000000000,0.000000000000000,+27.8426702,-082.6930836,121030249072,1877
12,103,024908,1,121030249081,1500000US121030249081,Block Group 1,G5030,S,621013.000000000000000,0.000000000000000,+27.8373755,-082.6901508,121030249081,835
12,103,022101,2,121030221012,1500000US121030221012,Block Group 2,G5030,S,530846.000000000000000,0.000000000000000,+27.7786912,-082.6848642,121030221012,894
12,103,022102,1,121030221021,1500000US121030221021,Block Group 1,G5030,S,406821.000000000000000,0.000000000000000,+27.7737285,-082.6828141,121030221021,971
12,103,024604,1,121030246041,1500000US121030246041,Block Group 1,G5030,S,325910.000000000000000,0.000000000000000,+27.8228925,-082.6754318,121030246041,842
12,103,024201,1,121030242011,1500000US121030242011,Block Group 1,G5030,S,651791.000000000000000,0.000000000000000,+27.8178912,-082.6593022,121030242011,820
12,103,021800,3,121030218003,1500000US121030218003,Block Group 3,G5030,S,699174.000000000000000,0.000000000000000,+27.7737057,-082.6627606,121030218003,1388
12,103,024603,1,121030246031,1500000US121030246031,Block Group 1,G5030,S,447848.000000000000000,0.000000000000000,+27.8177694,-082.6684751,121030246031,1032
12,103,024603,2,121030246032,1500000US121030246032,Block Group 2,G5030,S,497686.000000000000000,43952.000000000000000,+27.8114546,-082.6672265,121030246032,2397
12,103,024201,2,121030242012,1500000US121030242012,Block Group 2,G5030,S,277207.000000000000000,0.000000000000000,+27.8122655,-082.6626356,121030242012,1126
12,103,020109,1,121030201091,1500000US121030201091,Block Group 1,G5030,S,1016076.000000000000000,4746.000000000000000,+27.7461058,-082.6807284,121030201091,1742
12,103,021800,1,121030218001,1500000US121030218001,Block Group 1,G5030,S,1128490.000000000000000,0.000000000000000,+27.7661450,-082.6651844,121030218001,547
12,103,023100,2,121030231002,1500000US121030231002,Block Group 2,G5030,S,283996.000000000000000,0.000000000000000,+27.8047516,-082.6585838,121030231002,841
12,103,023501,1,121030235011,1500000US121030235011,Block Group 1,G5030,S,341851.000000000000000,0.000000000000000,+27.7882381,-082.6447492,121030235011,864
12,103,023501,2,121030235012,1500000US121030235012,Block Group 2,G5030,S,342863.000000000000000,0.000000000000000,+27.7804892,-082.6443664,121030235012,1496
12,103,022102,3,121030221023,1500000US121030221023,Block Group 3,G5030,S,407234.000000000000000,0.000000000000000,+27.7736737,-082.6964655,121030221023,629
12,103,022102,2,121030221022,1500000US121030221022,Block Group 2,G5030,S,411986.000000000000000,0.000000000000000,+27.7736933,-082.6896348,121030221022,1170
12,103,021502,2,121030215022,1500000US121030215022,Block Group 2,G5030,S,447922.000000000000000,42635.000000000000000,+27.7747495,-082.6407388,121030215022,1390
12,103,021502,1,121030215021,1500000US121030215021,Block Group 1,G5030,S,145184.000000000000000,0.000000000000000,+27.7724910,-082.6398823,121030215021,147
12,103,023601,3,121030236013,1500000US121030236013,Block Group 3,G5030,S,152989.000000000000000,0.000000000000000,+27.7785276,-082.6347720,121030236013,349
12,103,024518,1,121030245181,1500000US121030245181,Block Group 1,G5030,S,558417.000000000000000,77217.000000000000000,+27.8776805,-082.6341405,121030245181,1757
12,103,025700,1,121030257001,1500000US121030257001,Block Group 1,G5030,S,1630214.000000000000000,1691216.000000000000000,+27.9427292,-082.8168181,121030257001,1720
12,103,021501,1,121030215011,1500000US121030215011,Block Group 1,G5030,S,362622.000000000000000,868479.000000000000000,+27.7743271,-082.6274602,121030215011,771
12,103,027905,1,121030279051,1500000US121030279051,Block Group 1,G5030,S,407118.000000000000000,325673.000000000000000,+27.7814357,-082.7751910,121030279051,1203
12,103,024905,2,121030249052,1500000US121030249052,Block Group 2,G5030,S,613917.000000000000000,35867.000000000000000,+27.8565228,-082.7156034,121030249052,856
12,103,024411,1,121030244111,1500000US121030244111,Block Group 1,G5030,S,704369.000000000000000,264141.000000000000000,+27.8479264,-082.6261468,121030244111,1071
12,103,027704,2,121030277042,1500000US121030277042,Block Group 2,G5030,S,200391.000000000000000,736768.000000000000000,+27.8317249,-082.8334998,121030277042,499
12,103,027210,3,121030272103,1500000US121030272103,Block Group 3,G5030,S,912048.000000000000000,97779.000000000000000,+28.0551445,-082.7724845,121030272103,635
12,103,027905,2,121030279052,1500000US121030279052,Block Group 2,G5030,S,485858.000000000000000,1049424.000000000000000,+27.7767941,-082.7652901,121030279052,1231
12,103,027701,2,121030277012,1500000US121030277012,Block Group 2,G5030,S,525002.000000000000000,805479.000000000000000,+27.8222054,-082.8190329,121030277012,1187
12,103,025015,2,121030250152,1500000US121030250152,Block Group 2,G5030,S,346150.000000000000000,23729.000000000000000,+27.8256538,-082.7474873,121030250152,1216
12,103,025109,3,121030251093,1500000US121030251093,Block Group 3,G5030,S,653489.000000000000000,16913.000000000000000,+27.8238900,-082.7895090,121030251093,1360
12,103,025123,2,121030251232,1500000US121030251232,Block Group 2,G5030,S,423942.000000000000000,0.000000000000000,+27.8609520,-082.8301350,121030251232,711
12,103,025305,2,121030253052,1500000US121030253052,Block Group 2,G5030,S,914941.000000000000000,12064.000000000000000,+27.9027808,-082.7839221,121030253052,1669
12,103,025415,2,121030254152,1500000US121030254152,Block Group 2,G5030,S,125598.000000000000000,10893.000000000000000,+27.9111498,-082.7451035,121030254152,481
12,103,026820,1,121030268201,1500000US121030268201,Block Group 1,G5030,S,940686.000000000000000,8119.000000000000000,+28.0252456,-082.7319630,121030268201,1414
12,103,026819,2,121030268192,1500000US121030268192,Block Group 2,G5030,S,654210.000000000000000,15168.000000000000000,+27.9624535,-082.7269666,121030268192,1690
12,103,026911,2,121030269112,1500000US121030269112,Block Group 2,G5030,S,285583.000000000000000,10136.000000000000000,+27.9970314,-082.7434314,121030269112,911
12,103,026912,1,121030269121,1500000US121030269121,Block Group 1,G5030,S,640798.000000000000000,22601.000000000000000,+27.9958597,-082.7322026,121030269121,1847
12,103,027208,4,121030272084,1500000US121030272084,Block Group 4,G5030,S,1508995.000000000000000,36807.000000000000000,+28.0617090,-082.7454540,121030272084,1417
12,103,027321,1,121030273211,1500000US121030273211,Block Group 1,G5030,S,2353802.000000000000000,120328.000000000000000,+28.1408218,-082.6862527,121030273211,1752
12,103,027606,2,121030276062,1500000US121030276062,Block Group 2,G5030,S,387268.000000000000000,352424.000000000000000,+27.8886077,-082.8456419,121030276062,910
12,103,027801,2,121030278012,1500000US121030278012,Block Group 2,G5030,S,359490.000000000000000,304712.000000000000000,+27.8007368,-082.7937495,121030278012,536
12,103,028104,1,121030281041,1500000US121030281041,Block Group 1,G5030,S,374123.000000000000000,393282.000000000000000,+27.7524855,-082.7449430,121030281041,1225
12,103,024512,1,121030245121,1500000US121030245121,Block Group 1,G5030,S,551346.000000000000000,42013.000000000000000,+27.8619859,-082.6847373,121030245121,1084
12,103,025412,3,121030254123,1500000US121030254123,Block Group 3,G5030,S,1028010.000000000000000,43019.000000000000000,+27.9461670,-082.7372856,121030254123,2463
12,103,020700,1,121030207001,1500000US121030207001,Block Group 1,G5030,S,444253.000000000000000,0.000000000000000,+27.7503895,-082.6751900,121030207001,542
12,103,027404,3,121030274043,1500000US121030274043,Block Group 3,G5030,S,444152.000000000000000,0.000000000000000,+28.1350834,-082.7440058,121030274043,1182
12,103,027404,4,121030274044,1500000US121030274044,Block Group 4,G5030,S,734857.000000000000000,3435.000000000000000,+28.1422670,-082.7453216,121030274044,1399
12,103,027404,6,121030274046,1500000US121030274046,Block Group 6,G5030,S,1866777.000000000000000,28011.000000000000000,+28.1342343,-082.7523127,121030274046,1507
12,103,027404,2,121030274042,1500000US121030274042,Block Group 2,G5030,S,785156.000000000000000,41915.000000000000000,+28.1280443,-082.7453110,121030274042,1253
12,103,027404,5,121030274045,1500000US121030274045,Block Group 5,G5030,S,587002.000000000000000,0.000000000000000,+28.1429579,-082.7523803,121030274045,66
12,103,020106,3,121030201063,1500000US121030201063,Block Group 3,G5030,S,1406865.000000000000000,23434556.000000000000000,+27.6674028,-082.6933723,121030201063,1578
12,103,020302,1,121030203021,1500000US121030203021,Block Group 1,G5030,S,425247.000000000000000,466502.000000000000000,+27.7242925,-082.6286933,121030203021,1062
12,103,020302,3,121030203023,1500000US121030203023,Block Group 3,G5030,S,421253.000000000000000,36150.000000000000000,+27.7314008,-082.6332331,121030203023,881
12,103,990100,0,121039901000,1500000US121039901000,Block Group 0,G5030,S,0.000000000000000,108855173.000000000000000,+27.7291630,-082.6017019,121039901000,0
12,103,020106,1,121030201061,1500000US121030201061,Block Group 1,G5030,S,1079013.000000000000000,841269.000000000000000,+27.6897708,-082.7266274,121030201061,1885
12,103,020202,2,121030202022,1500000US121030202022,Block Group 2,G5030,S,648112.000000000000000,4222.000000000000000,+27.7142263,-082.6428640,121030202022,1627
12,103,020202,3,121030202023,1500000US121030202023,Block Group 3,G5030,S,690691.000000000000000,281723.000000000000000,+27.7067106,-082.6442946,121030202023,1227
12,103,020202,1,121030202021,1500000US121030202021,Block Group 1,G5030,S,659431.000000000000000,1174109.000000000000000,+27.7112669,-082.6356462,121030202021,1146
12,103,024507,2,121030245072,1500000US121030245072,Block Group 2,G5030,S,247082.000000000000000,8422.000000000000000,+27.9323000,-082.7170510,121030245072,1158
12,103,025013,3,121030250133,1500000US121030250133,Block Group 3,G5030,S,550435.000000000000000,0.000000000000000,+27.8422482,-082.7580775,121030250133,1234
12,103,026102,1,121030261021,1500000US121030261021,Block Group 1,G5030,S,792188.000000000000000,573934.000000000000000,+27.9931079,-082.7935790,121030261021,1193
12,103,020106,2,121030201062,1500000US121030201062,Block Group 2,G5030,S,5713830.000000000000000,15526296.000000000000000,+27.6502084,-082.7310416,121030201062,708
12,103,024507,1,121030245071,1500000US121030245071,Block Group 1,G5030,S,1124567.000000000000000,2718159.000000000000000,+27.9297993,-082.7134643,121030245071,1994
12,103,020302,2,121030203022,1500000US121030203022,Block Group 2,G5030,S,820110.000000000000000,1004111.000000000000000,+27.7362996,-082.6281628,121030203022,1315
12,103,026815,3,121030268153,1500000US121030268153,Block Group 3,G5030,S,1209502.000000000000000,721533.000000000000000,+28.0198611,-082.6883863,121030268153,1184
12,103,028102,2,121030281022,1500000US121030281022,Block Group 2,G5030,S,359015.000000000000000,5703615.000000000000000,+27.7103682,-082.7225381,121030281022,846
12,103,028200,2,121030282002,1500000US121030282002,Block Group 2,G5030,S,487979.000000000000000,0.000000000000000,+27.7589326,-082.7209059,121030282002,851
12,103,028300,1,121030283001,1500000US121030283001,Block Group 1,G5030,S,778991.000000000000000,9817.000000000000000,+27.7609839,-082.7058642,121030283001,645
12,103,028300,2,121030283002,1500000US121030283002,Block Group 2,G5030,S,427799.000000000000000,0.000000000000000,+27.7553237,-082.7038260,121030283002,626
12,103,028500,1,121030285001,1500000US121030285001,Block Group 1,G5030,S,779427.000000000000000,314129.000000000000000,+27.7406345,-082.7029727,121030285001,1520
12,103,028500,2,121030285002,1500000US121030285002,Block Group 2,G5030,S,586601.000000000000000,414909.000000000000000,+27.7393316,-082.6988289,121030285002,374
12,103,023400,1,121030234001,1500000US121030234001,Block Group 1,G5030,S,350441.000000000000000,0.000000000000000,+27.7831322,-082.6506909,121030234001,990
12,103,025106,2,121030251062,1500000US121030251062,Block Group 2,G5030,S,849274.000000000000000,82319.000000000000000,+27.8178347,-082.7720541,121030251062,1017
12,103,026904,1,121030269041,1500000US121030269041,Block Group 1,G5030,S,559490.000000000000000,32833.000000000000000,+28.0328855,-082.7457583,121030269041,1427
12,103,026300,1,121030263001,1500000US121030263001,Block Group 1,G5030,S,656279.000000000000000,2520.000000000000000,+27.9936979,-082.7835317,121030263001,1274
12,103,026300,3,121030263003,1500000US121030263003,Block Group 3,G5030,S,648344.000000000000000,12757.000000000000000,+27.9838416,-082.7780096,121030263003,1826
12,103,026300,4,121030263004,1500000US121030263004,Block Group 4,G5030,S,1035084.000000000000000,40481.000000000000000,+27.9839153,-082.7826045,121030263004,1955
12,103,026300,5,121030263005,1500000US121030263005,Block Group 5,G5030,S,1062210.000000000000000,5956.000000000000000,+27.9702128,-082.7824767,121030263005,995
12,103,026601,2,121030266012,1500000US121030266012,Block Group 2,G5030,S,654376.000000000000000,9077.000000000000000,+27.9534344,-082.7486452,121030266012,1029
12,103,026602,1,121030266021,1500000US121030266021,Block Group 1,G5030,S,1520791.000000000000000,24683.000000000000000,+27.9756833,-082.7606126,121030266021,2174
12,103,026602,2,121030266022,1500000US121030266022,Block Group 2,G5030,S,1003612.000000000000000,2094.000000000000000,+27.9647083,-082.7603763,121030266022,2087
12,103,026701,2,121030267012,1500000US121030267012,Block Group 2,G5030,S,391536.000000000000000,23954.000000000000000,+27.9936639,-082.7654686,121030267012,759
12,103,026701,4,121030267014,1500000US121030267014,Block Group 4,G5030,S,455452.000000000000000,16882.000000000000000,+27.9851263,-082.7704318,121030267014,1282
12,103,026804,1,121030268041,1500000US121030268041,Block Group 1,G5030,S,1799614.000000000000000,31751.000000000000000,+27.9874900,-082.7190799,121030268041,2245
12,103,026804,2,121030268042,1500000US121030268042,Block Group 2,G5030,S,753113.000000000000000,38156.000000000000000,+27.9796751,-082.7241369,121030268042,1168
12,103,027106,1,121030271061,1500000US121030271061,Block Group 1,G5030,S,1364818.000000000000000,36088.000000000000000,+28.0403230,-082.7709114,121030271061,1750
12,103,027105,1,121030271051,1500000US121030271051,Block Group 1,G5030,S,1022164.000000000000000,1207544.000000000000000,+28.0288253,-082.7897979,121030271051,1641
12,103,026811,2,121030268112,1500000US121030268112,Block Group 2,G5030,S,2269848.000000000000000,59603.000000000000000,+28.0330610,-082.7243740,121030268112,2253
12,103,026814,1,121030268141,1500000US121030268141,Block Group 1,G5030,S,576383.000000000000000,264020.000000000000000,+28.0294839,-082.6954312,121030268141,892
12,103,026809,1,121030268091,1500000US121030268091,Block Group 1,G5030,S,1576100.000000000000000,7411402.000000000000000,+27.9653468,-082.6638057,121030268091,874
12,103,027309,1,121030273091,1500000US121030273091,Block Group 1,G5030,S,6255196.000000000000000,342148.000000000000000,+28.1628869,-082.7119135,121030273091,1292
12,103,025110,4,121030251104,1500000US121030251104,Block Group 4,G5030,S,1456687.000000000000000,25051.000000000000000,+27.8364086,-082.8060615,121030251104,1872
12,103,025111,3,121030251113,1500000US121030251113,Block Group 3,G5030,S,284902.000000000000000,0.000000000000000,+27.8474110,-082.7891612,121030251113,365
12,103,025120,3,121030251203,1500000US121030251203,Block Group 3,G5030,S,901689.000000000000000,14634.000000000000000,+27.8553789,-082.8061102,121030251203,1932
12,103,025122,2,121030251222,1500000US121030251222,Block Group 2,G5030,S,1191954.000000000000000,80675.000000000000000,+27.8563760,-082.8347573,121030251222,1602
12,103,025122,3,121030251223,1500000US121030251223,Block Group 3,G5030,S,676312.000000000000000,76810.000000000000000,+27.8622219,-082.8404035,121030251223,1541
12,103,020209,1,121030202091,1500000US121030202091,Block Group 1,G5030,S,622113.000000000000000,298583.000000000000000,+27.7028439,-082.6581921,121030202091,1329
12,103,023700,3,121030237003,1500000US121030237003,Block Group 3,G5030,S,400931.000000000000000,0.000000000000000,+27.7902361,-082.6336645,121030237003,780
12,103,024001,2,121030240012,1500000US121030240012,Block Group 2,G5030,S,1481156.000000000000000,510226.000000000000000,+27.7989897,-082.6220916,121030240012,2142
12,103,024408,1,121030244081,1500000US121030244081,Block Group 1,G5030,S,714149.000000000000000,5422.000000000000000,+27.8255776,-082.6282282,121030244081,1470
12,103,025205,3,121030252053,1500000US121030252053,Block Group 3,G5030,S,467658.000000000000000,80401.000000000000000,+27.8793204,-082.8435343,121030252053,578
12,103,025208,1,121030252081,1500000US121030252081,Block Group 1,G5030,S,622193.000000000000000,226134.000000000000000,+27.8872129,-082.8378817,121030252081,520
12,103,025208,2,121030252082,1500000US121030252082,Block Group 2,G5030,S,464703.000000000000000,10463.000000000000000,+27.8849113,-082.8346234,121030252082,930
12,103,025209,1,121030252091,1500000US121030252091,Block Group 1,G5030,S,942518.000000000000000,13987.000000000000000,+27.8961293,-082.8269775,121030252091,2008
12,103,025303,2,121030253032,1500000US121030253032,Block Group 2,G5030,S,541051.000000000000000,18897.000000000000000,+27.9124494,-082.7667489,121030253032,1436
12,103,025303,3,121030253033,1500000US121030253033,Block Group 3,G5030,S,1220014.000000000000000,56389.000000000000000,+27.9119836,-082.7787630,121030253033,1103
12,103,025307,1,121030253071,1500000US121030253071,Block Group 1,G5030,S,2332102.000000000000000,139273.000000000000000,+27.8894450,-082.8062750,121030253071,2522
12,103,024408,2,121030244082,1500000US121030244082,Block Group 2,G5030,S,338863.000000000000000,0.000000000000000,+27.8395242,-082.6366179,121030244082,1372
12,103,024408,3,121030244083,1500000US121030244083,Block Group 3,G5030,S,624433.000000000000000,23152.000000000000000,+27.8277315,-082.6366536,121030244083,1423
12,103,024411,3,121030244113,1500000US121030244113,Block Group 3,G5030,S,723814.000000000000000,194510.000000000000000,+27.8578678,-082.6352248,121030244113,1406
12,103,024703,1,121030247031,1500000US121030247031,Block Group 1,G5030,S,864931.000000000000000,14733.000000000000000,+27.8169207,-082.6849263,121030247031,1561
12,103,025122,1,121030251221,1500000US121030251221,Block Group 1,G5030,S,861209.000000000000000,103779.000000000000000,+27.8477110,-082.8329968,121030251221,1744
12,103,025123,1,121030251231,1500000US121030251231,Block Group 1,G5030,S,655384.000000000000000,1169.000000000000000,+27.8623541,-082.8248328,121030251231,1041
12,103,025209,2,121030252092,1500000US121030252092,Block Group 2,G5030,S,483713.000000000000000,7280.000000000000000,+27.8858460,-082.8306430,121030252092,699
12,103,025407,3,121030254073,1500000US121030254073,Block Group 3,G5030,S,1660457.000000000000000,229762.000000000000000,+27.9293123,-082.7562857,121030254073,2545
12,103,025414,1,121030254141,1500000US121030254141,Block Group 1,G5030,S,1042150.000000000000000,70392.000000000000000,+27.9227663,-082.7350224,121030254141,818
12,103,025414,2,121030254142,1500000US121030254142,Block Group 2,G5030,S,1432527.000000000000000,52368.000000000000000,+27.9241795,-082.7429130,121030254142,1925
12,103,025415,1,121030254151,1500000US121030254151,Block Group 1,G5030,S,680071.000000000000000,8443.000000000000000,+27.9101043,-082.7361445,121030254151,941
12,103,025416,1,121030254161,1500000US121030254161,Block Group 1,G5030,S,629544.000000000000000,33951.000000000000000,+27.9129906,-082.7502079,121030254161,1923
12,103,025417,2,121030254172,1500000US121030254172,Block Group 2,G5030,S,617816.000000000000000,38368.000000000000000,+27.9047114,-082.7607428,121030254172,1510
12,103,025407,1,121030254071,1500000US121030254071,Block Group 1,G5030,S,794630.000000000000000,12625.000000000000000,+27.9214355,-082.7599058,121030254071,1253
12,103,025413,1,121030254131,1500000US121030254131,Block Group 1,G5030,S,560347.000000000000000,0.000000000000000,+27.9533671,-082.7422632,121030254131,1393
12,103,025413,2,121030254132,1500000US121030254132,Block Group 2,G5030,S,649381.000000000000000,3512.000000000000000,+27.9589315,-082.7384038,121030254132,951
12,103,025413,3,121030254133,1500000US121030254133,Block Group 3,G5030,S,919844.000000000000000,10316.000000000000000,+27.9512924,-082.7341289,121030254133,1496
12,103,025412,1,121030254121,1500000US121030254121,Block Group 1,G5030,S,610834.000000000000000,21506.000000000000000,+27.9402645,-082.7390230,121030254121,1240
12,103,025603,1,121030256031,1500000US121030256031,Block Group 1,G5030,S,755348.000000000000000,2882.000000000000000,+27.9127188,-082.7911496,121030256031,1159
12,103,025603,2,121030256032,1500000US121030256032,Block Group 2,G5030,S,904421.000000000000000,0.000000000000000,+27.9162927,-082.7957480,121030256032,1433
12,103,026001,3,121030260013,1500000US121030260013,Block Group 3,G5030,S,379563.000000000000000,1164218.000000000000000,+27.9789739,-082.8191523,121030260013,684
12,103,026703,5,121030267035,1500000US121030267035,Block Group 5,G5030,S,650075.000000000000000,1899.000000000000000,+27.9661492,-082.7404702,121030267035,1567
12,103,026804,3,121030268043,1500000US121030268043,Block Group 3,G5030,S,662563.000000000000000,7054.000000000000000,+27.9778038,-082.7151544,121030268043,1567
12,103,026811,4,121030268114,1500000US121030268114,Block Group 4,G5030,S,637961.000000000000000,51518.000000000000000,+28.0254757,-082.7276291,121030268114,1067
12,103,026812,2,121030268122,1500000US121030268122,Block Group 2,G5030,S,581597.000000000000000,1439.000000000000000,+28.0175713,-082.7178783,121030268122,765
12,103,026813,2,121030268132,1500000US121030268132,Block Group 2,G5030,S,1547371.000000000000000,28526.000000000000000,+27.9942789,-082.7169436,121030268132,1954
12,103,026821,1,121030268211,1500000US121030268211,Block Group 1,G5030,S,367287.000000000000000,6281.000000000000000,+28.0457006,-082.7250467,121030268211,792
12,103,027202,1,121030272021,1500000US121030272021,Block Group 1,G5030,S,1897495.000000000000000,29921572.000000000000000,+28.1054497,-082.7831581,121030272021,1284
12,103,027202,2,121030272022,1500000US121030272022,Block Group 2,G5030,S,1081081.000000000000000,7229652.000000000000000,+28.0666662,-082.7817522,121030272022,1273
12,103,027202,3,121030272023,1500000US121030272023,Block Group 3,G5030,S,2303455.000000000000000,2053552.000000000000000,+28.1148970,-082.7742648,121030272023,2370
12,103,027202,4,121030272024,1500000US121030272024,Block Group 4,G5030,S,670552.000000000000000,240315.000000000000000,+28.0748503,-082.7718785,121030272024,1366
12,103,026815,1,121030268151,1500000US121030268151,Block Group 1,G5030,S,1155095.000000000000000,22950.000000000000000,+28.0226505,-082.6982995,121030268151,1840
12,103,026817,3,121030268173,1500000US121030268173,Block Group 3,G5030,S,753871.000000000000000,15670.000000000000000,+28.0081605,-082.6883666,121030268173,1675
12,103,026820,3,121030268203,1500000US121030268203,Block Group 3,G5030,S,250189.000000000000000,0.000000000000000,+28.0387103,-082.7340082,121030268203,492
12,103,026818,1,121030268181,1500000US121030268181,Block Group 1,G5030,S,467209.000000000000000,24947.000000000000000,+27.9704359,-082.7204757,121030268181,2680
12,103,026818,2,121030268182,1500000US121030268182,Block Group 2,G5030,S,532066.000000000000000,30793.000000000000000,+27.9696618,-082.7249175,121030268182,747
12,103,026818,3,121030268183,1500000US121030268183,Block Group 3,G5030,S,831579.000000000000000,4218.000000000000000,+27.9730406,-082.7127208,121030268183,409
12,103,026819,1,121030268191,1500000US121030268191,Block Group 1,G5030,S,1005235.000000000000000,0.000000000000000,+27.9643026,-082.7151816,121030268191,948
12,103,026904,2,121030269042,1500000US121030269042,Block Group 2,G5030,S,742385.000000000000000,16233.000000000000000,+28.0231337,-082.7427160,121030269042,1542
12,103,026904,3,121030269043,1500000US121030269043,Block Group 3,G5030,S,1456264.000000000000000,10392.000000000000000,+28.0409052,-082.7435585,121030269043,1574
12,103,027202,5,121030272025,1500000US121030272025,Block Group 5,G5030,S,650726.000000000000000,55194.000000000000000,+28.0875880,-082.7767201,121030272025,370
12,103,027701,1,121030277011,1500000US121030277011,Block Group 1,G5030,S,547219.000000000000000,1216577.000000000000000,+27.8093667,-082.8134945,121030277011,813
12,103,027704,3,121030277043,1500000US121030277043,Block Group 3,G5030,S,389737.000000000000000,745928.000000000000000,+27.8327673,-082.8287985,121030277043,463
12,103,027802,1,121030278021,1500000US121030278021,Block Group 1,G5030,S,548338.000000000000000,1169141.000000000000000,+27.7881827,-082.7873310,121030278021,639
12,103,027901,2,121030279012,1500000US121030279012,Block Group 2,G5030,S,396147.000000000000000,256426.000000000000000,+27.7676601,-082.7665099,121030279012,595
12,103,028002,3,121030280023,1500000US121030280023,Block Group 3,G5030,S,508705.000000000000000,2022334.000000000000000,+27.6861398,-082.7381630,121030280023,617
12,103,028002,4,121030280024,1500000US121030280024,Block Group 4,G5030,S,712073.000000000000000,779114.000000000000000,+27.7028937,-082.7360048,121030280024,1373
12,103,028004,1,121030280041,1500000US121030280041,Block Group 1,G5030,S,407080.000000000000000,181484.000000000000000,+27.7442143,-082.7504676,121030280041,803
12,103,026908,4,121030269084,1500000US121030269084,Block Group 4,G5030,S,671530.000000000000000,9558.000000000000000,+28.0284391,-082.7677732,121030269084,725
12,103,026909,2,121030269092,1500000US121030269092,Block Group 2,G5030,S,929204.000000000000000,17389.000000000000000,+28.0261321,-082.7505180,121030269092,1565
12,103,026909,3,121030269093,1500000US121030269093,Block Group 3,G5030,S,1043580.000000000000000,28107.000000000000000,+28.0210388,-082.7617890,121030269093,1986
12,103,026911,3,121030269113,1500000US121030269113,Block Group 3,G5030,S,486523.000000000000000,181754.000000000000000,+27.9980025,-082.7452163,121030269113,1182
12,103,026912,2,121030269122,1500000US121030269122,Block Group 2,G5030,S,258513.000000000000000,0.000000000000000,+27.9981306,-082.7382518,121030269122,1231
12,103,026913,3,121030269133,1500000US121030269133,Block Group 3,G5030,S,167315.000000000000000,0.000000000000000,+28.0036054,-082.7409118,121030269133,714
12,103,028004,2,121030280042,1500000US121030280042,Block Group 2,G5030,S,513110.000000000000000,215810.000000000000000,+27.7528102,-082.7558262,121030280042,918
12,103,026101,1,121030261011,1500000US121030261011,Block Group 1,G5030,S,401630.000000000000000,1240593.000000000000000,+27.9833590,-082.7984420,121030261011,1055
12,103,021600,1,121030216001,1500000US121030216001,Block Group 1,G5030,S,404404.000000000000000,0.000000000000000,+27.7744469,-082.6516521,121030216001,525
12,103,024411,2,121030244112,1500000US121030244112,Block Group 2,G5030,S,378821.000000000000000,0.000000000000000,+27.8472568,-082.6365252,121030244112,636
12,103,027106,3,121030271063,1500000US121030271063,Block Group 3,G5030,S,5608863.000000000000000,21178320.000000000000000,+28.0257441,-082.8153575,121030271063,1087
12,103,027105,2,121030271052,1500000US121030271052,Block Group 2,G5030,S,1845467.000000000000000,28172.000000000000000,+28.0304639,-082.7805498,121030271052,2190
12,103,027206,2,121030272062,1500000US121030272062,Block Group 2,G5030,S,1286799.000000000000000,19615.000000000000000,+28.0864617,-082.7428138,121030272062,2103
12,103,027206,3,121030272063,1500000US121030272063,Block Group 3,G5030,S,2319820.000000000000000,13929.000000000000000,+28.0874400,-082.7534608,121030272063,2964
12,103,027208,2,121030272082,1500000US121030272082,Block Group 2,G5030,S,1784740.000000000000000,45937.000000000000000,+28.0534787,-082.7504621,121030272082,2046
12,103,027208,3,121030272083,1500000US121030272083,Block Group 3,G5030,S,984618.000000000000000,13152.000000000000000,+28.0608244,-082.7603878,121030272083,2054
12,103,027901,3,121030279013,1500000US121030279013,Block Group 3,G5030,S,344517.000000000000000,822127.000000000000000,+27.7448940,-082.7589512,121030279013,984
12,103,020105,3,121030201053,1500000US121030201053,Block Group 3,G5030,S,1492044.000000000000000,1114348.000000000000000,+27.7279058,-082.6881720,121030201053,1818
12,103,022301,2,121030223012,1500000US121030223012,Block Group 2,G5030,S,746195.000000000000000,11686.000000000000000,+27.7649197,-082.7258390,121030223012,1089
12,103,990000,0,121039900000,1500000US121039900000,Block Group 0,G5030,S,0.000000000000000,1020401270.000000000000000,+27.9016693,-082.9039651,121039900000,0
12,103,024514,2,121030245142,1500000US121030245142,Block Group 2,G5030,S,1253009.000000000000000,95559.000000000000000,+27.9019165,-082.7165845,121030245142,2340
12,103,024702,2,121030247022,1500000US121030247022,Block Group 2,G5030,S,845845.000000000000000,47347.000000000000000,+27.8171914,-082.6934091,121030247022,1357
12,103,025416,2,121030254162,1500000US121030254162,Block Group 2,G5030,S,666465.000000000000000,5141.000000000000000,+27.9137142,-082.7582950,121030254162,1760
12,103,027604,1,121030276041,1500000US121030276041,Block Group 1,G5030,S,546325.000000000000000,4396326.000000000000000,+27.9556611,-082.8301683,121030276041,1013
12,103,024805,2,121030248052,1500000US121030248052,Block Group 2,G5030,S,466464.000000000000000,15443.000000000000000,+27.8112852,-082.7163302,121030248052,1139
12,103,027209,1,121030272091,1500000US121030272091,Block Group 1,G5030,S,487355.000000000000000,832819.000000000000000,+28.0519865,-082.7856387,121030272091,1362
12,103,020208,2,121030202082,1500000US121030202082,Block Group 2,G5030,S,758805.000000000000000,30811.000000000000000,+27.7175591,-082.6525742,121030202082,1111
12,103,025604,1,121030256041,1500000US121030256041,Block Group 1,G5030,S,840539.000000000000000,16043.000000000000000,+27.9198196,-082.7801991,121030256041,1536
12,103,027401,1,121030274011,1500000US121030274011,Block Group 1,G5030,S,2041458.000000000000000,391207.000000000000000,+28.1534469,-082.7474336,121030274011,1194
12,103,025007,2,121030250072,1500000US121030250072,Block Group 2,G5030,S,3156282.000000000000000,835179.000000000000000,+27.8533034,-082.7731907,121030250072,2557
12,103,025119,1,121030251191,1500000US121030251191,Block Group 1,G5030,S,2913986.000000000000000,316722.000000000000000,+27.8750722,-082.8076531,121030251191,2130
12,103,020108,3,121030201083,1500000US121030201083,Block Group 3,G5030,S,609709.000000000000000,1187031.000000000000000,+27.7082186,-082.7134301,121030201083,506
12,103,020107,1,121030201071,1500000US121030201071,Block Group 1,G5030,S,731208.000000000000000,3001419.000000000000000,+27.7090796,-082.7017464,121030201071,873
12,103,020107,2,121030201072,1500000US121030201072,Block Group 2,G5030,S,230869.000000000000000,672883.000000000000000,+27.7171825,-082.7027910,121030201072,870
12,103,020206,1,121030202061,1500000US121030202061,Block Group 1,G5030,S,1121861.000000000000000,77412.000000000000000,+27.7159701,-082.6730623,121030202061,2124
12,103,020206,2,121030202062,1500000US121030202062,Block Group 2,G5030,S,358649.000000000000000,142806.000000000000000,+27.7156031,-082.6651862,121030202062,2471
12,103,020207,1,121030202071,1500000US121030202071,Block Group 1,G5030,S,1252196.000000000000000,8920514.000000000000000,+27.6768779,-082.6778800,121030202071,1820
12,103,020208,1,121030202081,1500000US121030202081,Block Group 1,G5030,S,522184.000000000000000,6758.000000000000000,+27.7137205,-082.6593436,121030202081,1545
12,103,020209,4,121030202094,1500000US121030202094,Block Group 4,G5030,S,427864.000000000000000,307310.000000000000000,+27.7023367,-082.6503537,121030202094,912
12,103,027210,1,121030272101,1500000US121030272101,Block Group 1,G5030,S,837516.000000000000000,55256.000000000000000,+28.0649796,-082.7689839,121030272101,1276
12,103,027314,2,121030273142,1500000US121030273142,Block Group 2,G5030,S,1519209.000000000000000,262794.000000000000000,+28.0758668,-082.7128383,121030273142,1711
12,103,025505,1,121030255051,1500000US121030255051,Block Group 1,G5030,S,504768.000000000000000,36670.000000000000000,+27.9356651,-082.7924687,121030255051,297
12,103,026912,3,121030269123,1500000US121030269123,Block Group 3,G5030,S,481378.000000000000000,0.000000000000000,+27.9927107,-082.7383092,121030269123,1763
12,103,027317,2,121030273172,1500000US121030273172,Block Group 2,G5030,S,1046256.000000000000000,301335.000000000000000,+28.0620871,-082.7171708,121030273172,2107
12,103,024002,3,121030240023,1500000US121030240023,Block Group 3,G5030,S,155564.000000000000000,0.000000000000000,+27.8167369,-082.6325500,121030240023,786
12,103,024004,3,121030240043,1500000US121030240043,Block Group 3,G5030,S,565227.000000000000000,2074558.000000000000000,+27.8148258,-082.5917843,121030240043,894
12,103,024406,2,121030244062,1500000US121030244062,Block Group 2,G5030,S,623443.000000000000000,73904.000000000000000,+27.8667654,-082.6411417,121030244062,2530
12,103,024406,3,121030244063,1500000US121030244063,Block Group 3,G5030,S,931711.000000000000000,683722.000000000000000,+27.8866924,-082.6408638,121030244063,1603
12,103,024410,1,121030244101,1500000US121030244101,Block Group 1,G5030,S,794266.000000000000000,0.000000000000000,+27.8471670,-082.6428435,121030244101,2188
12,103,024410,2,121030244102,1500000US121030244102,Block Group 2,G5030,S,1107132.000000000000000,24938.000000000000000,+27.8592475,-082.6439245,121030244102,1758
12,103,024412,1,121030244121,1500000US121030244121,Block Group 1,G5030,S,5848276.000000000000000,513806.000000000000000,+27.8668383,-082.6608153,121030244121,755
12,103,024412,2,121030244122,1500000US121030244122,Block Group 2,G5030,S,1659731.000000000000000,87819.000000000000000,+27.8798582,-082.6527966,121030244122,3102
12,103,027316,2,121030273162,1500000US121030273162,Block Group 2,G5030,S,848837.000000000000000,299639.000000000000000,+28.0880335,-082.7153230,121030273162,944
12,103,027317,3,121030273173,1500000US121030273173,Block Group 3,G5030,S,1079338.000000000000000,41306.000000000000000,+28.0595261,-082.7338511,121030273173,2233
12,103,027318,2,121030273182,1500000US121030273182,Block Group 2,G5030,S,1342707.000000000000000,72466.000000000000000,+28.0520185,-082.7143902,121030273182,2260
12,103,027326,1,121030273261,1500000US121030273261,Block Group 1,G5030,S,2014109.000000000000000,178990.000000000000000,+28.0500645,-082.6914878,121030273261,2164
12,103,024413,2,121030244132,1500000US121030244132,Block Group 2,G5030,S,633885.000000000000000,44522.000000000000000,+27.8450428,-082.6600384,121030244132,1191
12,103,024413,3,121030244133,1500000US121030244133,Block Group 3,G5030,S,955894.000000000000000,33847.000000000000000,+27.8544912,-082.6534922,121030244133,1228
12,103,024413,4,121030244134,1500000US121030244134,Block Group 4,G5030,S,380487.000000000000000,19552.000000000000000,+27.8452502,-082.6507598,121030244134,1020
12,103,024505,4,121030245054,1500000US121030245054,Block Group 4,G5030,S,875510.000000000000000,21393.000000000000000,+27.8702006,-082.7243636,121030245054,2421
12,103,024508,2,121030245082,1500000US121030245082,Block Group 2,G5030,S,555496.000000000000000,6635.000000000000000,+27.9207845,-082.7164497,121030245082,346
12,103,024509,1,121030245091,1500000US121030245091,Block Group 1,G5030,S,1009188.000000000000000,70914.000000000000000,+27.8970235,-082.6704353,121030245091,1793
12,103,024509,2,121030245092,1500000US121030245092,Block Group 2,G5030,S,10854826.000000000000000,26115225.000000000000000,+27.9053613,-082.6449239,121030245092,1683
12,103,027323,1,121030273231,1500000US121030273231,Block Group 1,G5030,S,537465.000000000000000,186927.000000000000000,+28.0808662,-082.7045192,121030273231,1255
12,103,027323,2,121030273232,1500000US121030273232,Block Group 2,G5030,S,682270.000000000000000,101218.000000000000000,+28.0718524,-082.7085989,121030273232,1927
12,103,027324,1,121030273241,1500000US121030273241,Block Group 1,G5030,S,15991646.000000000000000,111618.000000000000000,+28.0745893,-082.6694139,121030273241,2066
12,103,027325,1,121030273251,1500000US121030273251,Block Group 1,G5030,S,2510386.000000000000000,112197.000000000000000,+28.0740722,-082.6870824,121030273251,1675
12,103,027325,2,121030273252,1500000US121030273252,Block Group 2,G5030,S,2305490.000000000000000,200705.000000000000000,+28.0650995,-082.6964305,121030273252,1860
12,103,027326,2,121030273262,1500000US121030273262,Block Group 2,G5030,S,702348.000000000000000,77980.000000000000000,+28.0599826,-082.7008467,121030273262,2137
12,103,027327,2,121030273272,1500000US121030273272,Block Group 2,G5030,S,5909609.000000000000000,132779.000000000000000,+28.0472945,-082.6592841,121030273272,2824
12,103,024512,2,121030245122,1500000US121030245122,Block Group 2,G5030,S,11550141.000000000000000,680029.000000000000000,+27.8811844,-082.6945405,121030245122,1670
12,103,024514,1,121030245141,1500000US121030245141,Block Group 1,G5030,S,1296732.000000000000000,19755.000000000000000,+27.9120264,-082.7222510,121030245141,2201
12,103,027603,1,121030276031,1500000US121030276031,Block Group 1,G5030,S,400702.000000000000000,484656.000000000000000,+27.8958933,-082.8492414,121030276031,507
12,103,027603,2,121030276032,1500000US121030276032,Block Group 2,G5030,S,829093.000000000000000,1240013.000000000000000,+27.8953575,-082.8435166,121030276032,1589
12,103,027605,1,121030276051,1500000US121030276051,Block Group 1,G5030,S,707493.000000000000000,1248929.000000000000000,+27.9157734,-082.8433723,121030276051,726
12,103,024514,3,121030245143,1500000US121030245143,Block Group 3,G5030,S,1312206.000000000000000,33252.000000000000000,+27.9029487,-082.7257909,121030245143,1593
12,103,024510,1,121030245101,1500000US121030245101,Block Group 1,G5030,S,976691.000000000000000,55366.000000000000000,+27.9052024,-082.7087502,121030245101,1105
12,103,024510,3,121030245103,1500000US121030245103,Block Group 3,G5030,S,528275.000000000000000,31989.000000000000000,+27.9045518,-082.7068218,121030245103,2546
12,103,024601,3,121030246013,1500000US121030246013,Block Group 3,G5030,S,331794.000000000000000,0.000000000000000,+27.8375585,-082.6801265,121030246013,1103
12,103,024701,1,121030247011,1500000US121030247011,Block Group 1,G5030,S,474793.000000000000000,9723.000000000000000,+27.8258162,-082.6857341,121030247011,977
12,103,024701,2,121030247012,1500000US121030247012,Block Group 2,G5030,S,641320.000000000000000,5622.000000000000000,+27.8250523,-082.6948854,121030247012,1013
12,103,024701,3,121030247013,1500000US121030247013,Block Group 3,G5030,S,478649.000000000000000,6307.000000000000000,+27.8224317,-082.6866620,121030247013,975
12,103,027606,1,121030276061,1500000US121030276061,Block Group 1,G5030,S,570805.000000000000000,1176853.000000000000000,+27.8849648,-082.8514073,121030276061,658
12,103,027703,1,121030277031,1500000US121030277031,Block Group 1,G5030,S,368606.000000000000000,838780.000000000000000,+27.8488791,-082.8439567,121030277031,608
12,103,027703,2,121030277032,1500000US121030277032,Block Group 2,G5030,S,323943.000000000000000,877115.000000000000000,+27.8615350,-082.8482619,121030277032,534
12,103,027801,1,121030278011,1500000US121030278011,Block Group 1,G5030,S,476518.000000000000000,909647.000000000000000,+27.8032436,-082.8025834,121030278011,468
12,103,024703,2,121030247032,1500000US121030247032,Block Group 2,G5030,S,244450.000000000000000,0.000000000000000,+27.8110183,-082.6897823,121030247032,779
12,103,024703,3,121030247033,1500000US121030247033,Block Group 3,G5030,S,353960.000000000000000,0.000000000000000,+27.8105865,-082.6845201,121030247033,698
12,103,024803,1,121030248031,1500000US121030248031,Block Group 1,G5030,S,621162.000000000000000,21085.000000000000000,+27.8266508,-082.7248073,121030248031,1303
12,103,024803,2,121030248032,1500000US121030248032,Block Group 2,G5030,S,625935.000000000000000,14267.000000000000000,+27.8237260,-082.7166067,121030248032,939
12,103,024805,1,121030248051,1500000US121030248051,Block Group 1,G5030,S,617482.000000000000000,37259.000000000000000,+27.8170119,-082.7179561,121030248051,1521
12,103,024904,2,121030249042,1500000US121030249042,Block Group 2,G5030,S,970675.000000000000000,1078.000000000000000,+27.8628901,-082.7225104,121030249042,1203
12,103,025009,2,121030250092,1500000US121030250092,Block Group 2,G5030,S,1702689.000000000000000,60256.000000000000000,+27.8730810,-082.7327693,121030250092,1698
12,103,025011,2,121030250112,1500000US121030250112,Block Group 2,G5030,S,2419170.000000000000000,204773.000000000000000,+27.8796017,-082.7559935,121030250112,1130
12,103,027802,2,121030278022,1500000US121030278022,Block Group 2,G5030,S,939187.000000000000000,1596542.000000000000000,+27.7958961,-082.7825141,121030278022,2297
12,103,028002,1,121030280021,1500000US121030280021,Block Group 1,G5030,S,782427.000000000000000,1164789.000000000000000,+27.7111796,-082.7283321,121030280021,1356
12,103,028002,2,121030280022,1500000US121030280022,Block Group 2,G5030,S,621778.000000000000000,930976.000000000000000,+27.7168007,-082.7396221,121030280022,400
12,103,025011,3,121030250113,1500000US121030250113,Block Group 3,G5030,S,980491.000000000000000,627358.000000000000000,+27.8760747,-082.7716868,121030250113,1828
12,103,025012,3,121030250123,1500000US121030250123,Block Group 3,G5030,S,350848.000000000000000,0.000000000000000,+27.8587989,-082.7558704,121030250123,1017
12,103,025017,1,121030250171,1500000US121030250171,Block Group 1,G5030,S,713410.000000000000000,0.000000000000000,+27.8173773,-082.7411398,121030250171,1265
12,103,025018,1,121030250181,1500000US121030250181,Block Group 1,G5030,S,617001.000000000000000,10921.000000000000000,+27.8191179,-082.7329707,121030250181,1217
12,103,025019,1,121030250191,1500000US121030250191,Block Group 1,G5030,S,900428.000000000000000,655493.000000000000000,+27.8142043,-082.7559232,121030250191,587
12,103,025019,2,121030250192,1500000US121030250192,Block Group 2,G5030,S,693848.000000000000000,3450.000000000000000,+27.8108419,-082.7425224,121030250192,1801
12,103,025107,3,121030251073,1500000US121030251073,Block Group 3,G5030,S,1094618.000000000000000,815604.000000000000000,+27.8301985,-082.7768590,121030251073,1681
12,103,028102,3,121030281023,1500000US121030281023,Block Group 3,G5030,S,1546864.000000000000000,837240.000000000000000,+27.7487654,-082.7212655,121030281023,1976
12,103,028103,1,121030281031,1500000US121030281031,Block Group 1,G5030,S,326969.000000000000000,739613.000000000000000,+27.7471256,-082.7391396,121030281031,937
12,103,028103,2,121030281032,1500000US121030281032,Block Group 2,G5030,S,422567.000000000000000,207505.000000000000000,+27.7555345,-082.7351875,121030281032,1122
12,103,028104,3,121030281043,1500000US121030281043,Block Group 3,G5030,S,301564.000000000000000,4406.000000000000000,+27.7592899,-082.7385946,121030281043,1204
12,103,021900,3,121030219003,1500000US121030219003,Block Group 3,G5030,S,641428.000000000000000,3249.000000000000000,+27.7805093,-082.6746951,121030219003,1104
12,103,022000,1,121030220001,1500000US121030220001,Block Group 1,G5030,S,409698.000000000000000,0.000000000000000,+27.7654914,-082.6964445,121030220001,645
12,103,022000,2,121030220002,1500000US121030220002,Block Group 2,G5030,S,361181.000000000000000,0.000000000000000,+27.7695927,-082.6937034,121030220002,710
12,103,022000,3,121030220003,1500000US121030220003,Block Group 3,G5030,S,479391.000000000000000,0.000000000000000,+27.7675913,-082.6824542,121030220003,814
12,103,022200,1,121030222001,1500000US121030222001,Block Group 1,G5030,S,537352.000000000000000,0.000000000000000,+27.7772811,-082.7033081,121030222001,1176
12,103,022200,4,121030222004,1500000US121030222004,Block Group 4,G5030,S,705037.000000000000000,0.000000000000000,+27.7671298,-082.7069388,121030222004,429
12,103,022301,3,121030223013,1500000US121030223013,Block Group 3,G5030,S,465997.000000000000000,0.000000000000000,+27.7687849,-082.7271645,121030223013,555
12,103,022302,1,121030223021,1500000US121030223021,Block Group 1,G5030,S,838881.000000000000000,24704.000000000000000,+27.7758590,-082.7315782,121030223021,1044
12,103,022302,2,121030223022,1500000US121030223022,Block Group 2,G5030,S,670318.000000000000000,21911.000000000000000,+27.7759131,-082.7254530,121030223022,578
12,103,022302,3,121030223023,1500000US121030223023,Block Group 3,G5030,S,1064757.000000000000000,3782.000000000000000,+27.7759263,-082.7172322,121030223023,2285
12,103,027000,3,121030270003,1500000US121030270003,Block Group 3,G5030,S,1040545.000000000000000,1123410.000000000000000,+28.0012781,-082.7933787,121030270003,1106
12,103,027204,1,121030272041,1500000US121030272041,Block Group 1,G5030,S,1328264.000000000000000,539401.000000000000000,+28.0965547,-082.7273458,121030272041,2073
12,103,027314,1,121030273141,1500000US121030273141,Block Group 1,G5030,S,404595.000000000000000,87263.000000000000000,+28.0677233,-082.7120775,121030273141,1365
12,103,027401,2,121030274012,1500000US121030274012,Block Group 2,G5030,S,1231686.000000000000000,329874.000000000000000,+28.1528461,-082.7336242,121030274012,1619
12,103,022401,2,121030224012,1500000US121030224012,Block Group 2,G5030,S,496076.000000000000000,0.000000000000000,+27.7788352,-082.7411102,121030224012,863
12,103,022402,1,121030224021,1500000US121030224021,Block Group 1,G5030,S,1165726.000000000000000,0.000000000000000,+27.7869269,-082.7420621,121030224021,1674
12,103,022402,3,121030224023,1500000US121030224023,Block Group 3,G5030,S,921196.000000000000000,2929688.000000000000000,+27.7986015,-082.7561673,121030224023,1177
12,103,022402,4,121030224024,1500000US121030224024,Block Group 4,G5030,S,535912.000000000000000,1878.000000000000000,+27.7866762,-082.7483657,121030224024,776
12,103,022501,1,121030225011,1500000US121030225011,Block Group 1,G5030,S,756257.000000000000000,15640.000000000000000,+27.7860122,-082.7166824,121030225011,1343
12,103,022501,2,121030225012,1500000US121030225012,Block Group 2,G5030,S,1598034.000000000000000,0.000000000000000,+27.7855542,-082.7255245,121030225012,1494
12,103,022501,3,121030225013,1500000US121030225013,Block Group 3,G5030,S,512577.000000000000000,18139.000000000000000,+27.7881650,-082.7352335,121030225013,1948
12,103,022502,1,121030225021,1500000US121030225021,Block Group 1,G5030,S,411562.000000000000000,5794.000000000000000,+27.8071376,-082.7433586,121030225021,848
12,103,027206,1,121030272061,1500000US121030272061,Block Group 1,G5030,S,1105028.000000000000000,30942.000000000000000,+28.0860255,-082.7648660,121030272061,1792
12,103,027207,1,121030272071,1500000US121030272071,Block Group 1,G5030,S,517202.000000000000000,8006.000000000000000,+28.0754730,-082.7537095,121030272071,605
12,103,027208,1,121030272081,1500000US121030272081,Block Group 1,G5030,S,602989.000000000000000,19190.000000000000000,+28.0640734,-082.7554153,121030272081,1111
12,103,022502,3,121030225023,1500000US121030225023,Block Group 3,G5030,S,1517609.000000000000000,13169.000000000000000,+27.7994496,-082.7334780,121030225023,1573
12,103,022503,1,121030225031,1500000US121030225031,Block Group 1,G5030,S,868114.000000000000000,4154.000000000000000,+27.8036807,-082.7156533,121030225031,1461
12,103,022503,2,121030225032,1500000US121030225032,Block Group 2,G5030,S,921538.000000000000000,0.000000000000000,+27.7953645,-082.7181100,121030225032,2728
12,103,022503,3,121030225033,1500000US121030225033,Block Group 3,G5030,S,1143849.000000000000000,0.000000000000000,+27.8008634,-082.7252592,121030225033,1883
12,103,022601,2,121030226012,1500000US121030226012,Block Group 2,G5030,S,403084.000000000000000,0.000000000000000,+27.7895404,-082.7082283,121030226012,847
12,103,022601,3,121030226013,1500000US121030226013,Block Group 3,G5030,S,493686.000000000000000,13991.000000000000000,+27.7840463,-082.7088153,121030226013,1079
12,103,022602,1,121030226021,1500000US121030226021,Block Group 1,G5030,S,635869.000000000000000,0.000000000000000,+27.8043790,-082.7035624,121030226021,1362
12,103,022602,2,121030226022,1500000US121030226022,Block Group 2,G5030,S,649650.000000000000000,15135.000000000000000,+27.7943760,-082.7051783,121030226022,1407
12,103,022602,3,121030226023,1500000US121030226023,Block Group 3,G5030,S,912882.000000000000000,0.000000000000000,+27.8008791,-082.7087320,121030226023,1804
12,103,022700,1,121030227001,1500000US121030227001,Block Group 1,G5030,S,909157.000000000000000,71230.000000000000000,+27.7868012,-082.6826130,121030227001,1410
12,103,022700,2,121030227002,1500000US121030227002,Block Group 2,G5030,S,938302.000000000000000,46254.000000000000000,+27.7873147,-082.6907848,121030227002,2385
12,103,022700,3,121030227003,1500000US121030227003,Block Group 3,G5030,S,483169.000000000000000,0.000000000000000,+27.7863549,-082.6979410,121030227003,491
12,103,022801,1,121030228011,1500000US121030228011,Block Group 1,G5030,S,737510.000000000000000,2829.000000000000000,+27.8046436,-082.6859523,121030228011,1926
12,103,022801,2,121030228012,1500000US121030228012,Block Group 2,G5030,S,654633.000000000000000,0.000000000000000,+27.8043604,-082.6964705,121030228012,934
12,103,025014,1,121030250141,1500000US121030250141,Block Group 1,G5030,S,1291586.000000000000000,7597.000000000000000,+27.8312451,-082.7329541,121030250141,2871
12,103,025014,2,121030250142,1500000US121030250142,Block Group 2,G5030,S,2371878.000000000000000,110347.000000000000000,+27.8320520,-082.7438675,121030250142,1979
12,103,025015,1,121030250151,1500000US121030250151,Block Group 1,G5030,S,695612.000000000000000,279023.000000000000000,+27.8249895,-082.7518185,121030250151,1613
12,103,025016,1,121030250161,1500000US121030250161,Block Group 1,G5030,S,2016347.000000000000000,1197719.000000000000000,+27.8356162,-082.7657038,121030250161,2006
12,103,027327,1,121030273271,1500000US121030273271,Block Group 1,G5030,S,2315725.000000000000000,88846.000000000000000,+28.0487499,-082.6798495,121030273271,2221
12,103,025107,1,121030251071,1500000US121030251071,Block Group 1,G5030,S,477980.000000000000000,9622.000000000000000,+27.8311218,-082.7817805,121030251071,871
12,103,025107,2,121030251072,1500000US121030251072,Block Group 2,G5030,S,843020.000000000000000,49399.000000000000000,+27.8242257,-082.7831707,121030251072,1632
12,103,025108,1,121030251081,1500000US121030251081,Block Group 1,G5030,S,417760.000000000000000,479323.000000000000000,+27.8180868,-082.7961960,121030251081,1202
12,103,025108,2,121030251082,1500000US121030251082,Block Group 2,G5030,S,778988.000000000000000,30337.000000000000000,+27.8170302,-082.7897397,121030251082,1095
12,103,022801,3,121030228013,1500000US121030228013,Block Group 3,G5030,S,641548.000000000000000,16528.000000000000000,+27.8018877,-082.6872403,121030228013,2003
12,103,022802,2,121030228022,1500000US121030228022,Block Group 2,G5030,S,479519.000000000000000,15744.000000000000000,+27.7958413,-082.6907819,121030228022,1020
12,103,022802,3,121030228023,1500000US121030228023,Block Group 3,G5030,S,469081.000000000000000,0.000000000000000,+27.7955164,-082.6968649,121030228023,1211
12,103,022901,1,121030229011,1500000US121030229011,Block Group 1,G5030,S,1414018.000000000000000,84808.000000000000000,+27.7887365,-082.6703066,121030229011,1227
12,103,022901,2,121030229012,1500000US121030229012,Block Group 2,G5030,S,815479.000000000000000,43349.000000000000000,+27.7805851,-082.6651942,121030229012,1389
12,103,022902,2,121030229022,1500000US121030229022,Block Group 2,G5030,S,610182.000000000000000,0.000000000000000,+27.7952004,-082.6694187,121030229022,657
12,103,023000,2,121030230002,1500000US121030230002,Block Group 2,G5030,S,852157.000000000000000,0.000000000000000,+27.7996742,-082.6650497,121030230002,1488
12,103,023100,1,121030231001,1500000US121030231001,Block Group 1,G5030,S,505299.000000000000000,3536.000000000000000,+27.7961420,-082.6589699,121030231001,846
12,103,023200,1,121030232001,1500000US121030232001,Block Group 1,G5030,S,495255.000000000000000,0.000000000000000,+27.8039180,-082.6508355,121030232001,1262
12,103,023200,2,121030232002,1500000US121030232002,Block Group 2,G5030,S,489238.000000000000000,0.000000000000000,+27.7984340,-082.6508500,121030232002,1147
12,103,023200,3,121030232003,1500000US121030232003,Block Group 3,G5030,S,327394.000000000000000,0.000000000000000,+27.7938797,-082.6508239,121030232003,613
12,103,023300,3,121030233003,1500000US121030233003,Block Group 3,G5030,S,275018.000000000000000,0.000000000000000,+27.7866272,-082.6511067,121030233003,785
12,103,023400,2,121030234002,1500000US121030234002,Block Group 2,G5030,S,837711.000000000000000,16184.000000000000000,+27.7802140,-082.6542684,121030234002,1025
12,103,025109,2,121030251092,1500000US121030251092,Block Group 2,G5030,S,1004417.000000000000000,17299.000000000000000,+27.8329807,-082.7928529,121030251092,1387
12,103,025110,3,121030251103,1500000US121030251103,Block Group 3,G5030,S,1128791.000000000000000,1138432.000000000000000,+27.8222919,-082.8032784,121030251103,858
12,103,025112,1,121030251121,1500000US121030251121,Block Group 1,G5030,S,668958.000000000000000,301875.000000000000000,+27.8550709,-082.7877475,121030251121,1344
12,103,025112,2,121030251122,1500000US121030251122,Block Group 2,G5030,S,1114367.000000000000000,305626.000000000000000,+27.8610801,-082.7877846,121030251122,2051
12,103,025113,1,121030251131,1500000US121030251131,Block Group 1,G5030,S,954126.000000000000000,13058.000000000000000,+27.8597948,-082.7974601,121030251131,1209
12,103,025113,3,121030251133,1500000US121030251133,Block Group 3,G5030,S,657307.000000000000000,0.000000000000000,+27.8513957,-082.8017213,121030251133,1093
12,103,027501,2,121030275012,1500000US121030275012,Block Group 2,G5030,S,2102612.000000000000000,1873708.000000000000000,+28.1678850,-082.8019463,121030275012,1947
12,103,027501,3,121030275013,1500000US121030275013,Block Group 3,G5030,S,1266333.000000000000000,860812.000000000000000,+28.1506975,-082.7645765,121030275013,1863
12,103,023700,1,121030237001,1500000US121030237001,Block Group 1,G5030,S,355618.000000000000000,0.000000000000000,+27.7866115,-082.6338847,121030237001,976
12,103,023700,2,121030237002,1500000US121030237002,Block Group 2,G5030,S,409743.000000000000000,537490.000000000000000,+27.7867303,-082.6234090,121030237002,682
12,103,023800,1,121030238001,1500000US121030238001,Block Group 1,G5030,S,502920.000000000000000,92868.000000000000000,+27.7953219,-082.6354682,121030238001,798
12,103,023800,2,121030238002,1500000US121030238002,Block Group 2,G5030,S,325455.000000000000000,0.000000000000000,+27.7957670,-082.6405994,121030238002,604
12,103,023900,1,121030239001,1500000US121030239001,Block Group 1,G5030,S,686111.000000000000000,0.000000000000000,+27.8049970,-082.6384609,121030239001,803
12,103,023900,2,121030239002,1500000US121030239002,Block Group 2,G5030,S,605484.000000000000000,27129.000000000000000,+27.8016857,-082.6396045,121030239002,1270
12,103,024001,1,121030240011,1500000US121030240011,Block Group 1,G5030,S,1112001.000000000000000,1438467.000000000000000,+27.7935932,-082.6118169,121030240011,1171
12,103,024002,1,121030240021,1500000US121030240021,Block Group 1,G5030,S,940216.000000000000000,286399.000000000000000,+27.8079254,-082.6211760,121030240021,1959
12,103,025114,1,121030251141,1500000US121030251141,Block Group 1,G5030,S,1091822.000000000000000,7022.000000000000000,+27.8675824,-082.7914306,121030251141,2304
12,103,025114,2,121030251142,1500000US121030251142,Block Group 2,G5030,S,631486.000000000000000,82191.000000000000000,+27.8693760,-082.7821266,121030251142,1236
12,103,025115,1,121030251151,1500000US121030251151,Block Group 1,G5030,S,537497.000000000000000,268348.000000000000000,+27.8783551,-082.7795873,121030251151,1430
12,103,025115,2,121030251152,1500000US121030251152,Block Group 2,G5030,S,546228.000000000000000,6275.000000000000000,+27.8782546,-082.7849187,121030251152,1600
12,103,025116,2,121030251162,1500000US121030251162,Block Group 2,G5030,S,649561.000000000000000,4520.000000000000000,+27.8765456,-082.7928353,121030251162,1314
12,103,025119,2,121030251192,1500000US121030251192,Block Group 2,G5030,S,616276.000000000000000,41366.000000000000000,+27.8729401,-082.8311035,121030251192,1287
12,103,025119,3,121030251193,1500000US121030251193,Block Group 3,G5030,S,1310205.000000000000000,7923.000000000000000,+27.8721096,-082.8224601,121030251193,2711
12,103,025120,1,121030251201,1500000US121030251201,Block Group 1,G5030,S,915320.000000000000000,17502.000000000000000,+27.8629951,-082.8077271,121030251201,1127
12,103,025120,2,121030251202,1500000US121030251202,Block Group 2,G5030,S,761689.000000000000000,19127.000000000000000,+27.8573828,-082.8183530,121030251202,708
12,103,024002,2,121030240022,1500000US121030240022,Block Group 2,G5030,S,660873.000000000000000,9950.000000000000000,+27.8089847,-082.6296415,121030240022,1640
12,103,024004,1,121030240041,1500000US121030240041,Block Group 1,G5030,S,842553.000000000000000,597090.000000000000000,+27.8229307,-082.6028595,121030240041,1823
12,103,024004,2,121030240042,1500000US121030240042,Block Group 2,G5030,S,1761520.000000000000000,490403.000000000000000,+27.8224987,-082.6153094,121030240042,1534
12,103,024005,1,121030240051,1500000US121030240051,Block Group 1,G5030,S,785432.000000000000000,115459.000000000000000,+27.8142057,-082.6067679,121030240051,1396
12,103,024005,2,121030240052,1500000US121030240052,Block Group 2,G5030,S,789622.000000000000000,1337823.000000000000000,+27.8039098,-082.6050150,121030240052,2062
12,103,024100,3,121030241003,1500000US121030241003,Block Group 3,G5030,S,743703.000000000000000,12816.000000000000000,+27.8185589,-082.6407392,121030241003,2311
12,103,024301,1,121030243011,1500000US121030243011,Block Group 1,G5030,S,612135.000000000000000,29621.000000000000000,+27.8405243,-082.6514317,121030243011,1643
12,103,024301,2,121030243012,1500000US121030243012,Block Group 2,G5030,S,603149.000000000000000,24386.000000000000000,+27.8315274,-082.6506352,121030243012,1362
12,103,024302,1,121030243021,1500000US121030243021,Block Group 1,G5030,S,525324.000000000000000,9873.000000000000000,+27.8326068,-082.6571325,121030243021,1200
12,103,025121,1,121030251211,1500000US121030251211,Block Group 1,G5030,S,1320699.000000000000000,1649.000000000000000,+27.8550881,-082.8240685,121030251211,2563
12,103,025121,2,121030251212,1500000US121030251212,Block Group 2,G5030,S,1286444.000000000000000,22973.000000000000000,+27.8469123,-082.8129955,121030251212,2646
12,103,025204,1,121030252041,1500000US121030252041,Block Group 1,G5030,S,1095669.000000000000000,0.000000000000000,+27.9201010,-082.8076255,121030252041,1630
12,103,025205,1,121030252051,1500000US121030252051,Block Group 1,G5030,S,816977.000000000000000,100475.000000000000000,+27.8708835,-082.8436875,121030252051,1442
12,103,028700,2,121030287002,1500000US121030287002,Block Group 2,G5030,S,437982.000000000000000,0.000000000000000,+27.7592273,-082.6680751,121030287002,259
12,103,025207,1,121030252071,1500000US121030252071,Block Group 1,G5030,S,1137946.000000000000000,21801.000000000000000,+27.9054010,-082.8150854,121030252071,2283
12,103,026101,2,121030261012,1500000US121030261012,Block Group 2,G5030,S,905567.000000000000000,55202.000000000000000,+27.9835290,-082.7912845,121030261012,1473
12,103,024302,2,121030243022,1500000US121030243022,Block Group 2,G5030,S,963064.000000000000000,9254.000000000000000,+27.8354596,-082.6618778,121030243022,1638
12,103,024302,3,121030243023,1500000US121030243023,Block Group 3,G5030,S,258686.000000000000000,0.000000000000000,+27.8246723,-082.6637215,121030243023,677
12,103,024403,1,121030244031,1500000US121030244031,Block Group 1,G5030,S,640952.000000000000000,11181.000000000000000,+27.8316960,-082.6431818,121030244031,1324
12,103,024403,2,121030244032,1500000US121030244032,Block Group 2,G5030,S,632904.000000000000000,4000.000000000000000,+27.8393475,-082.6438099,121030244032,1784
12,103,024403,3,121030244033,1500000US121030244033,Block Group 3,G5030,S,620379.000000000000000,0.000000000000000,+27.8249853,-082.6427423,121030244033,1436
12,103,025303,1,121030253031,1500000US121030253031,Block Group 1,G5030,S,2284201.000000000000000,163395.000000000000000,+27.9041448,-082.7695592,121030253031,2083
12,103,025305,1,121030253051,1500000US121030253051,Block Group 1,G5030,S,630366.000000000000000,12752.000000000000000,+27.8961614,-082.7779440,121030253051,789
12,103,025401,2,121030254012,1500000US121030254012,Block Group 2,G5030,S,594637.000000000000000,11252.000000000000000,+27.9470571,-082.7482659,121030254012,1698
12,103,023300,2,121030233002,1500000US121030233002,Block Group 2,G5030,S,432433.000000000000000,0.000000000000000,+27.7883538,-082.6576664,121030233002,425
12,103,028300,3,121030283003,1500000US121030283003,Block Group 3,G5030,S,536610.000000000000000,2801.000000000000000,+27.7505704,-082.7058151,121030283003,648
12,103,027501,1,121030275011,1500000US121030275011,Block Group 1,G5030,S,2781748.000000000000000,15425720.000000000000000,+28.1542639,-082.8050711,121030275011,2596
12,103,020500,4,121030205004,1500000US121030205004,Block Group 4,G5030,S,321677.000000000000000,0.000000000000000,+27.7448376,-082.6445022,121030205004,632
12,103,025401,1,121030254011,1500000US121030254011,Block Group 1,G5030,S,694667.000000000000000,0.000000000000000,+27.9458804,-082.7580489,121030254011,1267
12,103,022301,1,121030223011,1500000US121030223011,Block Group 1,G5030,S,673721.000000000000000,0.000000000000000,+27.7678220,-082.7171095,121030223011,790
12,103,024406,1,121030244061,1500000US121030244061,Block Group 1,G5030,S,465333.000000000000000,9986.000000000000000,+27.8752037,-082.6443720,121030244061,1771
12,103,025106,1,121030251061,1500000US121030251061,Block Group 1,G5030,S,2458475.000000000000000,1841045.000000000000000,+27.8088155,-082.7784898,121030251061,1679
12,103,025207,3,121030252073,1500000US121030252073,Block Group 3,G5030,S,989782.000000000000000,0.000000000000000,+27.8967230,-082.8159590,121030252073,2498
12,103,025116,1,121030251161,1500000US121030251161,Block Group 1,G5030,S,330562.000000000000000,0.000000000000000,+27.8765100,-082.7973501,121030251161,694
12,103,026200,2,121030262002,1500000US121030262002,Block Group 2,G5030,S,542011.000000000000000,0.000000000000000,+27.9752014,-082.7945967,121030262002,1152
12,103,022502,2,121030225022,1500000US121030225022,Block Group 2,G5030,S,336228.000000000000000,0.000000000000000,+27.8043138,-082.7387650,121030225022,725
12,103,022200,3,121030222003,1500000US121030222003,Block Group 3,G5030,S,474857.000000000000000,0.000000000000000,+27.7705092,-082.7032730,121030222003,1050
12,103,023000,1,121030230001,1500000US121030230001,Block Group 1,G5030,S,623927.000000000000000,0.000000000000000,+27.8062222,-082.6702341,121030230001,1264
12,103,025800,2,121030258002,1500000US121030258002,Block Group 2,G5030,S,498854.000000000000000,0.000000000000000,+27.9444202,-082.7895345,121030258002,1211
12,103,025013,1,121030250131,1500000US121030250131,Block Group 1,G5030,S,996156.000000000000000,56107.000000000000000,+27.8491375,-082.7525631,121030250131,1763
12,103,025004,2,121030250042,1500000US121030250042,Block Group 2,G5030,S,2035251.000000000000000,422522.000000000000000,+27.8439656,-082.7462151,121030250042,1684
12,103,024301,3,121030243013,1500000US121030243013,Block Group 3,G5030,S,651715.000000000000000,0.000000000000000,+27.8248250,-082.6509370,121030243013,1734
12,103,021200,4,121030212004,1500000US121030212004,Block Group 4,G5030,S,243106.000000000000000,0.000000000000000,+27.7538607,-082.6599035,121030212004,303
12,103,024100,1,121030241001,1500000US121030241001,Block Group 1,G5030,S,605689.000000000000000,0.000000000000000,+27.8112472,-082.6437139,121030241001,1536
12,103,021200,2,121030212002,1500000US121030212002,Block Group 2,G5030,S,224636.000000000000000,0.000000000000000,+27.7604414,-082.6527423,121030212002,746
12,103,024505,1,121030245051,1500000US121030245051,Block Group 1,G5030,S,2174163.000000000000000,49740.000000000000000,+27.8842374,-082.7227975,121030245051,892
12,103,024505,2,121030245052,1500000US121030245052,Block Group 2,G5030,S,1714294.000000000000000,32767.000000000000000,+27.8723312,-082.7150594,121030245052,2343
12,103,024505,3,121030245053,1500000US121030245053,Block Group 3,G5030,S,508361.000000000000000,16674.000000000000000,+27.8668581,-082.7081562,121030245053,1301
12,103,025411,1,121030254111,1500000US121030254111,Block Group 1,G5030,S,1319291.000000000000000,22110.000000000000000,+27.8963830,-082.7560570,121030254111,2004
12,103,025501,1,121030255011,1500000US121030255011,Block Group 1,G5030,S,758393.000000000000000,6487.000000000000000,+27.9449485,-082.7770148,121030255011,1683
12,103,025501,2,121030255012,1500000US121030255012,Block Group 2,G5030,S,990057.000000000000000,18689.000000000000000,+27.9463688,-082.7677692,121030255012,1710
12,103,025501,3,121030255013,1500000US121030255013,Block Group 3,G5030,S,487439.000000000000000,8550.000000000000000,+27.9403898,-082.7686568,121030255013,879
12,103,027316,1,121030273161,1500000US121030273161,Block Group 1,G5030,S,869664.000000000000000,35341.000000000000000,+28.0851168,-082.7325663,121030273161,1016
12,103,027317,1,121030273171,1500000US121030273171,Block Group 1,G5030,S,586965.000000000000000,30996.000000000000000,+28.0629530,-082.7294147,121030273171,1087
12,103,027318,1,121030273181,1500000US121030273181,Block Group 1,G5030,S,903662.000000000000000,29149.000000000000000,+28.0532729,-082.7348252,121030273181,1840
12,103,027319,1,121030273191,1500000US121030273191,Block Group 1,G5030,S,873860.000000000000000,116566.000000000000000,+28.0416879,-082.6912030,121030273191,2242
12,103,025204,2,121030252042,1500000US121030252042,Block Group 2,G5030,S,710692.000000000000000,356117.000000000000000,+27.9196193,-082.8197504,121030252042,1239
12,103,028300,4,121030283004,1500000US121030283004,Block Group 4,G5030,S,370581.000000000000000,0.000000000000000,+27.7550801,-082.7099688,121030283004,906
12,103,025013,2,121030250132,1500000US121030250132,Block Group 2,G5030,S,500712.000000000000000,13126.000000000000000,+27.8483176,-082.7579267,121030250132,2106
12,103,022000,4,121030220004,1500000US121030220004,Block Group 4,G5030,S,568215.000000000000000,0.000000000000000,+27.7655489,-082.6882098,121030220004,893
12,103,022802,1,121030228021,1500000US121030228021,Block Group 1,G5030,S,645468.000000000000000,9855.000000000000000,+27.7951387,-082.6846181,121030228021,1082
12,103,021600,2,121030216002,1500000US121030216002,Block Group 2,G5030,S,890587.000000000000000,0.000000000000000,+27.7688830,-082.6497063,121030216002,1500
12,103,023300,1,121030233001,1500000US121030233001,Block Group 1,G5030,S,349611.000000000000000,0.000000000000000,+27.7901020,-082.6506972,121030233001,809
12,103,028200,3,121030282003,1500000US121030282003,Block Group 3,G5030,S,406041.000000000000000,0.000000000000000,+27.7522779,-082.7146969,121030282003,563
12,103,025109,1,121030251091,1500000US121030251091,Block Group 1,G5030,S,429997.000000000000000,6487.000000000000000,+27.8411728,-082.7986014,121030251091,1180
12,103,024601,1,121030246011,1500000US121030246011,Block Group 1,G5030,S,937558.000000000000000,61550.000000000000000,+27.8322502,-082.6697326,121030246011,1694
12,103,024601,2,121030246012,1500000US121030246012,Block Group 2,G5030,S,472418.000000000000000,0.000000000000000,+27.8244946,-082.6683332,121030246012,841
12,103,024801,1,121030248011,1500000US121030248011,Block Group 1,G5030,S,1650471.000000000000000,49144.000000000000000,+27.8220642,-082.7050886,121030248011,1844
12,103,024801,2,121030248012,1500000US121030248012,Block Group 2,G5030,S,962190.000000000000000,31104.000000000000000,+27.8118761,-082.7060520,121030248012,2187
12,103,025602,1,121030256021,1500000US121030256021,Block Group 1,G5030,S,464995.000000000000000,0.000000000000000,+27.9303328,-082.7916215,121030256021,748
12,103,025602,3,121030256023,1500000US121030256023,Block Group 3,G5030,S,646506.000000000000000,37999.000000000000000,+27.9231844,-082.7913737,121030256023,928
12,103,025700,2,121030257002,1500000US121030257002,Block Group 2,G5030,S,927656.000000000000000,361543.000000000000000,+27.9271904,-082.8177272,121030257002,915
12,103,027320,1,121030273201,1500000US121030273201,Block Group 1,G5030,S,1457536.000000000000000,32071.000000000000000,+28.0365546,-082.6715240,121030273201,704
12,103,027320,2,121030273202,1500000US121030273202,Block Group 2,G5030,S,4712794.000000000000000,8091726.000000000000000,+28.0219114,-082.6583165,121030273202,3228
12,103,024905,3,121030249053,1500000US121030249053,Block Group 3,G5030,S,322690.000000000000000,2664.000000000000000,+27.8622856,-082.7087846,121030249053,760
12,103,025113,2,121030251132,1500000US121030251132,Block Group 2,G5030,S,351297.000000000000000,0.000000000000000,+27.8468349,-082.7973197,121030251132,805
12,103,022902,3,121030229023,1500000US121030229023,Block Group 3,G5030,S,490199.000000000000000,0.000000000000000,+27.7955512,-082.6764210,121030229023,1029
12,103,020800,2,121030208002,1500000US121030208002,Block Group 2,G5030,S,592790.000000000000000,14914.000000000000000,+27.7605285,-082.6861707,121030208002,632
12,103,020600,1,121030206001,1500000US121030206001,Block Group 1,G5030,S,324818.000000000000000,0.000000000000000,+27.7502501,-082.6506624,121030206001,703
12,103,025407,2,121030254072,1500000US121030254072,Block Group 2,G5030,S,314763.000000000000000,13733.000000000000000,+27.9181760,-082.7489553,121030254072,1114
12,103,026703,4,121030267034,1500000US121030267034,Block Group 4,G5030,S,660821.000000000000000,16921.000000000000000,+27.9640985,-082.7515482,121030267034,1162
12,103,024901,1,121030249011,1500000US121030249011,Block Group 1,G5030,S,1274499.000000000000000,33235.000000000000000,+27.8319370,-082.7044595,121030249011,1420
12,103,024901,2,121030249012,1500000US121030249012,Block Group 2,G5030,S,1340502.000000000000000,19436.000000000000000,+27.8344787,-082.7230170,121030249012,2642
12,103,024901,3,121030249013,1500000US121030249013,Block Group 3,G5030,S,730186.000000000000000,5168.000000000000000,+27.8310619,-082.7141007,121030249013,1953
12,103,024905,1,121030249051,1500000US121030249051,Block Group 1,G5030,S,486552.000000000000000,1052.000000000000000,+27.8523040,-082.7055155,121030249051,1809
12,103,024906,1,121030249061,1500000US121030249061,Block Group 1,G5030,S,643891.000000000000000,10347.000000000000000,+27.8483112,-082.7078894,121030249061,1836
12,103,025800,1,121030258001,1500000US121030258001,Block Group 1,G5030,S,704307.000000000000000,8565.000000000000000,+27.9436001,-082.7847323,121030258001,1082
12,103,025800,3,121030258003,1500000US121030258003,Block Group 3,G5030,S,780241.000000000000000,97194.000000000000000,+27.9455907,-082.7939879,121030258003,1504
12,103,026001,1,121030260011,1500000US121030260011,Block Group 1,G5030,S,430161.000000000000000,2170326.000000000000000,+27.9917315,-082.8170773,121030260011,1280
12,103,026001,2,121030260012,1500000US121030260012,Block Group 2,G5030,S,516570.000000000000000,1821258.000000000000000,+27.9773960,-082.8108526,121030260012,1115
12,103,027207,3,121030272073,1500000US121030272073,Block Group 3,G5030,S,647014.000000000000000,0.000000000000000,+28.0706783,-082.7652695,121030272073,579
12,103,020105,1,121030201051,1500000US121030201051,Block Group 1,G5030,S,802471.000000000000000,359757.000000000000000,+27.7215519,-082.6935997,121030201051,1188
12,103,020105,2,121030201052,1500000US121030201052,Block Group 2,G5030,S,1560304.000000000000000,733686.000000000000000,+27.7132012,-082.6857143,121030201052,2980
12,103,026200,1,121030262001,1500000US121030262001,Block Group 1,G5030,S,601044.000000000000000,4802.000000000000000,+27.9775760,-082.7897644,121030262001,1348
12,103,026300,2,121030263002,1500000US121030263002,Block Group 2,G5030,S,327154.000000000000000,3365.000000000000000,+27.9968750,-082.7778296,121030263002,865
12,103,026300,6,121030263006,1500000US121030263006,Block Group 6,G5030,S,306770.000000000000000,0.000000000000000,+27.9700138,-082.7920597,121030263006,420
12,103,020201,1,121030202011,1500000US121030202011,Block Group 1,G5030,S,3235863.000000000000000,1520970.000000000000000,+27.7342921,-082.6593800,121030202011,1802
12,103,020201,2,121030202012,1500000US121030202012,Block Group 2,G5030,S,1672661.000000000000000,52820.000000000000000,+27.7263458,-082.6693903,121030202012,1733
12,103,020201,3,121030202013,1500000US121030202013,Block Group 3,G5030,S,1283951.000000000000000,40519.000000000000000,+27.7368726,-082.6702140,121030202013,1314
12,103,024906,2,121030249062,1500000US121030249062,Block Group 2,G5030,S,705180.000000000000000,6765.000000000000000,+27.8437514,-082.7085744,121030249062,1550
12,103,024906,3,121030249063,1500000US121030249063,Block Group 3,G5030,S,550756.000000000000000,0.000000000000000,+27.8409516,-082.7069937,121030249063,538
12,103,025004,1,121030250041,1500000US121030250041,Block Group 1,G5030,S,973079.000000000000000,5855.000000000000000,+27.8601891,-082.7326360,121030250041,1195
12,103,025004,3,121030250043,1500000US121030250043,Block Group 3,G5030,S,1213262.000000000000000,9275.000000000000000,+27.8460751,-082.7319311,121030250043,3761
12,103,025007,1,121030250071,1500000US121030250071,Block Group 1,G5030,S,520358.000000000000000,817.000000000000000,+27.8525665,-082.7649148,121030250071,964
12,103,025110,1,121030251101,1500000US121030251101,Block Group 1,G5030,S,2086346.000000000000000,1024080.000000000000000,+27.8378445,-082.8217960,121030251101,1575
12,103,026601,3,121030266013,1500000US121030266013,Block Group 3,G5030,S,907656.000000000000000,6220.000000000000000,+27.9587412,-082.7564623,121030266013,1207
12,103,026701,1,121030267011,1500000US121030267011,Block Group 1,G5030,S,564168.000000000000000,4320.000000000000000,+27.9947227,-082.7713648,121030267011,1134
12,103,026701,3,121030267013,1500000US121030267013,Block Group 3,G5030,S,493456.000000000000000,0.000000000000000,+27.9881749,-082.7692251,121030267013,841
12,103,026703,1,121030267031,1500000US121030267031,Block Group 1,G5030,S,1166993.000000000000000,12102.000000000000000,+27.9743501,-082.7498889,121030267031,1108
12,103,026703,2,121030267032,1500000US121030267032,Block Group 2,G5030,S,1745218.000000000000000,21298.000000000000000,+27.9725938,-082.7383473,121030267032,1446
12,103,026703,3,121030267033,1500000US121030267033,Block Group 3,G5030,S,655206.000000000000000,6532.000000000000000,+27.9634079,-082.7352709,121030267033,942
12,103,020301,2,121030203012,1500000US121030203012,Block Group 2,G5030,S,500532.000000000000000,165292.000000000000000,+27.7209646,-082.6371313,121030203012,1732
12,103,020301,3,121030203013,1500000US121030203013,Block Group 3,G5030,S,452112.000000000000000,0.000000000000000,+27.7247409,-082.6421008,121030203013,1179
12,103,020301,4,121030203014,1500000US121030203014,Block Group 4,G5030,S,322278.000000000000000,0.000000000000000,+27.7386412,-082.6436867,121030203014,603
12,103,020400,1,121030204001,1500000US121030204001,Block Group 1,G5030,S,534594.000000000000000,1023018.000000000000000,+27.7483895,-082.6289690,121030204001,919
12,103,020400,2,121030204002,1500000US121030204002,Block Group 2,G5030,S,333775.000000000000000,0.000000000000000,+27.7502961,-082.6337678,121030204002,690
12,103,020400,3,121030204003,1500000US121030204003,Block Group 3,G5030,S,509133.000000000000000,46838.000000000000000,+27.7480145,-082.6361109,121030204003,901
12,103,020500,1,121030205001,1500000US121030205001,Block Group 1,G5030,S,306016.000000000000000,0.000000000000000,+27.7567662,-082.6409607,121030205001,991
12,103,020500,2,121030205002,1500000US121030205002,Block Group 2,G5030,S,447303.000000000000000,0.000000000000000,+27.7534577,-082.6446170,121030205002,975
12,103,020500,3,121030205003,1500000US121030205003,Block Group 3,G5030,S,508127.000000000000000,16218.000000000000000,+27.7469345,-082.6413667,121030205003,682
12,103,026809,2,121030268092,1500000US121030268092,Block Group 2,G5030,S,1207001.000000000000000,69792.000000000000000,+27.9743373,-082.7035961,121030268092,1694
12,103,026811,1,121030268111,1500000US121030268111,Block Group 1,G5030,S,539434.000000000000000,8801.000000000000000,+28.0406988,-082.7247751,121030268111,700
12,103,026811,3,121030268113,1500000US121030268113,Block Group 3,G5030,S,2299451.000000000000000,41888.000000000000000,+28.0354958,-082.7115431,121030268113,2097
12,103,026812,1,121030268121,1500000US121030268121,Block Group 1,G5030,S,525334.000000000000000,10659.000000000000000,+28.0184373,-082.7221809,121030268121,1444
12,103,020600,2,121030206002,1500000US121030206002,Block Group 2,G5030,S,597109.000000000000000,0.000000000000000,+27.7451970,-082.6585777,121030206002,1342
12,103,020600,3,121030206003,1500000US121030206003,Block Group 3,G5030,S,501202.000000000000000,0.000000000000000,+27.7454870,-082.6502228,121030206003,1119
12,103,020600,4,121030206004,1500000US121030206004,Block Group 4,G5030,S,327563.000000000000000,0.000000000000000,+27.7502255,-082.6589100,121030206004,1329
12,103,020700,3,121030207003,1500000US121030207003,Block Group 3,G5030,S,467488.000000000000000,13783.000000000000000,+27.7433449,-082.6679931,121030207003,324
12,103,020700,4,121030207004,1500000US121030207004,Block Group 4,G5030,S,576794.000000000000000,0.000000000000000,+27.7494048,-082.6682526,121030207004,1648
12,103,020800,1,121030208001,1500000US121030208001,Block Group 1,G5030,S,358721.000000000000000,0.000000000000000,+27.7607369,-082.6958742,121030208001,1368
12,103,020800,3,121030208003,1500000US121030208003,Block Group 3,G5030,S,376694.000000000000000,0.000000000000000,+27.7569949,-082.6860818,121030208003,803
12,103,020800,4,121030208004,1500000US121030208004,Block Group 4,G5030,S,302542.000000000000000,1541.000000000000000,+27.7569266,-082.6950240,121030208004,263
12,103,020800,6,121030208006,1500000US121030208006,Block Group 6,G5030,S,550539.000000000000000,0.000000000000000,+27.7539770,-082.6831189,121030208006,770
12,103,021200,1,121030212001,1500000US121030212001,Block Group 1,G5030,S,228733.000000000000000,0.000000000000000,+27.7604957,-082.6486566,121030212001,464
12,103,021200,3,121030212003,1500000US121030212003,Block Group 3,G5030,S,606102.000000000000000,0.000000000000000,+27.7548436,-082.6513933,121030212003,2207
12,103,025007,3,121030250073,1500000US121030250073,Block Group 3,G5030,S,602658.000000000000000,11470.000000000000000,+27.8431300,-082.7660035,121030250073,1432
12,103,025009,1,121030250091,1500000US121030250091,Block Group 1,G5030,S,2087128.000000000000000,55957.000000000000000,+27.8772555,-082.7410101,121030250091,1661
12,103,025011,1,121030250111,1500000US121030250111,Block Group 1,G5030,S,1279202.000000000000000,40902.000000000000000,+27.8750855,-082.7646141,121030250111,2373
12,103,025012,1,121030250121,1500000US121030250121,Block Group 1,G5030,S,549567.000000000000000,8874.000000000000000,+27.8558330,-082.7567354,121030250121,831
12,103,025012,2,121030250122,1500000US121030250122,Block Group 2,G5030,S,2122629.000000000000000,131400.000000000000000,+27.8565733,-082.7445138,121030250122,1812
12,103,026813,1,121030268131,1500000US121030268131,Block Group 1,G5030,S,2854671.000000000000000,274010.000000000000000,+28.0059190,-082.7166991,121030268131,2005
12,103,026815,2,121030268152,1500000US121030268152,Block Group 2,G5030,S,1187752.000000000000000,6290.000000000000000,+28.0163825,-082.7036230,121030268152,1597
12,103,026816,1,121030268161,1500000US121030268161,Block Group 1,G5030,S,1207642.000000000000000,5455818.000000000000000,+27.9955035,-082.6835370,121030268161,1282
12,103,026816,4,121030268164,1500000US121030268164,Block Group 4,G5030,S,1020889.000000000000000,853.000000000000000,+27.9921954,-082.6917024,121030268164,1098
12,103,026817,1,121030268171,1500000US121030268171,Block Group 1,G5030,S,1944291.000000000000000,69961.000000000000000,+28.0050132,-082.7047400,121030268171,1628
12,103,026817,2,121030268172,1500000US121030268172,Block Group 2,G5030,S,1199519.000000000000000,39854.000000000000000,+28.0074052,-082.6924680,121030268172,1880
12,103,021800,2,121030218002,1500000US121030218002,Block Group 2,G5030,S,323206.000000000000000,0.000000000000000,+27.7737367,-082.6692181,121030218002,551
12,103,026908,1,121030269081,1500000US121030269081,Block Group 1,G5030,S,934664.000000000000000,50139.000000000000000,+28.0445403,-082.7485096,121030269081,895
12,103,026908,2,121030269082,1500000US121030269082,Block Group 2,G5030,S,1388292.000000000000000,18593.000000000000000,+28.0366258,-082.7554538,121030269082,1281
12,103,026908,3,121030269083,1500000US121030269083,Block Group 3,G5030,S,822284.000000000000000,10535.000000000000000,+28.0347396,-082.7676631,121030269083,1192
12,103,026909,1,121030269091,1500000US121030269091,Block Group 1,G5030,S,496533.000000000000000,23671.000000000000000,+28.0269438,-082.7561793,121030269091,1153
12,103,026911,1,121030269111,1500000US121030269111,Block Group 1,G5030,S,800951.000000000000000,7126.000000000000000,+28.0037850,-082.7484944,121030269111,2067
12,103,027000,1,121030270001,1500000US121030270001,Block Group 1,G5030,S,659669.000000000000000,6490.000000000000000,+28.0078371,-082.7788841,121030270001,1638
12,103,025110,2,121030251102,1500000US121030251102,Block Group 2,G5030,S,364078.000000000000000,0.000000000000000,+27.8416303,-082.8071260,121030251102,878
12,103,028200,1,121030282001,1500000US121030282001,Block Group 1,G5030,S,483316.000000000000000,0.000000000000000,+27.7591390,-082.7151348,121030282001,961
12,103,022601,1,121030226011,1500000US121030226011,Block Group 1,G5030,S,559781.000000000000000,1710.000000000000000,+27.7856093,-082.7030439,121030226011,1019
12,103,020800,5,121030208005,1500000US121030208005,Block Group 5,G5030,S,362696.000000000000000,0.000000000000000,+27.7536804,-082.6946815,121030208005,959
12,103,022200,2,121030222002,1500000US121030222002,Block Group 2,G5030,S,543891.000000000000000,1538.000000000000000,+27.7759230,-082.7101188,121030222002,1229
12,103,022902,1,121030229021,1500000US121030229021,Block Group 1,G5030,S,583499.000000000000000,0.000000000000000,+27.8024626,-082.6758475,121030229021,818
12,103,027320,3,121030273203,1500000US121030273203,Block Group 3,G5030,S,579850.000000000000000,1386418.000000000000000,+28.0320924,-082.6810533,121030273203,1004
12,103,020700,2,121030207002,1500000US121030207002,Block Group 2,G5030,S,404990.000000000000000,0.000000000000000,+27.7538321,-082.6680707,121030207002,911
12,103,025602,2,121030256022,1500000US121030256022,Block Group 2,G5030,S,479320.000000000000000,0.000000000000000,+27.9256681,-082.7981801,121030256022,1660
12,103,027308,1,121030273081,1500000US121030273081,Block Group 1,G5030,S,3417382.000000000000000,1187273.000000000000000,+28.1664704,-082.7397566,121030273081,3055
12,103,025505,2,121030255052,1500000US121030255052,Block Group 2,G5030,S,465065.000000000000000,16863.000000000000000,+27.9332530,-082.7988510,121030255052,2029
12,103,024510,4,121030245104,1500000US121030245104,Block Group 4,G5030,S,654455.000000000000000,10659.000000000000000,+27.8955329,-082.7076223,121030245104,100
