OBJECTID,Full Road Name,Internal Created User,Internal Created Date,Internal Edited User,Internal Edited Date,GlobalID,StatePlane_Length,SHAPE__Length
1,Gulf Blvd,,,,,fe0a190c-7c60-4699-a858-12710e476ac0,218.085665648424,75.5442973038312
2,Gulf Blvd,,,,,d6742727-6cc6-4e56-ab19-6609ee2f9e39,280.969789677571,97.3308664000281
3,Ulmerton Rd,,,,,d5c8bccd-f53f-4cf1-b94b-f6959d622568,1080.01272366233,372.191887051425
4,Dr Martin Luther King Jr St N,,,,,a35a616b-d5e2-4ae5-bda1-32237e3ca9b8,328.507275983581,113.761722181547
5,22nd Ave N,,,,,22440e6f-5037-4924-9917-4d3a5b6d28fe,667.912191150546,229.958276545103
6,US Highway 19 N,,,,,bdad84d2-fb8a-4572-9592-587be1f64be1,768.197102571977,265.612151785534
7,Dr Martin Luther King Jr St N,,,,,abff16b3-4c5f-4aff-b2e9-d7a84c842e97,330.212266081548,114.295188255089
8,Pass A Grille Way,,,,,2ca7c461-f3a3-4310-b8be-034343ea6935,76.1692932930049,26.337590930842
9,22nd Ave N,,,,,20c7f548-7d0d-4fb1-ba14-e7aeb2014cf9,498.718200232333,171.707793543187
10,54th Ave N,,,,,6e6384a6-0cd5-4c0c-8214-b4fb5cc40996,671.712348076592,231.327445099894
11,113th St N,,,,,6de1f2fa-afe7-4675-a8e6-b9cdcf387cc1,1218.11714547588,421.897182816637
12,5th Ave N,,,,,0a56dd78-3898-4b6b-b107-42e0fbdd27fd,440.701282693501,151.711364090682
13,Dr Martin Luther King Jr St N,,,,,693b13bd-591b-4aa0-badc-063de66551a3,329.701025540283,114.18125228253
14,SR 580,,,,,973e16eb-5e3a-4d6d-8076-302bf8bec258,1605.33532632096,553.863942372139
15,S Myrtle Ave,,,,,aea21a27-4f4c-4b99-8899-8ea40b2e40ff,331.729782624595,114.984216950992
16,5th Ave N,,,,,55f3472c-2b2a-463e-ba23-8d80daa4cbe2,439.601487059476,151.332845795393
17,Central Ave,,,,,b8578968-eca2-4b20-bdcb-fde21a99bc12,573.304962505199,197.346489526917
18,5th Ave N,,,,,7eb114a0-5bb8-41ee-8739-a7e3419306a3,649.043147874534,223.431052807225
19,Gulf Blvd,,,,,2aa21e39-38b8-4432-a6cf-24c773b27ee4,291.643849063865,100.927683866242
20,Lakeview Rd,,,,,4386d669-fe2b-493c-af74-bb833f84a98a,405.747872956826,139.895238815733
21,Dr Martin Luther King Jr St S,,,,,512cb028-d907-4b1b-9844-668ccb499d9b,329.010070812901,113.832176546361
22,38th Ave N,,,,,b4c78d16-9ec4-4f62-9a46-d19ca4388f25,158.003170367272,54.4066432994457
23,54th Ave N,,,,,8d2b2c12-4a89-4edd-bb6e-ea1505ea4773,262.956069508409,90.5586370737025
24,38th Ave N,,,,,76b8b83d-eb0e-49bc-bd1b-90eb8ce5f13e,350.96116563615,120.849050488978
25,49th St S,,,,,3bcafa28-60e4-4844-9829-fa1aa94966d8,160.903104408849,55.6737787088697
26,49th St N,,,,,8dd04cd5-acc1-4caf-86b6-7a585db2ef23,247.061667315858,85.0922117616775
27,4th St N,,,,,2b7eb7ae-be44-4691-be84-0eaac7533276,391.626473220346,135.590858909122
28,Gulf Blvd,,,,,c12f382c-b387-4221-93d6-8cc8a273fb0f,647.298511423873,223.373742493785
29,S Pinellas Ave,,,,,2f55ca96-3495-4ea7-b3a2-bc8621db41e6,454.245380256556,157.591668294145
30,1st Ave S,,,,,26d7beab-1fde-44e4-baf1-9813f780c3cd,444.919230250707,153.153518769819
31,N Belcher Rd,,,,,63ad93ae-e8c3-41c1-9fdc-2b5448f01a0a,48.6916707871513,16.8794647108766
32,Park Blvd N,,,,,e286f0b3-cbc6-4d0e-a234-c5a86ebfc132,356.784720514975,122.891827572563
33,Park Blvd N,,,,,efe55030-a35b-42fb-976b-13c86cc7db91,287.780536542796,99.123303325959
34,Dr Martin Luther King Jr St N,,,,,f84f0d5b-813c-46ea-a5f8-1d367f93c6cd,313.398935918587,108.49709609767
35,West Bay Dr,,,,,e84500d2-0ff1-434e-92d5-81b54d62d7de,322.813272565557,111.268089194061
36,Seminole Blvd,,,,,279b6480-c78a-4964-9afb-86aa46cf5a3e,214.014929505233,74.116151895029
37,66th St N,,,,,0500a500-a4e7-433d-8333-04d5d8f239dc,157.239399374715,54.4375775390851
38,Blind Pass Rd,,,,,cf821377-5950-4ab9-8a17-450ff8e1ee40,200.688092054986,69.3385920406601
39,66th St N,,,,,3506c939-20e8-4fda-a779-58f78a331555,296.250582487446,102.563816041202
40,8th St S,,,,,9241a1db-2306-4fc3-9fc2-162e1eae7641,107.670842850959,37.2571571422941
41,N Pinellas Ave,,,,,ab51cc75-866c-46b6-9480-b838856e7772,367.677509010859,127.38682552022
42,Pasadena Ave S,,,,,adf04123-34c8-42b0-952c-bc794f64047c,434.93737096668,150.432258888196
43,34th St S,,,,,2e727d9c-0883-4032-abb4-a8d5354dd431,104.625573256374,36.1997825570906
44,38th Ave N,,,,,1d1e8170-c62c-4729-ae8d-1c938a67e039,528.448912731947,181.967184938931
45,S Belcher Rd,,,,,87920f7b-4f06-4b21-9989-1cfe5d8ca962,142.772357883557,49.4877015058149
46,Edgewater Dr,,,,,4c204d18-831f-4b3a-abb1-03bc12ad1bc2,340.881434122359,118.198494572598
47,West Bay Dr,,,,,a3ef319b-9125-41b5-85b7-26b33baadb5f,190.741729064658,65.7456208982628
48,N Belcher Rd,,,,,da735414-c73f-441d-a832-079e25cf3b3c,390.302897703341,135.342126826453
49,4th St N,,,,,7f46147a-ac0d-448d-bec1-658040da713a,171.811336395513,59.4907152501928
50,US Highway 19 N,,,,,c8839264-8e5c-4c8d-a103-f872e4a46ee9,331.614179959628,114.805908251606
51,East Lake Rd,,,,,c498c4f1-a475-4f6a-9998-faea2e933b6f,1949.07274332938,676.799086370886
52,S Belcher Rd,,,,,53ec59c4-4d18-4aed-8b4a-14185106e4ef,271.002939783979,93.9307684889158
53,Pass A Grille Way,,,,,42126e0f-e430-4cc9-b7c4-a8bf1aa890a7,181.20716214576,62.6604484142205
54,Mcmullen Booth Rd,,,,,51e88a7c-006f-4c08-8cda-6e7ade63025d,300.280040815966,104.12399647686
55,Park Blvd N,,,,,2cbf6bd7-4961-436a-a234-87778147c410,442.384423083322,152.375895993519
56,Curlew Rd,,,,,f23834d3-b455-4801-92c3-ff5c1763226a,284.328177253663,98.1294660942847
57,Blind Pass Rd,,,,,d284e96c-b923-4c0e-a2a8-dd3f25b38054,260.482179434629,89.9998583636488
58,Clearwater Largo Rd N,,,,,6193d3c8-c06e-44cf-b6ce-8aac16017c23,270.873789505092,93.8621151702094
59,Ulmerton Rd,,,,,e84c54ad-e524-45f7-8381-3580f1e1358a,639.081607581859,220.235703661766
60,1st Ave S,,,,,4e1251ca-5618-4b11-bebb-9e34dec29629,677.434114838602,233.189157552021
61,66th St N,,,,,5f6774a4-7f77-4cf2-bfde-2c57ffbfbd7b,347.238518272605,120.279709158595
62,S Myrtle Ave,,,,,7144e9fb-c833-4f41-8b5c-55a5d6209e3f,327.299881440589,113.456574061981
63,Keystone Rd,,,,,5fce35e3-7b48-4c33-97c8-b2ebeb126632,212.220552839378,73.3381449755126
64,22nd Ave S,,,,,284ad6ef-0857-409d-930e-09968fbcbb5f,112.874437338032,38.8469939446798
65,Gulf Blvd,,,,,23ff8f9d-c42d-44e3-a825-ca549cafc624,549.646321421554,189.64880391502
66,4th St N,,,,,73a1dc24-8a36-43ae-86d3-b9c68c56c4a3,188.170019012364,65.157329188451
67,49th St N,,,,,ee06dc1d-df02-4bd9-be09-ed854c2af25d,220.733694353059,76.4180726702216
68,49th St S,,,,,99a99925-1abb-4bdb-ba97-19eda0927260,70.6728505125959,24.4527265006345
69,49th St N,,,,,3dac800e-ab40-400a-a278-8a2aabf4cb6d,327.207641963922,113.23503911327
70,Gulf Blvd,,,,,fea1cc30-d736-4a6e-a34f-fdf9cc8855b7,1264.69305273287,437.125391825927
71,Dr Martin Luther King Jr St N,,,,,24bb8614-4a50-485b-a385-23ed33e6f868,419.72687778865,145.335293228551
72,US 19A,,,,,1d3550cb-7964-4b9d-9738-7b98010db790,184.159186240228,63.9184965757805
73,49th St S,,,,,4826a15c-593a-47cd-8d4f-07a02d716600,331.501846225717,114.710148252233
74,1st Ave S,,,,,bf7fb687-a622-4de3-b696-9e8910737432,398.146156142953,137.052126798567
75,54th Ave N,,,,,1312b64e-2cc7-4b98-982b-1abe34fceb34,175.139337441742,60.3154976429072
76,38th Ave N,,,,,480da507-1974-43c3-8ac9-8a0b143c7305,338.915547734933,116.702497086871
77,Gulf Blvd,,,,,e436950b-73f6-4623-972c-b16a48366bb5,163.713583765297,56.7062902184548
78,West Bay Dr,,,,,b9915313-4d17-4a5a-aaba-33902424c79f,2297.28754663925,791.835350253678
79,S Ft Harrison Ave,,,,,ba97ce86-049d-4c29-8503-872286336886,313.446653055402,108.637945920513
80,S Missouri Ave,,,,,468fd1f2-a5df-43b7-bd9d-2fc3c8ae6966,667.279041835333,231.250896533193
81,Gulf Blvd,,,,,2115d428-6675-4c74-9466-05ce74940bc1,264.623070628684,91.5052099147628
82,54th Ave N,,,,,07af41e1-0f8a-467c-ab8f-9ca19e2d54a6,325.759262917328,112.186341022726
83,Clearwater Largo Rd N,,,,,b74789c9-7203-4f91-b30e-54bf26966b58,331.607823920795,114.902438651963
84,West Bay Dr,,,,,7069cedb-0cec-472c-b7a2-50b63bad82b2,169.405120956008,58.3909064281981
85,Ridge Rd Sw,,,,,83160412-b0ec-49e9-b9d5-12f4969eb5cd,717.052108421404,248.408452455861
86,Keystone Rd,,,,,956251e7-7fad-4b57-8e7d-31505d28e0f0,1202.90067056074,415.690687713404
87,Dr Martin Luther King Jr St S,,,,,50ead8ae-458a-4824-b22c-a4cb60d0786d,178.737004097967,61.8442701374843
88,Tampa Rd,,,,,a04ab1c6-b9d0-4eae-a321-1f7ef2c4915d,708.041051048753,244.49303774414
89,Tampa Rd,,,,,0f73f2d1-57ac-4f14-a0f9-e8e9369a6f33,431.003403137558,148.768236238486
90,Mcmullen Booth Rd,,,,,3146447d-32b4-4b48-bc22-5a3bad0920e6,632.403734013372,219.288539733888
91,Causeway Blvd,,,,,acafabb5-d38f-4557-9513-515bed054aa6,344.687914268316,118.958217591888
92,E Tarpon Ave,,,,,77eb129c-af10-4ee7-a82b-bede519e93e5,193.210078305419,66.7381929671968
93,Seminole Blvd,,,,,d1ccc085-b54f-4963-bd54-f23c99a32da5,261.049783596132,90.3932128228471
94,S Myrtle Ave,,,,,bf3a82be-ea56-49a3-9f76-ba45a8aa1dd7,408.626509677442,141.642127547222
95,Gulf Blvd,,,,,9dc12314-0559-4b42-8185-48cf2da8484c,162.773604418534,56.3036616969383
96,54th Ave N,,,,,479a3eda-a530-4ae7-8dbe-ae6386bcc51c,316.001940754209,108.826723732004
97,Central Ave,,,,,6407d265-6356-45f3-a318-0328177946b3,115.901587453559,39.8962863927446
98,Keystone Rd,,,,,cac4af0e-eca2-40ee-8d91-f160d6b3300c,1677.15786211248,579.333806354569
99,Dr Martin Luther King Jr St S,,,,,4c8d9699-757b-44b5-a0af-6b64806050fa,625.75941241934,216.193690861446
100,N Belcher Rd,,,,,bd2af6dd-733d-4fdd-b742-563d34b328dc,269.636614683881,93.472892856238
101,Bay Pines Blvd,,,,,92deda8e-d35d-4111-b759-629d09ae2a00,524.420562735792,180.596222462652
102,Edgewater Dr,,,,,cdf45c9f-893f-41dc-b124-c55974806c59,400.948742230116,138.998210845185
103,38th Ave N,,,,,9913cf3d-b79b-4639-a7ba-eeeec76f84fa,1152.01750714608,396.68395833564
104,Gulf Blvd,,,,,80d1c1c5-03d7-42f0-be25-e40c7afbb6ac,1044.66632679135,361.73131392207
105,Seminole Blvd,,,,,38e7dfa7-4404-4a6e-872f-1526369a64b5,357.388966621001,123.742705843975
106,4th St N,,,,,99ab0cc8-7f33-476e-85ea-49e0e330d1de,328.858490884746,113.831413037419
107,Mcmullen Booth Rd,,,,,de41b61a-f093-4f91-95a8-320ae3dfdab7,429.886911214413,149.09846314099
108,34th St S,,,,,e646c00c-d690-4d71-90d7-6eba6984d56a,180.011742223581,62.2831467693529
109,38th Ave N,,,,,ff3e72b0-020c-40b0-81a3-dc67da25d4d2,128.00854043553,44.0786737919617
110,Clearwater Largo Rd N,,,,,b1336933-ae93-4855-a1df-2e0b34862846,146.648218630097,50.8206175298845
111,22nd Ave S,,,,,4cf9efd0-d468-4a5c-98fe-8a9e6cc46b90,202.599988505769,69.7268111950794
112,Gulf Blvd,,,,,1e701f2c-6664-4372-8660-61ad76cf09e2,281.049994834262,97.3635239921347
113,38th Ave N,,,,,7308f1dc-b3b2-4f5f-9d78-05c29d891ad9,291.898630500089,100.512434972529
114,66th St N,,,,,8fff8b05-e4b7-4b1b-9147-2bf6a4c8e8bb,663.417696280329,229.722095774658
115,Dr Martin Luther King Jr St N,,,,,6a8f7d77-b8cf-46bf-bbd2-5a7ff8b954ce,313.509167749478,108.538745555694
116,N Pinellas Ave,,,,,815977c7-f17a-4555-8da9-054b787b6812,133.806535196556,46.3553220957301
117,Broadway,,,,,358fb29c-7620-4123-8600-34dcef180b63,320.89565522151,111.290287225693
118,22nd Ave N,,,,,2e668a8a-9437-4e9e-b830-d8598ec527da,876.303308598284,301.705067616581
119,Clearwater Largo Rd N,,,,,d29ad570-4bef-4d87-a88c-9281fb66614f,268.79207194357,93.1424591401974
120,SR 580,,,,,478c6993-434c-4719-935d-6983253d60a8,388.862627793942,134.549458981615
121,49th St N,,,,,467d8346-f7a7-4742-866e-390a01945606,148.246393148731,51.3204694946026
122,Gulf To Bay Blvd,,,,,b6ce314d-034d-4782-85cf-fa17b40c288a,105.111634861028,36.2454602655971
123,Park Blvd N,,,,,2d626c33-eb11-4681-9f99-e42116f8d080,682.269213732517,235.000685830533
124,Pasadena Ave S,,,,,b22d3e97-8838-4432-999a-d20bc34ee9d8,648.695154084781,223.960554213314
125,Dr Martin Luther King Jr St S,,,,,b2038639-75c1-4391-b113-4452bb6eca7e,357.206700032982,123.584755234629
126,54th Ave S,,,,,b8e83c59-7532-4709-9201-0bb75a827984,1320.75188860473,454.428504765905
127,N Belcher Rd,,,,,38154089-7821-4b45-9796-63a9a858ae18,395.977445223504,137.206292883143
128,5th Ave N,,,,,581f53d2-b277-4537-9d40-f2af95e04c40,457.31259907381,157.429685996016
129,34th St S,,,,,37132c84-3e43-4596-bfac-20699e73d24e,327.106476222458,113.180313334426
130,E Tarpon Ave,,,,,144215ec-df1f-4354-93d3-1f406105d88d,661.223443359843,228.398367804082
131,113th St N,,,,,88ca9fd8-750b-4b5f-94cb-13147aae1d69,250.111972924673,86.5926317207667
132,N Pinellas Ave,,,,,48ccc590-af7e-4976-9078-628516cf036b,342.915683684232,119.075256363568
133,US Highway 19 N,,,,,248931a6-1baa-4c7e-af96-9dd2d11bd0d8,704.845423364407,244.587515702513
134,Seminole Blvd,,,,,34a2638a-0fc6-4873-a870-d88112cdd5f8,150.4742261398,52.1052956828029
135,Gandy Blvd,,,,,62264a98-e541-4f55-be17-fa23ef52e1a8,722.423049633745,249.009182982185
136,4th St N,,,,,93fe5216-a8ee-4156-9d43-e3f1f97c555f,294.222332059202,101.823256011529
137,E Tarpon Ave,,,,,245af8b0-86bf-48c5-9acd-7b0927bf1765,620.9435376805,214.486704626426
138,West Bay Dr,,,,,6fa76789-dba0-47a4-bd31-9d9a8d918b37,331.767276146375,114.354816854847
139,20th St S,,,,,aa2f86eb-cdfe-40f8-8497-1aca084dac43,318.401941035968,110.181625539317
140,Seminole Blvd,,,,,1fdac1ed-9fff-460c-a057-2436fcb3f25a,95.1484865362126,32.9587505790559
141,1st Ave S,,,,,e2fc4f35-3035-4ff3-9ff3-6f330fcaade7,142.435257628271,49.0364945866235
142,38th Ave N,,,,,cfe68bfd-1832-4f68-bbea-ff9b74dd4bf7,352.610507122273,121.416904899963
143,54th Ave N,,,,,b5cd7879-50d6-42b4-958e-fb97db6096d0,366.041344847207,126.059641170824
144,Gulf Blvd,,,,,c2819bfb-e816-4707-b453-ed2b58bf1306,260.503982230633,90.2483233803166
145,Bayshore Blvd,,,,,818600cf-82a1-489c-b8c1-3b8755604795,448.311053866844,155.484751727111
146,4th St N,,,,,c801054f-399f-41ce-9ca0-3db71c94b298,316.301204667176,109.538544282115
147,113th St N,,,,,030f3fd9-3e61-4357-b353-cd6d581289e7,1055.78014263402,365.682459924853
148,US Highway 19 N,,,,,8b52ad06-561b-4d18-bb6c-63bd0d03cc05,299.833830845681,104.079078524334
149,N Pinellas Ave,,,,,e2fcaaa6-af39-4781-ba84-932af10d8c7d,322.458918453193,111.969919891838
150,Belcher Rd,,,,,63ea104d-fd11-400e-833e-f12ea2208c0f,265.80218405718,92.0389494465241
151,US Highway 19 N,,,,,3c9d1af5-8f8b-4d69-aef5-17410493a289,106.716278724361,37.0159577880821
152,N Pinellas Ave,,,,,c79accf5-63ff-470a-b5ec-e2149fb63e88,366.10117475223,127.110667890697
153,66th St N,,,,,23dd454c-d4ae-48e5-bf5b-85f9d7051464,178.617654665167,61.8555826405291
154,22nd Ave N,,,,,32cc484c-9344-4506-bbd0-dc169555e035,656.426838354647,226.006401012536
155,US Highway 19 N,,,,,b5151810-7940-44bd-9e6f-1c791bccdd1d,302.235830222969,104.940681157568
156,Clearwater Largo Rd S,,,,,97b82f77-f3ba-4ede-ac2b-65eb7291c721,122.121593723052,42.3135904185081
157,Dr Martin Luther King Jr St N,,,,,338a2873-73a6-4a43-a30e-2775d1200d20,139.85685109056,48.418900462223
158,Mcmullen Booth Rd,,,,,04f57dca-425a-4343-96bc-47b0dee04617,749.859635916664,260.013935501288
159,N Belcher Rd,,,,,a0151694-626e-41a9-a93f-1c42126ee540,187.797562449689,65.0823334847628
160,49th St N,,,,,b92a6d39-b2f7-4caf-9f43-79fd23455208,298.301240669325,103.256859615121
161,38th Ave N,,,,,486cf859-d8a4-4e3e-8409-84859b24f586,202.691196329695,69.7947143371192
162,8th St S Connector,,,,,a5fb9f23-87c9-4559-b6a0-b26f450bfb88,266.988905224781,92.2317872161524
163,CR 611,,,,,f10d65b1-b4ba-416a-b195-3489bb52fa7d,1701.97883532351,589.525102727398
164,34th St N,,,,,6e67f54d-0d8d-46b2-8a52-335d3ae97c9b,332.921784897782,115.239850956318
165,Ulmerton Rd,,,,,a18d29e8-683f-4e96-8fd0-11a1fe1e96aa,743.921944563828,256.368530653695
166,4th St N,,,,,60a241c4-2518-46a5-864f-70b4d459222e,411.906460675563,142.622083711681
167,22nd Ave S,,,,,bd369701-c65c-4333-88ac-72298adba053,325.867409745492,112.150530385561
168,34th St S,,,,,ffc5a1ca-f935-432f-9c9d-aa012ecbf1d3,638.535186387191,220.904347099921
169,38th Ave N,,,,,8c088adf-b240-4482-b70f-196e99284ced,789.933417975265,272.004905638501
170,8th St S,,,,,dfcd2a6e-3804-46e7-a722-918f45db1746,22.3227759608012,7.72467319789961
171,US 19A,,,,,82cdd9be-bf62-4a19-8731-729f87384d95,295.367325841827,102.513568721027
172,4th St N,,,,,18c04832-7f8d-4c67-9467-8c7a015baa09,306.802270619101,106.188205213485
173,8th St N,,,,,73514119-e12e-418f-b795-1642b8ef075d,183.812817986645,63.6086581978849
174,66th St N,,,,,3309a0c6-5adc-469d-bbb1-38709c835c5d,346.150593701667,119.833558264646
175,Ulmerton Rd,,,,,75f7d828-0a78-4a98-93df-45fca2d8a9fb,687.811193078804,237.028452361073
176,34th St S,,,,,ad9040c9-7a06-4aab-8896-5b9fc2850739,218.700982247688,75.6747089762493
177,Gulfport Blvd S,,,,,d6bf166b-3c52-4016-9171-7b12de4f0a8d,481.001431710884,165.558904514777
178,5th Ave,,,,,88b62929-4821-440a-960a-db12c13b4bb4,96.1330881937186,33.1251445341573
179,38th Ave N,,,,,3e6bd984-e707-427b-acb5-07dc0befc7f1,657.255202375028,226.32068513347
180,22nd Ave N,,,,,87a0957c-1aad-430c-a736-68d0da8335da,454.502387251157,156.482185214901
181,22nd Ave S,,,,,8f5edbbb-6972-4dc6-9eed-84bbd5074270,73.7587342038512,25.3847690401873
182,Gulf Blvd,,,,,2e2caf05-88c6-4fe5-83b3-a3f8ec1d773f,289.289169782667,99.8797796402299
183,22nd Ave N,,,,,6c8566fa-0e41-43f2-8c4b-64e5be959e91,199.648436096125,68.7376724083676
184,1st Ave S,,,,,71fcd80e-023e-465a-a1ba-a3934f45052d,462.609523631282,159.24180437264
185,US Highway 19 N,,,,,1e2acdad-acd0-4a84-af57-642a1acc83a6,743.603481631171,257.136170671559
186,S Ft Harrison Ave,,,,,03595788-8ab6-4e03-953b-5af87c1db1f5,274.062244621645,94.8350938619389
187,22nd Ave S,,,,,0b3e7510-536e-414e-aecd-b52d400da3a4,330.982756862606,113.910402308389
188,US Highway 19 N,,,,,8ba3fd69-8987-474e-a3e8-c499adcd0b1b,544.075059381201,188.572183902317
189,Gulf Blvd,,,,,fd899251-c2b8-45bb-972e-b7ff11789746,601.543391898535,208.117365301934
190,Park Blvd N,,,,,a930cacc-e42d-4a85-87a6-69c39051f5dd,656.913649151712,226.274120247086
191,Edgewater Dr,,,,,1e8f47bd-d0c8-429c-b69e-be7c1c8bb4e1,402.464831313049,139.54797827188
192,Seminole Blvd,,,,,3c1e0f0a-bf7c-42d2-b9ff-12b1e751c435,134.504888424833,46.5677826827066
193,Gandy Blvd,,,,,1f58f491-6187-4798-9df1-ae807adeaa1e,378.721347370283,130.771847982164
194,Dr Martin Luther King Jr St S,,,,,83b01817-3e02-4df6-94a0-4a79ee296c23,533.817913442329,184.675062932893
195,Main St,,,,,f6d5c2d1-fb38-460f-a704-dd6c3e11e84a,101.191933020023,34.912580708522
196,Central Ave,,,,,1a92a964-749c-45fb-abac-9994afbdad44,566.322375469245,194.942811881385
197,Pasadena Ave S,,,,,cd5fe99f-4894-402b-aa95-3f33602889e6,119.118389240919,41.1991542444197
198,22nd Ave N,,,,,1d7ec1b4-526d-4d7a-bb9a-de076f77d4c4,317.7020497175,109.383779948368
199,SR 580,,,,,47a79f43-ce2d-47f9-831b-06858bf9c7b1,789.572402255034,272.412812110719
200,Ulmerton Rd,,,,,6d8e983a-5164-498a-b7ef-9040479dcdaf,398.957762405198,137.486721969053
201,I-275,,,,,0dc6522d-92be-42a1-a7ee-0d53a4795f07,1039.85908804565,359.638776011788
202,US Highway 19 N,,,,,25a28b23-3e59-4429-a418-4a149f638c3f,963.753117295338,333.634259628613
203,I-275,,,,,9192c223-79de-45f1-84c0-cb7b6af1b3c8,729.854131666018,252.673552379824
204,I-275,,,,,eda331f1-eeef-4c3d-9c6b-3e71e270f826,426.613648803779,147.729746572168
205,Gandy Blvd,,,,,2559f7c8-af10-40aa-80fe-fb725a2a5d97,285.371337138115,98.4002553858539
206,SR 580,,,,,7029f14d-d607-47f0-b8d1-d382fcc7d14a,101.276421038435,34.9416861045545
207,Gulf To Bay Blvd,,,,,04fe4fa3-288b-414f-9f3e-a92ef4c3f826,83.5756674475251,28.8229037205643
208,I-275,,,,,50961406-8f60-4017-9056-83dea8792683,238.716568147597,82.593990270937
209,38th Ave N,,,,,9f1dea50-67c7-43e3-8d80-fd0c77303967,208.649843011722,71.8471233098031
210,I-275,,,,,cd817e7a-3253-4493-84f4-76f1374df4c3,360.469579087076,124.773620675565
211,Roosevelt Blvd,,,,,865249cd-59e3-4a9f-8a8f-f84d2003f789,453.916688168775,156.751120047672
212,East Lake Rd,,,,,55e1536d-b21d-4452-9c0f-043984326940,1679.65688194584,582.993618376978
213,Gandy Blvd,,,,,71417659-d29c-427a-8550-83b3d5b8421d,181.641558180754,62.6851179671422
214,Seminole Blvd,,,,,8f927934-bce3-468c-b21a-ea928a37492b,103.300646417364,35.7720536133313
215,US Highway 19 N,,,,,061481f4-0b6f-4d21-a6a5-5965f7f5b8d8,75.9871916801919,26.3756321567311
216,Dr Martin Luther King Jr St N,,,,,faee4985-8f65-4928-a509-f20e34b638f6,268.811676201792,93.0318040565931
217,Gulf Blvd,,,,,048d090c-1ca2-4b2e-b822-045355fc3f37,67.5399804944124,23.3246350067228
218,N Belcher Rd,,,,,795b488d-6e04-4946-aa6d-4f9395510c98,1532.16354462923,530.38087471346
219,Tampa Rd,,,,,5848d15c-e028-4570-9d56-561ce8e52906,251.319963805401,86.7792398191699
220,Broadway,,,,,2cdd8ab1-08c6-4a5d-8d22-fad08bfaabea,241.95852020343,83.9125970773616
221,20th St N,,,,,a479a32f-ce92-4bd0-aa44-e7d7a298cc6c,350.001784025539,121.118544157823
222,20th St N,,,,,99d47b96-5649-44f9-8f3e-3897c0836bf4,330.106835819906,114.234869662586
223,Seminole Blvd,,,,,4c7e2c74-48f8-4600-8433-d7e0419d4e02,1768.09650259367,611.473352044981
224,Bay Pines Blvd,,,,,0f64d8d5-1e50-49fe-806f-5bcdd775ad16,3121.45767880348,1075.32409275472
225,Seminole Blvd,,,,,e7755be5-616e-40af-8537-4316724c7a16,2400.73803374181,827.712751389736
226,US Highway 19 N,,,,,a9b6ba60-e8a6-40f6-bc93-5c0427c42752,636.002282996801,219.950105427983
227,US Highway 19 N,,,,,e10df408-b9ea-41b4-8e76-9ae869afb52b,1277.54910253838,442.376140591715
228,US Highway 19 N,,,,,d832183e-cf7c-4019-9b73-446bbdfe261f,2088.09146773243,722.444684026517
229,US Highway 19 N,,,,,daed06be-7dcf-4376-b132-5992aa15d1a4,1198.0223883558,414.3493832114
230,US Highway 19 N,,,,,5059dfde-65f7-47fe-92a3-5e0a8c00b666,985.870331812568,340.938209285079
231,Roosevelt Blvd,,,,,0d577b89-2201-4a3a-8f9f-9d5649b3ebec,1245.50094856842,431.165139514409
232,I-275,,,,,1938f6e1-7fbc-485f-a75e-5c45bac4c9b7,3603.26293487809,1245.56787882841
233,I-275,,,,,b9b11d58-b7b9-421a-8d25-5b818f489f47,2183.29776781368,753.65949451335
234,I-275,,,,,2463fad1-1e28-4040-91c7-f24f0d4e79f1,1222.42553280726,421.329191363417
235,US Highway 19 N,,,,,60d28c69-fe96-45b0-952e-7fcafd1137a6,396.16953728289,136.948060273593
236,US Highway 19 N,,,,,a6f70a61-d011-43fb-be5f-22a8d9aa7c55,1011.91982570618,349.434345211192
237,I-275,,,,,5020d993-ce55-49d4-81d9-678dca125591,1351.93630442333,466.869065850075
238,US Highway 19 N,,,,,81812f1c-f3c2-4cb6-b09e-864293db43cb,217.630767223141,74.9888046120732
239,US Highway 19 N,,,,,9652d331-2b15-40c0-8711-ea4ce9a89042,163.722504831407,56.4480510549119
240,US Highway 19 N,,,,,dabf64ea-de06-4ebb-a9df-7a5f51dcf43f,211.395147981039,73.0176558351995
241,I-275,,,,,06445d34-dbe6-4c6b-877d-c46686193e84,1374.77110872136,475.28499595262
242,34th St N,,,,,24faa30c-92d1-469d-a233-c84652029c19,334.905377198503,115.941825977052
243,Gulf To Bay Blvd,,,,,39aa0857-0c62-4522-afd0-54d17f0245d2,469.735911474257,161.977783328059
244,8th St S Connector,,,,,03c44e8e-c68a-492f-9e23-54ab84351783,207.191354073686,71.6224179235807
245,66th St N,,,,,100ac894-0f41-4209-9157-b27d38e07c0c,271.40932876453,94.0268340983339
246,4th St N,,,,,f744c12c-4d64-489a-8e14-7025a77b9170,181.343957106367,62.7953560108009
247,4th St N,,,,,857cf60f-e9a2-4e80-a7bd-15a06205d933,176.752759013567,61.2044772965505
248,Clearwater Largo Rd S,,,,,967aa12a-6466-48a7-9cf3-fa31799822fd,242.185461066259,83.9160252178303
249,CR 296,,,,,2e4fc0d8-b753-49a0-8317-bda42ab6329a,540.701967185215,186.614811615422
250,4th St N,,,,,741a4023-4333-41d8-b382-bb510f0d85d9,170.61778275012,59.0725470011086
251,Skinner Blvd,,,,,71082508-ce39-4feb-a757-e61d55e05393,252.880125497749,87.2439054393088
252,Skinner Blvd,,,,,46074a5d-ca84-4b68-a5ef-227270e0f3f6,351.647113719026,121.318154317365
253,Gulf Blvd,,,,,09686f89-cc98-4821-b39a-9abc2abb3948,279.436782486797,96.7924786862968
254,Dr Martin Luther King Jr St N,,,,,7adf2407-7317-4798-b09b-337acd22a1f2,168.164831857095,58.2344821567816
255,5th Ave N,,,,,9d643af5-8817-49e0-91de-268afc5796c5,462.016575960088,159.048134282303
256,5th Ave N,,,,,6a6222f6-abf5-4a4e-a025-e4627c2439d9,475.004232317518,163.519143629232
257,5th Ave N,,,,,5e396250-a46b-4ee5-b3ec-a9f13d78e8dd,448.70021809119,154.464412609501
258,5th Ave N,,,,,e52e3677-bf50-4f3b-84c8-9d33a1bb4377,226.323411667162,77.9118599695744
259,5th Ave N,,,,,1bb55b10-49df-4244-9612-1e79d6445b77,214.986120030827,74.0087592035817
260,5th Ave N,,,,,f31b6190-3494-43b5-9463-7b817bd51fdd,437.912738454879,150.751044486425
261,49th St N,,,,,a6d941d4-8d57-4196-b6db-d2dd126d3450,305.976836598149,105.887065572495
262,49th St N,,,,,35c3d77a-1658-4e8a-a7ff-d81b1fa2f0e5,329.062444049495,113.874361269885
263,34th St N,,,,,12cbbaa5-b3bc-4622-a3a3-4b252a440527,337.412379989912,116.77566072162
264,34th St N,,,,,9f3b85d6-4621-4c7c-8be4-a2611676468a,342.201415331587,118.434342782914
265,49th St S,,,,,84143c0a-e8a8-48e7-851c-31a67bafb890,193.0309917723,66.7887150111583
266,49th St S,,,,,321a501b-5580-4288-82ea-75abb8884d15,130.470715016933,45.1431696911769
267,49th St S,,,,,722f9959-b6af-48f0-90fd-38735d8351e8,267.520995072831,92.5639735839207
268,49th St S,,,,,6f1a0504-6412-4eee-8fd5-dfd215c0ffdf,135.519742086927,46.8922825602562
269,49th St S,,,,,757a4eb3-e6ef-4efb-90e2-df81b77e7d67,333.409880794851,115.369343387301
270,49th St N,,,,,5728b149-e012-495e-8ed8-48fbc2a7479a,333.631321966328,115.454581585336
271,49th St N,,,,,10f7a279-a2b9-423b-9fbd-df4ea6b3d32c,324.197841191674,112.189102173598
272,34th St N,,,,,0b690af4-c670-4e9a-bb4a-9d7d0d8628e5,336.037940650698,116.296421512688
273,1st Ave S,,,,,2a0a5ec7-57ff-4ac4-a27a-68b8a0339e5d,438.601478453425,150.978074917133
274,49th St N,,,,,3205cd0c-e804-4c02-832b-a4cddd00e18d,329.704089908038,114.110453316614
275,49th St N,,,,,bdcbd89a-a76b-452f-986b-417d9a28c6af,266.001108417246,92.0616046916033
276,49th St N,,,,,ae32bf39-a42a-4af8-82f7-ea2f51b2a23b,264.604366421661,91.5770188817033
277,49th St N,,,,,b6349052-ceb6-4c3d-8568-7b19bd697036,262.419041417896,90.8199577953267
278,49th St N,,,,,6a95c402-68d6-4d66-95ac-513ef4f69ce7,332.001304501264,114.900826171459
279,1st Ave S,,,,,3c266de1-957e-4dfe-9ba2-6efc5430af0c,452.602071733291,155.797448792318
280,1st Ave S,,,,,765ffd78-8001-4de4-bb69-dd6e7425f78a,441.515881331618,151.980752068252
281,1st Ave S,,,,,cf773a7b-dc02-4080-b9a9-6abd0412dee1,435.704450596122,149.980491301148
282,1st Ave S,,,,,28fab401-3e86-484f-aca6-361a2d584241,472.206773342986,162.545457983245
283,1st Ave S,,,,,82fadb43-07d7-45d6-aa45-b294dcdc1c06,434.004710901568,149.395414188213
284,1st Ave S,,,,,e3fe0141-c1b6-48b1-94cf-91095bd93ee7,442.359201275459,152.271393948885
285,1st Ave S,,,,,48c75a0c-4427-4ab0-8b55-11fd20f7003c,449.477680026603,154.721904379869
286,US Highway 19 N,,,,,659e7e74-6079-46c3-977b-b0589288594d,395.580144460733,136.808517278119
287,US Highway 19 N,,,,,217f1d55-7c68-41c6-be86-905393b13747,648.959191331991,224.383944601287
288,US Highway 19 N,,,,,e06f22f5-0f29-4904-8128-a9990d58d4e6,372.169506227622,128.727676552188
289,1st Ave S,,,,,9635c1d0-42c8-40b8-9f6a-39124b8e325b,476.209904233837,163.923590249533
290,49th St N,,,,,e2c9c707-27cb-46c8-a5b3-a5d086a219d8,347.80499504197,120.429731419958
291,49th St N,,,,,c398304c-6d26-414d-8780-3dd6546c9486,330.002499531265,114.262822985623
292,Gandy Blvd,,,,,975762c4-8193-49db-be83-a3c32daf9af1,163.588821504498,56.4931147363051
293,N Belcher Rd,,,,,485f124d-e97f-4325-9e20-d8680aa03840,134.291712107661,46.5600060448864
294,N Belcher Rd,,,,,3033623f-21db-4374-9a49-bfcbd22fe9d3,347.601026691332,120.505126101122
295,US Highway 19 N,,,,,40401f9e-d07f-44b8-87cf-5155feb533a4,300.061014724381,104.03573100511
296,N Belcher Rd,,,,,5a22ac09-45f0-4084-b58b-1a3b8fce11c9,660.915594416215,229.094433122204
297,118th Ave N,,,,,e760bc9d-2d8f-4e2b-bbdf-0269df8b69bf,327.213003937578,112.74802392034
298,54th Ave N,,,,,e1d6afe6-f819-495e-b335-767bfc479a3b,189.501246073272,65.2615275987308
299,54th Ave N,,,,,ee04e33d-8f20-4574-9b49-a467855e1dca,186.477897082776,64.2203559384402
300,49th St N,,,,,2cea886e-4dd0-4d35-96d8-c3c62382fadb,275.751458483967,95.4567382479661
301,49th St N,,,,,a5cda127-12a5-41ed-a114-5f1e70c8e9d6,301.340762618525,104.313538873922
302,49th St N,,,,,caaf7247-41d7-49d9-8ff6-fac822375e85,333.612333537337,115.482979305146
303,49th St N,,,,,ae95c200-7ac3-4d70-9184-148e700739b1,256.152478809374,88.6676831316602
304,49th St N,,,,,736e23d5-a318-46cd-b492-9799407ece0b,328.99476707993,113.880524222321
305,49th St N,,,,,f58851d5-5d6e-40f5-80cd-db19a1a095bf,336.594274075742,116.509616310588
306,49th St N,,,,,50519c0c-0bdd-4188-ad51-36a37f5c64be,333.489219560772,115.43291053976
307,49th St N,,,,,9213cf6c-6127-4c4c-8483-8599b780927b,326.749442123017,113.097025542531
308,49th St N,,,,,38cd165a-8441-4699-b320-c22f113057fa,310.814822116158,107.448994024882
309,49th St N,,,,,57ea4791-0bac-4c42-9b03-cc85bcabf700,131.181948990593,45.1848162249689
310,49th St N,,,,,2d08a138-58b7-4d47-892b-75d9fea5e41a,275.310177238827,95.30459507016
311,49th St N,,,,,309890f2-742b-4b3f-86d9-023cc52b46f4,179.227482985741,62.0453507391146
312,49th St N,,,,,be53c9d7-8f94-4296-af68-343a1dc3cc2e,228.439091634107,79.0825146627718
313,49th St N,,,,,ad0ff967-f304-4083-9460-e9342f921597,292.3023452637,101.187579123242
314,22nd Ave N,,,,,01a9f2dc-4b54-49f9-9745-bafc1c98e7e7,459.401651293751,158.169034852946
315,22nd Ave N,,,,,f441fed0-1d6f-4cdc-b2ef-8ece688a77ac,204.547810173241,70.4244868688326
316,22nd Ave N,,,,,805900ad-3734-456d-bb3b-712be2bfb327,459.410622751092,158.172167317452
317,22nd Ave N,,,,,a79f8c70-a1c2-4800-8ae4-3b5ac4c9e25a,424.202896512304,146.050399491408
318,22nd Ave N,,,,,ac06b143-f68b-40da-9531-1fb147d06ada,130.195935174597,44.8256810608532
319,22nd Ave N,,,,,08904565-5fa4-4c7f-8e2c-721e3ac706b7,330.908965004083,113.929944216282
320,22nd Ave N,,,,,c57f98f3-24aa-4407-bff4-efab7c974055,409.416230197757,140.959593701018
321,22nd Ave N,,,,,0decb2cd-a15a-409d-b1be-8bbf4cd30570,673.301396309819,231.814106058666
322,49th St N,,,,,07cd6a94-ef2c-4bf4-b07e-261bdcd947c1,290.14246489399,100.450601656931
323,38th Ave N,,,,,481475cb-92a0-426f-87d8-cd633bcb9294,457.638259044729,157.583007452342
324,38th Ave N,,,,,d2e05ab2-8662-4ae8-90a9-076718d57504,283.001862739449,97.4488849684444
325,38th Ave N,,,,,5bcafae5-d18c-4081-9216-6ebf6509bcc8,250.129108142747,86.1295434572219
326,38th Ave N,,,,,430134e6-9b68-4040-9d00-885d7637db0a,333.005984280165,114.667580436808
327,38th Ave N,,,,,ce77c987-9954-4d36-888c-15082209590c,280.477984363873,96.5802491059659
328,4th St N,,,,,f03c63dc-1f39-450d-9fbe-c58b32bcabc8,208.20079432659,72.1076419563548
329,4th St N,,,,,bca5d582-a63b-4268-9b9b-adb2e6d86510,329.995884523528,114.287931909494
330,4th St N,,,,,a8bb1004-f7ab-49e5-8c33-62969c9d387b,327.253994832611,113.333676968554
331,Roosevelt Blvd,,,,,9d382822-0a84-4197-bc55-bad143fed5da,2250.47384237133,777.283855527497
332,4th St N,,,,,ab683166-7c77-4fea-b82e-982e54a7a2b3,140.706397754984,48.7218197743377
333,4th St N,,,,,59151b02-8a00-47e2-9dce-d47de4da1d07,457.039879776156,158.247463988867
334,4th St N,,,,,552852d3-0606-4d56-b3bc-3ce7467cd1ac,325.7279477966,112.779168351954
335,4th St N,,,,,a77a486f-7898-4d3c-a36c-a0d6b88a84a9,330.912749750578,114.569258149475
336,Ulmerton Rd,,,,,a35613b5-d3a3-44e2-9670-8f193b8cb1c7,477.810625269226,164.662107284101
337,Roosevelt Blvd,,,,,a85b5b15-5ea0-41e7-8f79-b57d33bfcd6f,359.535086324509,124.143600527475
338,Park Blvd N,,,,,d3eb3a5f-4663-4909-a088-dcaef52c1225,168.819982305007,58.1500375979848
339,Gulf Blvd,,,,,a5d9ad98-2aea-4547-af4c-9a0844e72aab,140.688754990318,48.6560649024888
340,Gulf Blvd,,,,,e6ba669f-ef60-4ced-b509-12a1d293a525,270.358616861621,93.4529480453864
341,Gulf Blvd,,,,,340d49a7-4ee2-4540-9b9c-9adbcf311a43,168.824283901223,58.4039904093777
342,Gulf Blvd,,,,,c734f33a-9aa1-41cb-b4b0-5aea64954000,292.96300506685,101.484224566024
343,Skinner Blvd,,,,,351e1247-8a8b-4353-9ff5-6118ed252682,369.246799581282,127.424151348332
344,Skinner Blvd,,,,,038537b8-0635-4e54-b119-f97e31a26ac0,245.670310762136,84.7559618797875
345,Gulf Blvd,,,,,8c802910-237c-4673-849e-cc063a65ac50,159.262274394373,55.1089844475723
346,Gulf Blvd,,,,,ea6ddf0f-3fae-467c-afe6-fe306121d353,163.472212372642,56.5561553527681
347,Main St,,,,,c850ea3a-a39d-47c8-b37f-69c3e027c49f,176.449001744598,60.8839980360802
348,Main St,,,,,51783ed9-dcbf-4243-b667-8743e0534ca7,47.1521410501658,16.2812891273359
349,Main St,,,,,69d803d6-4126-4235-bfe7-9cc0ce80a3a1,481.88184659235,166.285690536429
350,Edgewater Dr,,,,,f5d6d0fa-3f8e-47ae-a8f8-0d764e2db3b4,198.152012693411,68.6966375169334
351,Bayshore Blvd,,,,,1bcd9847-cce3-494c-9e05-dc94cbbe7ad5,753.702293318969,260.717384425969
352,Bayshore Blvd,,,,,cb26a855-e95a-4367-8ae7-a1dae6cba088,908.522146338836,315.077009937861
353,West Bay Dr,,,,,c8730e83-d520-48f9-a896-5512465168a2,374.09560621865,128.944301395905
354,West Bay Dr,,,,,e5a02222-a751-4f01-9ec3-ae1c93559815,119.645852774065,41.2397769530116
355,Gulf Blvd,,,,,6730f1da-34ef-4037-ae6a-ff4c6abcb945,637.243869723636,219.866932205036
356,Gulf Blvd,,,,,31d7ec57-3b69-45f2-af56-a8881c648eac,299.770510807425,103.844991449832
357,Gulf Blvd,,,,,298bbcd2-e156-41cc-b517-5fceb3b66a53,280.351549161847,97.1143509787444
358,Gulf Blvd,,,,,20bae5e2-b41d-4923-ad47-83a387d7beb9,349.549876898054,121.086211484276
359,Gulf Blvd,,,,,046b5396-057a-46e6-9e57-b54c3fb410bd,152.211997159055,52.7340143444682
360,Gulf Blvd,,,,,f1fa37f6-12d0-43f5-97fb-6be10373f3a8,275.094504971122,95.305490522542
361,Gulf Blvd,,,,,46e71ea5-e0c1-479e-b999-e278ab2e8452,279.094726301836,96.6882344382332
362,Gulf To Bay Blvd,,,,,ce846fc4-5533-4c73-980e-56dafccfefe2,290.997278420513,100.344153989146
363,Gulf To Bay Blvd,,,,,5d7b8a29-d79f-4ab5-9074-f3f255238e16,554.783767874758,191.304295685437
364,Gulf To Bay Blvd,,,,,7f24204d-deff-4321-90cd-0a66cf720227,391.238051383083,134.908916527437
365,Gulf To Bay Blvd,,,,,7692b612-9278-4f2e-a55b-1a1ccbd402ff,264.613321797456,91.2454664113648
366,N Belcher Rd,,,,,49f0cdbf-0d27-4e6a-bf31-8a9c0db920cb,967.963662851358,335.670901430219
367,US Highway 19 N,,,,,8bca34dc-450f-459d-993a-e4fe3f8c9300,347.880622447615,120.658155815464
368,US Highway 19 N,,,,,e888ebef-3b6e-46e6-ba60-dac037527836,416.892860825442,144.239281968312
369,SR 580,,,,,a6f57855-c8a7-4ed6-8f6d-b392d05bd199,644.686715898587,222.425662912405
370,SR 580,,,,,f8cac67c-fab5-447b-9e66-eb4a2c2a7875,954.69578186771,329.382848905354
371,34th St S,,,,,377bf1cc-f29f-4fcc-b690-165c6a5a3b0f,220.200698113173,76.1853504874468
372,34th St S,,,,,464a5ddb-e4aa-4391-af19-954def5b4bad,122.105101969207,42.246281696816
373,Gulfport Blvd S,,,,,54f67929-fbe6-4c3a-bc12-6cf1a4cf3ca7,129.378277092284,44.5263769055133
374,Gulfport Blvd S,,,,,cd38b6bf-5d48-43da-bb65-0e80d2b60a91,327.220747852826,112.615413984784
375,34th St S,,,,,0b33355c-2b09-496c-822e-75e7c1dbf6e5,321.001326502878,111.061582507915
376,49th St S,,,,,83bc42da-90d5-423c-90c9-98bc5fdb4402,370.435065413764,128.165358348217
377,22nd Ave S,,,,,c3fbca7c-4907-41b1-a2b3-91df5aa7c430,97.0067132701774,33.3858700957249
378,22nd Ave S,,,,,dacc9446-39f9-4a16-a728-db6c8226177f,329.813833810393,113.507896674642
379,22nd Ave S,,,,,e2f68aef-2f6f-4684-9326-01ff6b8df22e,263.009487053822,90.516850313584
380,22nd Ave S,,,,,d70600e0-e1ed-44cc-a3df-2810b606a9f3,136.480094075584,46.9710240377668
381,22nd Ave S,,,,,47499426-e0c3-443b-a9fd-154ac2a05480,656.019350440054,225.774715564833
382,22nd Ave S,,,,,458e94db-128b-4f89-b001-c2aeb0207ff9,326.001544950225,112.196312497618
383,22nd Ave S,,,,,8bd68b3a-4dd4-4967-8857-8e134d319e0a,73.7496107106025,25.3815796714682
384,22nd Ave S,,,,,09273531-3de6-4535-98e2-5c4b3b0b4934,185.678484491527,63.9029258539445
385,22nd Ave S,,,,,7e42dc10-e99b-4437-80b1-4d6696255d31,169.962211382841,58.4943706819942
386,22nd Ave S,,,,,570628da-e6c0-4d53-894e-44277dcb1bd1,141.808951579617,48.8049820687236
387,22nd Ave S,,,,,0100e38e-bf68-45d5-872d-d1f29bae87c9,157.301443278315,54.1368765151916
388,22nd Ave S,,,,,fbc6767c-60b6-4c7a-9367-4b89bb3e8fb0,165.518701694955,56.9649398880377
389,22nd Ave S,,,,,7884339e-db2c-44a5-8045-cc1062617f68,164.340878668395,56.5595865374832
390,Gulf Blvd,,,,,3ee00d04-8396-4195-83f9-0f1a6f17d9c6,206.876975502567,71.4537547764718
391,Tom Stuart Cswy,,,,,caf412e2-1258-4c55-8335-3ea1467083b6,273.310423041707,94.3989492159562
392,Tom Stuart Cswy,,,,,f75f0cbc-bdfa-46ec-b976-0b90129b7cdd,580.595507313142,200.52843425514
393,Seminole Blvd,,,,,cb857891-cd84-4e60-ad1c-c7dabeaf52ed,141.843749037382,49.1042633985858
394,Seminole Blvd,,,,,369b2b9a-8152-4f58-af9c-639c8666c4fa,111.096898786973,38.4595272273093
395,Seminole Blvd,,,,,dc068b16-1e7b-4931-a891-d9361487b3ba,419.86695564069,145.35579656519
396,Seminole Blvd,,,,,d57718a8-0e35-4e13-9911-649e3e9a0868,126.339478726602,43.7371217698863
397,US Highway 19 N,,,,,7c134ee7-a204-4621-8224-c5a4a5ab1adc,426.797341992182,147.679938643394
398,Gulf Blvd,,,,,98ca2e7b-b5a3-4e68-a1e2-1d747c95d3cf,524.706823783404,181.034922617118
399,Gulf Blvd,,,,,d7497faf-597b-4a55-8ed9-cf537069da14,548.831107898062,189.348899724024
400,Gulf Blvd,,,,,b4e88ae2-740a-412a-ae82-b83cebe15d2c,78.5806201565893,27.1381593567565
401,Gulf Blvd,,,,,59c2835a-1639-4c3e-9ffc-91ff008a1105,443.131602082492,153.015604249705
402,Roosevelt Blvd,,,,,a161de17-aee4-46fc-8b16-32cf4a65b61a,343.829832092133,118.513553955281
403,East Bay Dr,,,,,ada8ff47-c289-4060-815c-8d1b430f4cbb,272.501227352595,93.9274293593423
404,East Bay Dr,,,,,5c3b66c4-baa3-46a4-8b6b-53fce7624270,254.609412411806,87.760646821283
405,Roosevelt Blvd,,,,,08e4b6fd-deb4-4785-afc8-c6adc4549caa,345.171395496825,118.975914548657
406,Roosevelt Blvd,,,,,2097ff81-b948-4e3a-8241-a16ff11d343d,170.324727502808,58.7085863427026
407,Roosevelt Blvd,,,,,73703230-bd7c-489e-81e8-a5daf67c422e,134.656208094848,46.4142586379827
408,Roosevelt Blvd,,,,,dda99853-b9f4-4dd7-acf4-648389b66ce1,398.738642799766,137.440613144811
409,US Highway 19 N,,,,,3a207c79-e6d6-4f5a-87c9-e32d188e3caa,404.406689290609,140.175875164203
410,Ulmerton Rd,,,,,e74b97c9-e966-4a30-840c-f59ef5ab24a6,49.2652998170672,16.9775522036634
411,S Missouri Ave,,,,,5e2f7ba4-5fbf-4803-9b38-1667049a867d,394.566536693759,136.751277195792
412,Lakeview Rd,,,,,a83b4cb5-cbc5-411b-a772-0692a0c8e301,143.3386546612,49.4207175944561
413,S Ft Harrison Ave,,,,,eee752cc-008a-4822-b2ff-7df35d0ad0eb,340.842480001988,118.128789708852
414,S Ft Harrison Ave,,,,,da4dd66b-4b36-4b88-b834-403a41ad181e,311.879214572872,108.089789072625
415,S Myrtle Ave,,,,,8ea2744f-752c-430a-b59c-0a666ae0734b,418.136557992894,144.937171984437
416,S Myrtle Ave,,,,,5f93ce73-7a28-4299-a14a-ed5e07611bc6,377.338340048388,130.800957162715
417,N Myrtle Ave,,,,,91878bed-2380-4086-b1d1-d901c88efd41,311.062256713571,107.829972967479
418,Chestnut St,,,,,80cfa152-ef62-4624-a1cc-28aa3823c2d5,277.598868090235,95.7224577304968
419,Chestnut St,,,,,e5023863-277a-4dec-9513-f13a93c2af67,272.150415354177,93.8642916899381
420,Court St,,,,,64518e7f-5ae8-442d-9ded-c4d95bcfaff1,589.005312778751,203.10293977019
421,Court St,,,,,e2ac6cb9-ce83-4e4b-ac70-6e6caaef1d3a,671.799566653537,231.65211014215
422,Court St,,,,,ed2d4559-aa68-4b97-8fa7-14a9c3c84995,342.438233051164,118.080875028672
423,Chestnut St,,,,,5892c697-3631-4081-a216-d4ab07c96b27,481.906971324487,166.172756449675
424,Chestnut St,,,,,b75b0a7b-d933-4819-99c6-93128ee0487f,321.956997238936,111.018310529533
425,Ulmerton Rd,,,,,fb47c224-4b1e-43f4-8f01-5707b524c78e,259.817747600408,89.5370589298121
426,US Highway 19 N,,,,,25159f4f-731a-479b-b803-62f11aec50a3,313.166696068938,108.521640752085
427,Dr Martin Luther King Jr St S,,,,,2d195314-8763-46ef-a0d1-a55f2c308b98,373.628542095735,129.251743461099
428,Dr Martin Luther King Jr St S,,,,,ccfda523-0b40-4713-87c1-9636f27bce17,393.065561755822,135.759830855975
429,S Missouri Ave,,,,,89e841cc-9003-411b-b32a-ed7c1494a094,229.107671941732,79.4161995593094
430,34th St S,,,,,3eb7c09e-eee4-4a91-9d9b-22d566aad956,359.799372904005,124.464579196974
431,54th Ave S,,,,,396885e5-fd98-406f-b056-39c8441c0a65,504.697460277793,173.65034739571
432,54th Ave S,,,,,67f4140d-64cd-4d6c-b32a-dcb262d197f8,284.315310277242,97.8239147299324
433,54th Ave S,,,,,511ca8c0-3ca9-41b6-8f9e-f69e1f282087,522.336914332046,179.719492139929
434,54th Ave S,,,,,5d722443-2f12-451d-91cb-01a71b720719,456.991712856363,157.23753436507
435,54th Ave S,,,,,a789f9b4-23ee-42fe-ac58-3eb92f912b42,298.821914400085,102.815293421746
436,22nd Ave S,,,,,bc065dc6-82cd-46ad-9408-ab060d78ac70,269.887419853569,92.8846274365879
437,Dr Martin Luther King Jr St S,,,,,b833e92f-d632-4783-b06d-e976722f0e12,262.418914619661,90.7868243077982
438,Dr Martin Luther King Jr St S,,,,,624113c0-42ea-42df-929b-3b1f58f934c0,336.131946110987,116.294188388147
439,Dr Martin Luther King Jr St S,,,,,0580da09-2afe-4090-b6ac-cda55aa00703,86.8423176069487,30.0469182518674
440,Court St,,,,,e6771150-d153-4c8c-8225-1a41cbe75441,657.368913225798,226.677179876414
441,Gulf To Bay Blvd,,,,,e29cd341-4d0d-4791-9e5e-f4a85dabeb5c,81.6773300946878,28.1643282143905
442,Gulf To Bay Blvd,,,,,9a29f30d-dcaf-4d39-bebf-717a5f43a1c9,341.800950850618,117.861511798304
443,Gulf To Bay Blvd,,,,,52327991-43b7-4c02-a327-0451394677db,159.767424474279,55.0916962304896
444,Gulf To Bay Blvd,,,,,a0630b3b-2895-4b65-b438-06f1b15add9b,185.840418751719,64.0823716362616
445,Gulf To Bay Blvd,,,,,01e631dd-f21a-4d43-a36c-497ccf29a557,686.489563704033,236.718603764137
446,Gulf To Bay Blvd,,,,,101e642f-8ab9-4c1e-a19e-8b3fe9a7f982,323.475539351965,111.542221024947
447,Gulf To Bay Blvd,,,,,78444969-77cf-4b76-9373-9474a60a6d36,333.793336195851,115.101925847298
448,Gulf To Bay Blvd,,,,,e47d288d-97d9-45ec-937d-2fbfdc08e291,339.381618078676,117.027080372529
449,Gulf To Bay Blvd,,,,,d911f4d2-abcb-4c39-a5d4-ac8cd40aac4d,367.057936561151,126.570437863494
450,N Myrtle Ave,,,,,6af21f1e-3b98-4466-9bc3-329fef3deed7,140.321529920805,48.6474187291053
451,N Myrtle Ave,,,,,188edb09-3b51-49ab-8f47-bbd79a9dc0c0,179.280841968442,62.1536105364923
452,N Myrtle Ave,,,,,31ee4f0e-552e-408b-baa8-602ad648756c,148.146077764906,51.3594876354621
453,N Myrtle Ave,,,,,9ac44acd-72d4-45b2-875a-7483e89a9cbb,290.124344049754,100.579478092357
454,N Myrtle Ave,,,,,73257532-e5e7-4b23-996f-a16956524b0b,382.524104453902,132.607085808378
455,N Ft Harrison Ave,,,,,1d6e6378-9348-45bd-bcc4-02871d82a236,140.776233026916,48.808776421784
456,N Ft Harrison Ave,,,,,c69d04c9-7300-4bb7-b3fb-5e09756a4f1e,196.356880777105,68.0795439236352
457,Park Blvd N,,,,,7df16a58-0c70-4b7a-8c40-07cbe6a1b4ad,51.2824005444986,17.6639139391107
458,Chestnut St,,,,,e72d9867-bf26-4662-ac4e-094d960782ab,11.5245241618824,3.97392158673162
459,Gulf To Bay Blvd,,,,,6c364eab-d1a0-46ab-9574-cea833d6a63f,236.529387191779,81.5614756244348
460,Gulf To Bay Blvd,,,,,08e0a847-37aa-41b1-9e75-3561553676ec,75.000506172827,25.8620091622212
461,Gulf To Bay Blvd,,,,,148dea6c-5824-4707-8ca7-ec64428518ed,335.624956761913,115.731755628827
462,Edgewater Dr,,,,,a90168e3-b6bd-4562-b9db-682cf8da3458,343.033935479932,118.954410634441
463,Gulf To Bay Blvd,,,,,76e7a04c-b9e2-4fb8-89f8-a4662905f3d8,288.143389656566,99.3590207634292
464,Edgewater Dr,,,,,1710d472-8e10-4023-bd2f-054c6e952030,688.934296638983,238.849449167527
465,Gulf To Bay Blvd,,,,,f6ecd4fd-f61f-4039-b9c1-fbde58a415f4,282.426554983527,97.3877077336523
466,54th Ave N,,,,,c7ae4e8a-3b5b-4191-8722-c9885773be87,186.440687682636,64.207362912503
467,5th Ave N,,,,,37437eb1-0174-4cf5-b144-44444c26e859,645.475670057237,222.203132270933
468,5th Ave N,,,,,37307f95-3816-4d5a-ab59-c86526934502,439.703511486894,151.366778814091
469,22nd Ave N,,,,,9daaeca9-e7e0-4306-a33a-0ce61ea18fb8,428.855536681166,147.651885145303
470,22nd Ave N,,,,,25a44451-df60-4912-99d6-0f64adb74131,144.239942025117,49.6610480256144
471,22nd Ave N,,,,,2a5aa16a-b154-42c3-b170-e9f873e934f2,407.010848083868,140.131200809402
472,54th Ave N,,,,,128b2dd6-ded5-4032-8569-47416ad26c31,143.467443830416,49.4081421457316
473,S Missouri Ave,,,,,b4fb1a50-7bf4-411d-b5b5-dfe4ecc9cc1d,206.31390842838,71.5113283154309
474,38th Ave N,,,,,f29009bd-734b-4362-b151-86c1e285a587,315.000354258906,108.466309249044
475,Gulf Blvd,,,,,9d4a2aaf-4440-47d0-a8e8-70bff9f6e612,281.579462712731,96.9911572472896
476,Gulf Blvd,,,,,42931be2-6fca-4518-815b-83a5cb3db634,254.16853556159,87.9285557141902
477,Gulf Blvd,,,,,76d92ea5-de28-444d-bf87-60159890c89d,225.786704940208,77.7206314087943
478,Gulf Blvd,,,,,423c9c26-8904-4d46-ab42-adec2a10353f,527.788003957738,181.680813202549
479,US Highway 19 N,,,,,58beea9c-906c-4a55-b4ce-bb6d5ed30168,467.751889025564,161.774312209502
480,66th St N,,,,,d54ee80a-61af-46a6-a5b8-18cc79d752fb,210.419450004966,72.8865474240422
481,66th St N,,,,,e74c78de-5a1f-4041-8c7b-eef9f79cbe0d,224.617142692412,77.8040264968169
482,Tyrone Blvd N,,,,,6979afa3-adc0-417d-a875-f578f6e47098,359.353501603019,123.934140991153
483,Treasure Island Cswy,,,,,8d43e21e-283d-47c0-8056-c91048dac482,541.303715606671,186.329606574781
484,Bryan Dairy Rd,,,,,35afeaaf-4d6b-419b-966d-463ec5ec4ebd,641.742822833331,221.109549276292
485,Bryan Dairy Rd,,,,,30923189-901d-4b8b-97b4-cccc47e3a16b,292.106342830883,100.644979317908
486,Belcher Rd,,,,,8f451d34-acae-4698-b2f0-98678e0a9785,512.54043635699,177.532716015296
487,N Belcher Rd,,,,,b475bb7a-9c0d-412a-b421-fb3c8319438e,268.847123484816,93.2000240925011
488,S Belcher Rd,,,,,9c0e6e9b-16be-4550-8145-c8cb82603c79,167.41777677629,58.0291063952132
489,S Belcher Rd,,,,,cb94d461-da71-4c7d-a6c2-eb1d7b6e7071,251.889208550183,87.3098613520331
490,S Belcher Rd,,,,,5839f7e9-df73-46bc-9263-d91f51212591,216.105648621738,74.8955839907361
491,S Belcher Rd,,,,,f0437dfa-e5cd-4125-ab0e-529d6895f7ee,124.173118081777,43.0325372503695
492,S Belcher Rd,,,,,c391c456-9025-4f9d-b2c6-2d5a7ea4b6b9,1336.9245498933,463.421253119612
493,S Belcher Rd,,,,,05fc7b58-326b-4c25-8b64-0b4c7112cfe3,263.504828696616,91.331281876107
494,N Belcher Rd,,,,,c462cd73-8c0b-4401-b039-b2e701619209,152.895364123135,52.9859149572525
495,54th Ave N,,,,,9789db89-b1d7-4464-9fa5-7e7a71ce0cc0,663.207030454027,228.400419975735
496,54th Ave N,,,,,f387f5dc-cd0f-4f6e-ae28-c0d1c980e2ca,389.00503300271,133.968752580559
497,54th Ave N,,,,,22c08910-d007-428a-a8a1-f949d94d3a79,284.544755298188,97.9950002030989
498,54th Ave N,,,,,caa6bf2e-93cd-45bb-8b1f-ced94d8a6a3e,282.611199842296,97.3281132380221
499,34th St N,,,,,615edf94-c908-45e1-9871-cc086b74bb6f,333.01608017317,115.294224501346
500,34th St N,,,,,04f88524-f09d-4bd5-9205-c9295ad4fd0b,331.418997945586,114.738633729495
501,34th St N,,,,,d821c2ec-2975-4429-a54b-78f8e7185084,326.963289075794,113.195102464021
502,38th Ave N,,,,,29059e4a-b4ce-46ee-9c20-55e10490ebae,260.004453575709,89.5302137163805
503,38th Ave N,,,,,cd755e00-8001-4ab0-8756-f6f8c6659eca,134.904263686168,46.4530985609204
504,38th Ave N,,,,,98d5b3e8-6aca-4d12-8d84-63f77ef8b66c,659.007461047029,226.924101419574
505,38th Ave N,,,,,c84879af-c15e-4760-bf25-50d95d831a01,266.113410386061,91.6342995798454
506,38th Ave N,,,,,b1ae2276-de70-4ed8-b8c3-e112d0d34af4,269.221697521,92.7045709481313
507,38th Ave N,,,,,edcb637c-106f-48a0-b838-d7e2ef1fd941,141.749712754287,48.8104932508392
508,22nd Ave N,,,,,c7fc4e16-b74e-4bf6-81dd-9e82fb2af18f,663.169381068475,228.326261283129
509,S Belcher Rd,,,,,429e2249-03a5-45f4-bd9e-773246494659,174.147967145453,60.3344818750196
510,S Belcher Rd,,,,,9524931b-2881-4603-812c-071e4ae0748e,190.457208721914,65.989195213374
511,East Bay Dr,,,,,908f980c-52d8-4a14-827a-5ec39626b510,185.682400358084,64.001908435204
512,Ulmerton Rd,,,,,0fe27e71-42cd-43d4-9473-43e7eabfb868,280.866455408647,96.7905973352514
513,Ulmerton Rd,,,,,78bae184-8350-469d-b01c-e3c6cd0caddf,578.066225106582,199.210477672486
514,N Belcher Rd,,,,,3735350a-708e-4147-8dd3-afadae128081,488.741272190868,169.358412240649
515,N Belcher Rd,,,,,898cc463-f95c-4725-a1b3-eeea3773232d,262.103220011965,90.8180546055421
516,East Bay Dr,,,,,ef0c3db7-7e2b-44ff-ab95-7a9344be603d,36.4927264648085,12.5787215478347
517,East Bay Dr,,,,,257fe617-46d2-4da6-99b7-4f9fff929b68,229.902218505851,79.2436442960895
518,Roosevelt Blvd,,,,,1b3a163a-4c15-46a0-8d10-7d2b05dabf6d,1343.3562588537,463.985743833147
519,Main St,,,,,ac556ba3-4006-4d21-889a-e015089b6e1e,120.227638027494,41.4904863076821
520,Pass A Grille Way,,,,,5660a114-6597-4541-8a7e-88b32b6da394,251.444419879974,86.9510495052195
521,Gulfport Blvd S,,,,,8aed4fba-87f8-4439-9249-cea644cc5fcc,372.138500652292,128.633971580698
522,Gulf Blvd,,,,,eae494da-cff5-4655-808d-aaac5cab9dd2,128.408231434774,44.3837241978392
523,Gulf Blvd,,,,,99d07279-88b6-4413-b624-5ea5e6ed6f29,134.104462283905,46.3641290690779
524,1st Ave S,,,,,ccb6bb7e-638b-4039-94c0-39dbeae68a6d,441.944402351204,152.129548270205
525,5th Ave,,,,,7bf3e5c5-ffa7-42d7-998b-328eb530aa04,159.152037927463,54.8409760806242
526,5th Ave,,,,,b04a9ce8-4161-4ab0-8bf1-088b6b99ec47,154.076270121343,53.09097823032
527,5th Ave,,,,,3ded7912-1412-4b6f-9001-fd842e2cfe5c,223.234510132918,76.9376260497924
528,20th St N,,,,,9634b3b9-1cba-45b8-9250-26db762fced4,329.427704912805,114.00059298844
529,34th St S,,,,,bda11db9-c072-4a05-946b-5713fa896db4,1067.95660648037,369.527394963664
530,34th St S,,,,,3b2e9f22-8d4f-4813-a4bb-98bbe5c2e142,188.70076427214,65.2949698937779
531,34th St S,,,,,01c782a0-2f50-4dda-ad98-bb62211ca949,61.6083814581714,21.3185871828474
532,34th St S,,,,,d27b2e38-6fd7-4adb-9744-422a04789cfe,192.100665667284,66.4735774208232
533,34th St S,,,,,36f52961-34d9-4ffc-a419-d252364a4c97,128.109243573164,44.3306131155489
534,34th St S,,,,,8dcf0b50-0307-47b4-9927-42354c9eb320,199.601378106948,69.0698695368661
535,34th St N,,,,,68b7d777-6b60-4318-8d63-735e9da50993,355.211641954342,122.921000891735
536,34th St N,,,,,21236edc-b093-4df1-b756-47f420c01990,319.10098913641,110.423973698084
537,5th Ave N,,,,,47aa9215-cf2f-4e5a-ab3b-86a4c308cb90,222.363332045959,76.5484089104241
538,5th Ave N,,,,,4af14746-f0ca-4087-8e6c-3579586af14e,433.700248095014,149.301357926533
539,5th Ave N,,,,,882b0bbf-8258-48ce-b241-fbe7644d62e2,442.000428341671,152.158738013317
540,5th Ave N,,,,,dabfb5fb-0f7a-4f61-affa-064c427fb852,437.326355570814,150.549929398984
541,5th Ave N,,,,,d0b94a9f-6d28-4249-90f2-f1075246e52e,441.125821768792,151.857790045995
542,5th Ave N,,,,,b949d114-1caf-4304-be61-a4720781f0f6,445.10152556128,153.226518819817
543,5th Ave N,,,,,f1539aa4-3123-436b-99b4-f40b15e3a316,458.900429049211,157.976827537509
544,5th Ave N,,,,,e579a3d8-42cd-46c6-afbd-28a1cbc2bed1,205.301303672842,70.6751346624471
545,5th Ave N,,,,,90c57637-e601-4640-b91f-af26aa9c43e8,225.20142940513,77.5258069267301
546,34th St N,,,,,8b43371d-b055-4cdd-a43f-8c7784a5e10d,318.582630324876,110.250092666509
547,1st Ave S,,,,,04cee3bb-b0df-44b4-8cbb-37cf9d620d27,416.942778519543,143.522933975586
548,1st Ave S,,,,,8abe5354-d179-4bc8-95f1-34a60872fdac,442.600492757145,152.355162495047
549,1st Ave S,,,,,b820b514-cca4-4a24-857d-cc14ae19e0df,442.253095436359,152.235595645583
550,1st Ave S,,,,,d14191a2-9150-44d4-b632-692c8ec44e4d,448.343591507756,154.332216076317
551,Seminole Blvd,,,,,c2e00d20-69f4-4fd3-b84c-69920fefc7fb,331.700046514429,114.877217203767
552,Seminole Blvd,,,,,ade06543-4d19-4dc8-a424-2ab847f36cd8,71.9645075253987,24.9228550919303
553,22nd Ave N,,,,,267fcff3-4411-4611-8698-535c0bbbbc02,258.922749962368,89.1453509304176
554,Seminole Blvd,,,,,dfb38ca7-0fa5-4db2-8fcd-ac124131dea6,106.980623361648,37.0497795061392
555,Seminole Blvd,,,,,4215ce6a-14d0-4284-af84-4598c212a095,125.082698650472,43.3185606247767
556,113th St N,,,,,ad03aeb2-2684-4802-bc14-954ebed3ffe5,765.398870849188,265.13109212889
557,113th St N,,,,,e4a9529e-26e3-4af7-85a4-6f150bcbf78c,252.331777863353,87.399531367682
558,Seminole Blvd,,,,,6239220c-27a2-49d7-8eb6-87bc21db5830,331.409611264252,114.793623663539
559,Seminole Blvd,,,,,bb95670d-79f6-4997-9b89-32afcc760f99,166.49062462007,57.6668422363272
560,Central Ave,,,,,2ae78aa9-f844-481e-95eb-950812f3f019,143.998199491527,49.5678176664117
561,66th St N,,,,,3cf47503-d835-485d-b418-314429e0f34c,329.401244083027,113.991978829543
562,Pasadena Ave S,,,,,ba9408d2-cfcc-4fab-bc4b-e377ab2a5326,466.641356668745,161.388144769478
563,Pasadena Ave S,,,,,3b20159a-53c6-4a99-98d4-caa374737b8e,594.55412806554,205.636056195847
564,Pasadena Ave S,,,,,39b352e7-e03a-483a-947b-ce0a6ba60da7,220.578006884982,76.2908257325357
565,Pasadena Ave N,,,,,51833974-2d97-45a4-9029-2e9c77771547,211.392700515462,72.945821695925
566,Gulfport Blvd S,,,,,94109012-077f-462a-a936-7b5d2ebe5a60,294.593639538754,101.398337919108
567,38th Ave N,,,,,00b70fb7-70c5-4e32-8898-cad957bcb89d,190.600949436353,65.6311084969463
568,1st Ave S,,,,,86680a95-37af-4152-b177-1808a980d61a,370.400505926129,127.500465410363
569,1st Ave S,,,,,77a7ca9b-827b-4ccd-9ae8-047b45c2ac26,653.100429301858,224.812525740901
570,1st Ave S,,,,,8ca60341-c484-49d9-99f8-184b5c06e24a,672.205145427904,231.389008967671
571,54th Ave N,,,,,fd37fc12-5de8-430d-b7b9-902f96b9fb84,31.5310297886695,10.8588751035437
572,54th Ave N,,,,,b050f634-052f-4066-a77d-e80b7b48c8e4,164.733321226029,56.7318969978568
573,Central Ave,,,,,1a0d3c34-0696-4865-a76a-1787d2402216,434.302620112653,149.498038405969
574,Central Ave,,,,,458df180-8586-429b-aab2-a0ac9cfe29ad,434.600557461482,149.600594999683
575,Central Ave,,,,,4ef63d85-ea94-4c12-bccd-eeb81ba0033f,434.300312510485,149.497307454259
576,Central Ave,,,,,daa36de0-a107-41a7-b5ea-219c8ba0fcb9,241.260947664761,83.0484544530408
577,5th Ave N,,,,,c2c69b05-c7c3-4d50-bd6f-cb5d1fe402ba,438.699922018722,151.021910021503
578,66th St N,,,,,98541060-d6c1-44b5-ba90-9295b1142bf9,327.002555555381,113.209501081302
579,38th Ave N,,,,,6500a324-2433-441f-a8f8-df8bf2734ca9,437.910241775186,150.78894076812
580,38th Ave N,,,,,cd906b71-d2ca-4c05-946f-b063398f8d1e,147.300230338733,50.7210237501444
581,38th Ave N,,,,,120dd5ff-8fcc-48a5-87dc-2486ba5d895b,105.562498055796,36.3492515846618
582,38th Ave N,,,,,c0de23af-efad-4bdb-b224-f09de88c6074,190.16928596136,65.482664835881
583,102nd Ave N,,,,,829c28b1-9ba3-4e17-a7e9-e85ed1c709cf,394.542047300571,135.928457260474
584,West Bay Dr,,,,,5b857519-a96a-42fd-abd5-4d92632ea296,120.314056285989,41.4701091281369
585,West Bay Dr,,,,,a01bea1b-e7ee-4baf-9ae5-edcf312477ec,188.733586797554,65.0531302338296
586,West Bay Dr,,,,,52e6c48b-e0bb-43f5-85d4-7ad2bc1d4d1f,284.551241426967,98.0798190262381
587,West Bay Dr,,,,,2bedeb86-ec92-45fc-b5a7-4181585547e9,321.432709697062,110.79246414884
588,West Bay Dr,,,,,75184f66-823c-4bd0-883e-aa807330855e,55.5806549597721,19.1576955302738
589,East Bay Dr,,,,,cc7e1738-f517-4fdd-988e-830cca163038,270.995056898525,93.4100768957684
590,East Bay Dr,,,,,3877e49d-2fbc-4b0c-8ca5-fc710441ac05,417.356761446626,143.857279242636
591,Clearwater Largo Rd N,,,,,8c061994-ef68-4ae9-bfad-82286f55ecd3,251.130892252576,87.0250253024227
592,Clearwater Largo Rd N,,,,,2033a4d3-3cd6-4a29-a780-4d7c8fea2d56,265.761407010052,92.0922726916524
593,Clearwater Largo Rd N,,,,,d1246c66-20d6-4336-8819-cd0b87b0ab15,319.879119668015,110.837316578925
594,Clearwater Largo Rd N,,,,,fdb366b4-cb93-4f1c-b573-1f60eacf4b8a,334.326684895525,115.84571390692
595,Clearwater Largo Rd S,,,,,7140e94e-7667-4791-9582-350a9f507cc3,164.312688744207,56.9329437182028
596,Clearwater Largo Rd S,,,,,71e39a04-6d1f-4bc5-a3bc-5aa4215c4e4b,268.200907172579,92.9298224987138
597,Clearwater Largo Rd N,,,,,a22251b2-1249-4924-818d-38948c0cfaf8,77.9227540604995,27.0001727955293
598,West Bay Dr,,,,,6757e43b-e265-4b59-b1af-447a725b4e9a,349.594770669462,120.499334260701
599,Ulmerton Rd,,,,,be0267a6-5524-4621-a6df-65390846a5be,652.89923798347,224.997388926905
600,Seminole Blvd,,,,,c14b8cc6-0c7b-440b-9afc-d1fd1df905f8,814.689031955553,282.278218797526
601,N Missouri Ave,,,,,13667456-6c44-48b5-9690-07d31bbfac8e,348.51120868473,120.75506019832
602,N Missouri Ave,,,,,7f7a8c21-1724-4d99-a69d-84e9ff9e8bce,326.339086434876,113.071894783055
603,22nd Ave N,,,,,a5a7e5c4-f31b-4735-812a-df131d10f0d8,662.60862060998,228.134302966769
604,5th Ave N,,,,,cda88a99-d02a-4b3c-b3d0-cf8d785162c8,671.350671611964,231.1100196579
605,5th Ave N,,,,,63ca16b5-f3f3-4d8f-b986-55b1bc0e7b68,650.269066678881,223.852791080711
606,5th Ave N,,,,,928bfb59-3e41-4ce1-8bf2-3a3cc009efcc,658.912152311927,226.828259684706
607,54th Ave N,,,,,b8972c9d-f667-46a7-98fa-6f941965953a,280.300292422207,96.5322850184736
608,54th Ave N,,,,,0c0ffce1-4784-4f94-91f9-4a3d3e63fb2f,425.019310061088,146.372202019933
609,Clearwater Largo Rd S,,,,,ae22504e-646d-4074-849d-118296d6c390,333.032792905788,115.38848920298
610,Ridge Rd Sw,,,,,a0c01ef2-ae68-4597-9420-ca78267e4fa3,143.069499693328,49.564450560087
611,Ridge Rd Sw,,,,,e59558c2-7119-4b39-bf96-3904b2d49cc9,296.248351250348,102.639282234933
612,S Pinellas Ave,,,,,b5d4139b-969a-47db-aef0-d6b3bd18852e,319.977066045708,111.085751256366
613,Dr Martin Luther King Jr St N,,,,,7fa05439-d8f5-41b4-8057-9b73d7d61c47,327.907352405062,113.525390505578
614,Dr Martin Luther King Jr St N,,,,,1bd963a0-9e8e-4b19-b8ca-7982c4f67ea0,293.515732767302,101.615001586327
615,Dr Martin Luther King Jr St N,,,,,07c7e41e-531f-42b1-abd8-b8fdec986898,256.765231358033,88.891278018089
616,54th Ave N,,,,,782a7e39-3ab3-4146-8770-7644bd624281,444.004916977361,152.910516400673
617,54th Ave N,,,,,4856ab2e-c83a-473c-940d-c3ddc68cbc9c,294.389513333503,101.385565748142
618,54th Ave N,,,,,c65e10fa-d960-4831-b8fe-fd355d810599,339.986972936863,117.109762277471
619,Dr Martin Luther King Jr St N,,,,,00dc042f-ddc5-4d9b-b336-2208a0130577,327.714044247964,113.451916801166
620,Dr Martin Luther King Jr St N,,,,,71ccbb21-7108-4bf8-a4b5-7ff83ac6eaa3,333.532483456669,115.462488256554
621,Dr Martin Luther King Jr St N,,,,,d75bd56d-6ebe-421c-abb5-6a262d2c8c47,330.754671828167,114.49993328292
622,Dr Martin Luther King Jr St N,,,,,8601363a-68fd-4b24-b570-005fa708fc62,343.616294144141,118.950320341965
623,8th St N,,,,,5c76f568-8f37-4fd5-8d39-1aecb3bcde85,100.205252055599,34.677858208949
624,38th Ave N,,,,,48599a29-78df-490a-acd9-361088361cd9,642.498558308313,221.26386329487
625,38th Ave N,,,,,76972361-0c71-4ec4-8ee1-5063e18e5426,675.88689192399,232.737842435663
626,22nd Ave N,,,,,c1adc34c-a841-4957-a91a-a38d6c52cb40,343.902316899252,118.404688715302
627,5th Ave S,,,,,80ce3fb4-f23a-4211-9c9b-53b954e951be,498.121592230057,171.460734733096
628,8th St S,,,,,6170f0a5-7bee-4c92-9467-1a8eb9b035df,292.119876604117,101.086073029876
629,4th St N,,,,,554f8639-d2e6-4932-862f-a183146d467c,322.991957634154,111.821086984379
630,Dr Martin Luther King Jr St N,,,,,f61aedaf-a2b8-4696-88e2-2bf35ec75399,310.176852304873,107.371991539628
631,Dr Martin Luther King Jr St N,,,,,9f14e71d-1d15-4ad4-b571-8a01f7b3e544,296.801243664466,102.739581473677
632,Dr Martin Luther King Jr St N,,,,,5d79324c-22f7-4e92-9b0c-c1daa902d247,133.700520001754,46.2794536415978
633,Dr Martin Luther King Jr St N,,,,,af0083da-a3b2-440d-8b55-b5a1b3a7aa62,328.396797765137,113.667754866968
634,Dr Martin Luther King Jr St N,,,,,82b2411a-3bb4-41d7-ad2d-52bb4d1167dc,333.454332709515,115.416140452588
635,Dr Martin Luther King Jr St N,,,,,083a3229-128e-4ed0-91c5-0badc035e24f,329.977440137031,114.204985273948
636,Dr Martin Luther King Jr St N,,,,,0ed13cb6-cd5b-4ed6-8b48-fe1d409201aa,175.548738844951,60.7564331652157
637,Dr Martin Luther King Jr St N,,,,,0f74b220-226f-4031-a255-aecea58bc530,217.608293460618,75.3105973371977
638,4th St N,,,,,e8c3c2b7-892e-4cb2-a903-5fdf16d8a1b3,330.693652091504,114.48084418964
639,4th St N,,,,,c8ce8b24-9799-4f55-96e3-1caa6ea03163,329.197087663081,113.954352014924
640,4th St N,,,,,f953e5ff-533d-4fb6-8947-92988b4249c6,328.541608639953,113.719934975792
641,4th St N,,,,,a992fe34-731b-49b4-b531-2aaf23811aa1,332.982455352511,115.256058879204
642,4th St N,,,,,841a004a-0c42-4494-860d-ce047867c8bf,113.990585662897,39.4525104524649
643,4th St N,,,,,63864143-8929-435f-9581-8da27d7bae55,48.5966875862229,16.8193195329537
644,4th St N,,,,,028f517b-a221-4424-9e8f-9af5a4f4948c,233.349270836441,80.761927793238
645,4th St N,,,,,0c56caac-132a-4282-9ce5-7fda9fe5b576,169.424090545317,58.6363762774609
646,4th St N,,,,,cbb8ec59-1bf5-455f-900a-21495aa94872,163.358269081838,56.5363000516875
647,4th St N,,,,,7915e122-2eda-447e-8ca5-740fc0a8345f,165.693359024418,57.3439889562218
648,4th St N,,,,,4f683600-e7be-461a-8697-ee82bd009e3f,75.3902691684351,26.0912603694865
649,38th Ave N,,,,,30c79ff5-9029-4dbf-8298-adc26c0a54a5,672.962358198848,231.730700246746
650,38th Ave N,,,,,343e0036-3e43-452f-9af4-a56e4203de4b,171.861268202715,59.1792727333053
651,38th Ave N,,,,,509454a8-cdc3-4746-beeb-7fd48a9909b4,210.770074220687,72.5772322141212
652,38th Ave N,,,,,96ab7686-730a-42ec-9541-f41bdea9bc8f,421.255088747459,145.057451482862
653,US Highway 19 N,,,,,66d70c81-7f7d-4864-83f5-975fdbc5e375,450.006999844788,156.18520133494
654,US Highway 19 N,,,,,edfdf304-0820-4fe7-9aa8-a2c7475b84f9,582.236272727981,202.124018449354
655,US Highway 19 N,,,,,ecd1d789-de6c-41dd-92eb-b53acc28e28b,312.131817859034,108.37906319935
656,Keystone Rd,,,,,da4bb51d-a862-442e-a9cd-d8324c4e6c19,131.755198233305,45.5132509397725
657,US Highway 19 N,,,,,c6fdd6d6-a85b-4ee6-bd68-e2a462bd4487,225.395722311506,78.2366707268635
658,US Highway 19 N,,,,,2b38c334-b100-4ed3-a9e1-8751ef284a2b,284.848376057336,98.8762568167111
659,US Highway 19 N,,,,,4b936252-4b16-4709-9143-0db33d0f6620,176.035368264565,61.1225286444537
660,E Tarpon Ave,,,,,0ab9174b-ddb0-42b2-87f8-f50b50d4a72a,661.198409128678,228.390451420928
661,US Highway 19 N,,,,,7eab6383-7093-4256-ae1e-9c2c77598e9a,311.311257406648,108.094300634025
662,US Highway 19 N,,,,,c1bfe6f1-849f-4fe2-8fee-cab708a02c67,180.646346059864,62.7183055479988
663,US Highway 19 N,,,,,bffab8e4-6f97-4d2b-a29d-3b83c9674780,232.108128562345,80.5882527599713
664,N Pinellas Ave,,,,,39597838-4b51-4f21-bef4-39a579b9ada6,379.288282378113,131.389305064849
665,E Tarpon Ave,,,,,ea6eb347-ddd9-4daa-adb3-bfb301b1ee4b,661.27816592393,228.419516973443
666,US Highway 19 N,,,,,851a7b6c-ad95-44d4-945f-32b8ad7291d7,287.630438895613,99.8804191092134
667,Dr Martin Luther King Jr St S,,,,,44ef98a2-c4f1-4ce7-acc2-3f07558d2e1c,197.643186611304,68.3837457568411
668,Dr Martin Luther King Jr St S,,,,,16f986e9-f300-4f71-bbbc-da3d7f05d09b,127.621336022625,44.1567254590495
669,Dr Martin Luther King Jr St S,,,,,777195e1-0c74-49da-9553-b2b0c524827a,150.604761535584,52.1097612582497
670,8th St S,,,,,94639076-3925-46f3-ba2d-49621caaecef,232.918612928148,80.5945550827841
671,8th St S,,,,,b8667d4d-d4ca-415f-a026-3ec9f52606dd,256.397245577655,88.7210907349098
672,8th St S,,,,,8b87099e-083d-4033-a12c-281939b0f02e,157.431019171296,54.4756545907812
673,8th St S,,,,,eb623722-7143-4443-bfa7-6f405650df17,261.102082926533,90.3514295685794
674,8th St S,,,,,7aac91ef-0ee3-423d-a36b-62ba9e6d9ef2,317.143691061101,109.744753416024
675,8th St N,,,,,b122eca9-e63a-45ac-9031-9d5e0cdccb4d,333.200913284231,115.306423945299
676,8th St N,,,,,d77b9121-a6c5-47a8-bb61-b0778507c7c9,327.508040312356,113.335456740504
677,Curlew Rd,,,,,f1c5bb17-a942-4a24-92d8-b49674f560b1,535.012447761422,184.638059650259
678,US Highway 19 N,,,,,42ca8ce2-cd4c-41c2-a186-4b9dcda30767,106.000284018398,36.7996846330424
679,SR 580,,,,,22242116-7673-42ad-abab-dbe3c96815c2,537.017623378888,185.440048778713
680,SR 580,,,,,76a2d85a-710a-44fe-87f0-3ce33430e2b0,1550.89635613067,535.177773476962
681,SR 580,,,,,14b848a0-ae08-4fcf-b420-8f606c9babc5,387.339841510401,133.998451940572
682,SR 580,,,,,fcebfacf-5c1e-4a4f-b139-c0c5aa7eb556,365.810577469981,126.55836505537
683,Mcmullen Booth Rd,,,,,eab2cfaf-1b2d-4c12-b159-9b71b74b3863,307.72690062391,106.728235400537
684,Mcmullen Booth Rd,,,,,2a36e51c-add6-4fe0-a3c4-d00866a19da6,328.674111126123,113.9887716587
685,Mcmullen Booth Rd,,,,,d7fe9cf5-5d09-4e94-9c96-e99bfa9fc106,1054.93961885308,365.853430124888
686,East Lake Rd,,,,,36d23d82-da2e-414c-ba04-6bdcbb62f817,1490.20173410312,516.860549032303
687,East Lake Rd,,,,,1bda567b-2d8b-4f78-b1f6-5ef72611ce23,633.919816024726,220.113487026743
688,Keystone Rd,,,,,55e65f43-5a12-4ed3-9435-a83bcff062ef,352.231801827392,121.671166528688
689,Keystone Rd,,,,,eb743a65-144e-4cc4-bf2c-85aaac2c27d7,843.724839626663,291.445488246298
690,Mcmullen Booth Rd,,,,,3b15b8a0-1bd4-418a-8704-d7b242042fbf,188.318072086364,65.2888388458488
691,Mcmullen Booth Rd,,,,,74a53c16-24cd-46da-9273-17188d5d480b,175.393553302384,60.8059853717159
692,Mcmullen Booth Rd,,,,,d8176e40-984c-46ee-a4f0-e576929c6718,294.354247915103,102.046159138171
693,Mcmullen Booth Rd,,,,,bd46edea-eada-4609-83ab-f0d7cbde4e09,79.0792013565626,27.414648882725
694,Mcmullen Booth Rd,,,,,2866db5f-6bfb-4400-bbbf-3fa885160411,307.455350555945,106.584537110888
695,SR 580,,,,,51f46c95-97c9-42f4-a4a8-f5d335a322ed,289.202692345126,99.7863485667629
696,Gulf To Bay Blvd,,,,,faa76d1b-3eb2-41ed-a83d-2715c37cceff,1147.76866963766,395.783664635023
697,Tampa Rd,,,,,33477978-7a87-4eae-9a0f-31bb7e143714,920.561667102477,317.888323904105
698,Tampa Rd,,,,,5abef737-792e-4a3e-9e4a-74f737ff0fc4,594.798352708319,205.388608131652
699,Bayshore Blvd,,,,,d1bd8c1d-3212-4a7d-a163-f1f96a483271,659.750833857078,228.729005136786
700,Gulf Blvd,,,,,9ea7dc1f-bff4-4af4-bd00-b0a777420f7f,269.11852757675,92.9688431504182
701,Gulf Blvd,,,,,7d0cdcff-de63-4dad-a23c-c8b00f227faa,253.843286471473,87.6962450386625
702,Blind Pass Rd,,,,,22eae9d8-8bca-4401-89f4-90391e0420ef,261.753884449961,90.4358854238873
703,Blind Pass Rd,,,,,86fff5f3-90f7-46a7-b22b-9ff8f6def064,264.050599689337,91.2341024572737
704,Blind Pass Rd,,,,,8786e625-8300-4195-93df-e44f0443cd6d,262.331769793812,90.6332069872427
705,Blind Pass Rd,,,,,f0eb3749-1df3-4019-980e-a22e585e1424,145.889974580019,50.3913512569254
706,Blind Pass Rd,,,,,f2531e76-1fd5-485e-9aa5-45031059532b,162.889102606559,56.2840184970862
707,Blind Pass Rd,,,,,33a78567-dadc-4fb5-9034-bb982462a2a9,293.9160676963,101.545362282874
708,Gulf Blvd,,,,,a0b4ef11-c317-492d-8794-92b2b6900c41,262.566611544406,90.7006298461995
709,Gulf Blvd,,,,,52b76c87-051f-4154-885e-91b33bac8426,289.605602668496,100.043962664205
710,Gulf Blvd,,,,,ecbf6999-b2bb-4233-bb5b-15085ee47c14,271.406454676553,93.7467970087268
711,Mcmullen Booth Rd,,,,,7090eaef-3456-41f9-b615-aaf2567ea578,526.396527826638,182.530875883382
712,US 19A,,,,,92a87d33-f26f-44dd-8cb5-fce116f4f3aa,511.55377013811,177.343990875118
713,US 19A,,,,,223d6f2e-2962-4e4f-89bf-0861df329b83,1299.25085582206,450.409124208656
714,US 19A,,,,,fc34efe8-9cc4-46e8-ada6-122f7b080c7b,295.713995482631,102.615087262086
715,US 19A,,,,,61e7124e-fd23-444d-b52e-1fc04ae7dc58,353.625004198763,122.711568668861
716,US 19A,,,,,f6a40cd2-d7b6-4a12-bd18-81d28193382e,349.512276545663,121.285517555385
717,US 19A,,,,,1f69cec7-40f1-4b65-80e7-f7cba139ea51,326.320281007326,113.239541047753
718,US 19A,,,,,631a94f1-ff44-4f55-95b7-77a36bdc51fd,331.328790829098,114.978215650105
719,US 19A,,,,,8e191cb3-f525-4076-b690-a3c9566644c6,326.749350824093,113.381803170878
720,US 19A,,,,,c562462a-ff60-426e-a4f7-868f6e228e37,273.69983156235,94.8772182373098
721,Tampa Rd,,,,,d01ac1c9-d5fd-48d5-8681-e852a5a831d9,560.661868845332,193.522167822952
722,Curlew Rd,,,,,824bc84a-a63e-4e51-823f-6dcba7b6dc00,489.259209102955,168.940027616582
723,Causeway Blvd,,,,,da5cefc2-63ef-4f74-935d-bc51a702b142,343.178832239079,118.501876634095
724,US Highway 19 N,,,,,27fdb00e-0a3b-4ed2-adc9-f6694dab4f95,534.522680423694,185.492147166199
725,Curlew Rd,,,,,e500d828-05f6-4141-ad53-a7afa27b4141,397.453192137852,137.212046504886
726,Tampa Rd,,,,,bd480f71-3362-461a-9803-eb10a28ea654,111.040958123665,38.3277242120658
727,Tampa Rd,,,,,a42ef4f3-7c56-47ce-accc-b3c133ebc2df,600.099582904662,207.173900664723
728,Tampa Rd,,,,,d3d5748a-636b-413b-9ac4-8b9966e993f9,311.150499088712,107.403722227741
729,Tampa Rd,,,,,acc0f64b-bb45-40f4-81e1-f41aaae890af,222.275338672962,76.7394102945838
730,US Highway 19 N,,,,,0ce8ff29-3d26-4e9d-922b-77547033015a,159.12398133808,55.2007099862426
731,Tampa Rd,,,,,8b31747a-c53c-4571-a7b8-9cd7b10ced9e,394.981576824079,136.3339863159
732,Tampa Rd,,,,,58f4fd9a-b0cb-42a6-ab94-346de2588080,545.371001422082,188.243862641032
733,Tampa Rd,,,,,d93a16c3-b89d-4601-9a0c-979d2326413e,363.744376227108,125.552330088962
734,Tampa Rd,,,,,1716ccac-b037-44b6-a014-f1ce206475ee,304.80760240286,105.209708737885
735,Tampa Rd,,,,,88cd1e41-4e79-4712-8d3a-23e64273a7f0,1183.70440900135,408.57723400852
736,Mcmullen Booth Rd,,,,,a851448b-b633-481b-b95e-a4cbfccddb93,934.176511757709,323.948907329505
737,Curlew Rd,,,,,5c3a1289-372d-49e2-a9d7-8c939badb39d,1010.54069784602,348.746394658314
738,Curlew Rd,,,,,1fc7f2b4-f1c8-42c4-a575-2c96276af110,703.465286061717,242.770800852937
739,Curlew Rd,,,,,5e8bff0f-5b40-4a3e-a8f9-f1c61b74288e,376.798548563842,130.035978053434
740,Curlew Rd,,,,,018b6edf-093f-48a4-a5f4-59c563e35b57,257.521764910496,88.9267501195288
741,Curlew Rd,,,,,4f635a29-7ffa-4f25-b8a4-da9d876a4b49,243.235726665309,83.9963412264187
742,Curlew Rd,,,,,53e956c1-9b42-4c3f-ae6f-072b4883155b,285.895124140254,98.6688666432797
743,Causeway Blvd,,,,,1b155362-6ac0-402b-a9fd-df0e00ff9439,412.239117570863,142.282191334722
744,S Pinellas Ave,,,,,3eaabe2f-5203-40be-a136-986dbf23ef19,344.972896920071,119.779154002766
745,N Pinellas Ave,,,,,91b28cf3-6b15-4d6d-b77a-23921d95d078,2783.38119859171,965.365061689877
746,N Pinellas Ave,,,,,89a5a2b4-8645-41b3-8110-62d771f201bd,361.621572805847,125.557345890435
747,S Pinellas Ave,,,,,3aad4ae0-9a31-44f8-b9f0-db1853ef7c54,335.716412000027,116.568051629809
748,N Pinellas Ave,,,,,5231afa1-c13e-4481-ac19-4ee3562fc7fa,65.5747106535829,22.7702792687808
749,West Bay Dr,,,,,3dfa2642-6fe2-4d0c-93c7-be332364f07a,131.811145831219,45.4328968560035
750,N Pinellas Ave,,,,,31242cab-e253-4e3d-b127-f4b14684c89b,663.005571908036,230.248661310632
751,N Pinellas Ave,,,,,a4c00c85-8d10-461c-8cce-6f27ecdec3c9,207.726952196096,72.1299743299229
752,Walsingham Rd,,,,,52fae67b-3853-4c11-b744-fde03d2a6414,423.67103008324,145.982533647992
753,Walsingham Rd,,,,,700a60d0-b4e6-476a-8f23-4bf24157523f,666.167723038216,229.539438723488
754,US 19A,,,,,0c2131ca-7d3f-4ea9-9d8f-e0e1897951ab,89.7327552123093,31.1393403384956
755,US 19A,,,,,a7861a3a-d82a-4303-9e69-dd687e02877a,324.326016560235,112.555485490093
756,US 19A,,,,,b3dbf107-d7de-41f1-ad3f-cd872605f1d8,296.691922997773,102.968376201424
757,Gulf Blvd,,,,,5d99d7c1-84f1-46ac-a5fc-05992dd8548e,103.937836640342,35.999898233184
758,S Pinellas Ave,,,,,6973f51f-6096-4359-b9e8-707ea983035f,390.505349371868,135.46384470936
759,S Pinellas Ave,,,,,77388855-3299-412b-b62d-6e1feb566bc0,1968.3277535586,683.187835976439
760,US 19A,,,,,3f300d8a-6bbf-42bc-8f1a-511dc7bc590d,136.660012008006,47.4303798439506
761,S Pinellas Ave,,,,,0a3e358b-3955-4f10-a51d-27c36ae79060,326.83850972692,113.481689616844
762,Seminole Blvd,,,,,3d5fc985-fec3-4ea6-8221-9d8409f4314a,124.464674083089,43.0987143183486
763,Seminole Blvd,,,,,1aeffcd3-2a5c-4ef2-a9cf-4c6ee6b82476,268.150677035514,92.8514671663273
764,Seminole Blvd,,,,,5f84b3e4-3b89-4e58-a2f0-4cfced4b53de,333.001302497053,115.300780733214
765,Seminole Blvd,,,,,424e34e6-1695-4473-b2f0-d6829f82194d,336.054552783457,116.348933852712
766,Park Blvd N,,,,,7e5865eb-2e6c-4d19-a465-708012b72049,232.684446026162,80.1484167568527
767,Park Blvd N,,,,,63f06744-0e68-491c-ab77-e5e0997f12ac,124.01204007929,42.7160077353974
768,Park Blvd N,,,,,c1d4b851-2327-4e70-abf9-70d58288b9e6,156.249650252817,53.8203620926188
769,Park Blvd N,,,,,cb6774a7-3b85-4c14-9434-5a3023f16fe9,59.1572385993305,20.3770088815267
770,Gandy Blvd,,,,,bf94829a-4384-4eab-89f1-6b21ab12af37,391.800712580103,135.049526212214
771,Gandy Blvd,,,,,1d123a93-b910-43c1-aa9a-14000212656c,323.423483964147,111.428484989284
772,113th St N,,,,,57739e36-f894-43d4-958d-dbb7884c92c2,212.874617424725,73.6795666018842
773,113th St N,,,,,b531d0a6-4bc3-461a-9d4b-2e094d5f4f0e,264.712934619774,91.667383113997
774,113th St N,,,,,18598cd4-7774-4c7a-9724-3cf1c6822c78,150.802999044999,52.2195728712423
775,113th St N,,,,,99dd7183-e3cc-4108-b8ce-d18fc0f80b6e,482.481247294974,167.070664084155
776,113th St N,,,,,01f94a44-b528-4e99-bf5e-d34da39ef726,283.863246121662,98.2873521216068
777,113th St N,,,,,f537f421-aed0-4a50-bbe5-d7f577d42efb,328.022061598682,113.576459524909
778,113th St N,,,,,65c59f8b-aa7f-486c-9472-721971d15947,252.490745454128,87.4214526831878
779,113th St N,,,,,2fe6dc9c-d851-4c5b-ae9c-51ce92a47c89,262.554880798969,90.9054338217445
780,113th St N,,,,,429952ea-0f7d-42c4-9e08-727806a5e801,430.117996563809,148.915509084408
781,113th St N,,,,,bd5470b0-3871-48e1-844f-9e8ef7ba18ee,176.956860701001,61.2648801819519
782,113th St N,,,,,a2327136-736c-4d21-8e0a-91e5bbfc4f19,128.906549274655,44.6277069108941
783,Seminole Blvd,,,,,202cf575-85e3-459b-adba-152ef30eb960,418.820744906646,145.04050896794
784,Park Blvd N,,,,,9d95c280-6787-4381-af58-7ce683880ed5,558.673464538617,192.429348064312
785,66th St N,,,,,3c495517-fd96-4e9b-821c-23e75687aa65,371.438248175149,128.636651507134
786,Seminole Blvd,,,,,6d9d8371-3670-479c-a45c-40246b04e370,192.932806549749,66.8476822594499
787,66th St N,,,,,688fd8f0-a749-4fe9-8bd6-f4d93193c9ba,329.558584875772,114.121928686446
788,66th St N,,,,,f57b7826-0658-4508-86b8-aa1741beba0f,359.013776788524,124.321679220478
789,66th St N,,,,,e80ed253-76ae-4888-b1d6-162c141b557a,322.026180284891,111.512227208187
790,66th St N,,,,,ce43ba9f-5a70-49e5-8b21-b70bb1bd6608,444.006236684344,153.735893896301
791,66th St N,,,,,0fbffe10-201c-49ff-bc16-7503fa1a9eb2,317.420952110065,109.90029069113
792,66th St N,,,,,245d82de-c6e3-40f8-aefb-178a48b210bb,91.5546228131397,31.698720839283
793,West Bay Dr,,,,,c0e761d5-2df2-4b5e-80c0-c7b9a56540d6,267.765664681141,92.2939304909655
794,Park Blvd N,,,,,299910f2-799f-403a-b121-d54e21af6d80,436.426056952671,150.322985791545
795,Park Blvd N,,,,,1f7fb11f-e3c4-4826-997e-3482e11988b1,419.649303021525,144.544487527338
796,Park Blvd N,,,,,93687937-5eff-45c7-8b01-391d83ac1bc1,387.330944719985,133.413521002823
797,Park Blvd N,,,,,7032b3a1-5175-4796-a65e-3387e6accac5,392.226800141462,135.099294052091
798,Park Blvd N,,,,,78417858-e72c-4a2e-a456-a27a82ad0a75,443.192346503839,152.654028573881
799,Park Blvd N,,,,,89fa6e0e-11bd-4b7b-a6e8-ca932c1adf7a,324.570764162856,111.796035129984
800,US Highway 19 N,,,,,f30fef8b-2e45-4d76-85c4-3cfc0dd5ea6d,629.161629210418,217.535197175941
801,Gulf Blvd,,,,,c7a05b45-646f-4a94-9f5e-71fd12789f37,165.083659590131,57.1676306413047
802,US 19A,,,,,bdf9b848-02e2-4ee0-b61d-bd57eee90596,329.044715298185,114.187787973974
803,Gulfport Blvd S,,,,,83a7f523-7ded-4e87-8993-fc879a968ae3,485.001748250627,166.916326262563
804,Gulfport Blvd S,,,,,4491851a-17fa-40ad-af81-e20648c02112,335.379009175294,115.422803009973
805,Causeway Blvd,,,,,50b15cd0-9d6d-4f25-9331-97c342d91358,174.648169253206,60.3611769233788
806,Highland St N,,,,,ce49a8c8-f903-4968-bd3e-af0bb0e30242,443.623729345213,153.205107109133
807,Gulfport Blvd S,,,,,f2c6a15c-af65-4a90-b3a4-d18bbff8b93e,575.714457713556,198.83318004912
808,Skinner Blvd,,,,,bc738f24-935a-47b6-be9e-c3a690307fae,49.2758657148358,17.0005395957586
809,4th St N,,,,,fd532005-63ee-43e3-8f84-7722d36b8f19,333.981279902794,115.600886813093
810,Gulf Blvd,,,,,4c16bd5e-2c5e-4cfa-9216-5e2d6b366b21,301.46944396666,104.432366452076
811,Gulf Blvd,,,,,e759d080-3a58-4757-a489-6030e5da00a8,259.793224795841,89.7418969930121
812,Tampa Rd,,,,,1bab9dac-4183-43d5-83f9-4f158dd00632,479.305830894745,165.533520978036
813,Curlew Rd,,,,,083dd4ce-2a87-47ab-94ea-7ca0ad020d8f,447.785078245636,154.532723615118
814,Curlew Rd,,,,,a7b23f07-dc06-46c3-8f63-4fbc3d5bd259,237.208340896634,81.8942468383886
815,Mcmullen Booth Rd,,,,,40947a78-f8fd-441f-a18e-c2aed59ee865,499.632720680472,173.24215869725
816,4th St N,,,,,e144b851-e3b0-46e0-960e-9cbda40c5ca0,331.468336743967,114.749954766794
817,5th Ave N,,,,,fc1effd1-7684-495f-8ec9-b0e85274913c,650.25168554604,223.846985761921
818,Seminole Blvd,,,,,aad1729b-6e41-4d5f-aa77-5b54ea11a6b2,147.134264262499,50.9595102312935
819,22nd Ave S,,,,,98437743-7157-483a-8f1e-a5e63ca17de6,275.960247255538,94.9739132692511
820,Seminole Blvd,,,,,1d49f164-ee5e-4237-b1df-e01cf24b876e,65.5111788365627,22.6791081816149
821,Gulf Blvd,,,,,13bf7097-a470-4513-941d-ce089a815386,162.301798281625,56.1395496911901
822,Main St,,,,,4301e9ab-8189-4fd2-b1b9-d10cc80e94ca,260.276087131065,89.7985762637418
823,4th St N,,,,,e28e5b05-5a2e-4134-9ab9-83908ad05a78,295.112428091194,102.190876042632
824,34th St S,,,,,788bf63d-1b8e-4b99-8e87-fbde2cf61c21,814.589510392949,281.80241152887
825,Clearwater Largo Rd N,,,,,9d037008-bd5d-4fbf-9fd8-522f69371e2e,256.324204007293,88.8136958813528
826,Main St,,,,,d7759027-210f-4a5d-823e-4189ca7ee185,458.791603543275,158.357026642707
827,66th St N,,,,,b5447820-8e51-4f0e-9c74-11d0e015fbea,214.153063886628,74.1416140772942
828,Park Blvd N,,,,,61f0504b-329a-4482-9628-15d7f7051fbb,442.523981513121,152.424187684479
829,Curlew Rd,,,,,750cc2da-628f-457c-91b1-33c224ec2486,557.679824521991,192.460352491576
830,4th St N,,,,,44176bfe-45a7-4ee2-970c-3a12496d7f74,319.406211691068,110.539656130094
831,1st Ave S,,,,,03a39950-f33f-404f-9fb1-2589f3190607,430.61180157113,148.228230041906
832,Dr Martin Luther King Jr St S,,,,,51b61fcd-369d-4f63-9af3-6f7f2e314128,107.886391704313,37.3255576782049
833,54th Ave N,,,,,07f08fd6-2cfd-4789-9360-53d6ed8dff39,684.514925050941,235.736940491809
834,Gulfport Blvd S,,,,,10078763-6210-4fb7-b16f-e67c826ecc9f,342.202563082006,117.771307283122
835,Gulf Blvd,,,,,e38cbc5a-e304-48b9-838e-682e1b3a2ff9,288.550090071494,99.9605158646848
836,US Highway 19 N,,,,,e633320b-75be-4999-9267-115662988e1d,519.958492883021,180.373782890581
837,US Highway 19 N,,,,,cecae36a-d101-4392-b495-febb110f25b2,260.166973750841,90.2476409250671
838,54th Ave N,,,,,981ca11c-6fee-444a-8f6e-4074a5f0a314,257.122181993067,88.5495619620279
839,38th Ave N,,,,,627fccc4-c95b-4a8e-a43d-d8ee7a5f92af,661.855819154264,227.903892353529
840,US Highway 19 N,,,,,4c613f52-d1a8-4a95-8962-f567c9b38ec0,85.6326339215828,29.6065412196507
841,Park Blvd N,,,,,af39b6a4-a0a2-4990-9432-ff282d9957df,439.379200529833,151.340256539327
842,113th St N,,,,,b9b7748f-6250-4e4d-9467-11c52fd12345,202.307583930744,70.045368179985
843,113th St N,,,,,efa8e51d-c0b9-4b53-ae77-9f2e7c75ada3,2020.06825787095,699.56801788881
844,66th St N,,,,,b1b686d6-e94a-4b07-82c0-67590bc6906a,539.341835350484,186.776241085952
845,US 19A,,,,,3305bb7d-0468-40a5-bdbe-9c82a7f75e07,494.046555970276,171.405249959027
846,Park Blvd N,,,,,d5d755c7-3f8c-4eb6-8faf-06665c13db3a,129.638508781601,44.6541043860213
847,US Highway 19 N,,,,,8d194797-c26c-4be6-99e8-914dda918ce3,122.994783753069,42.5418163486697
848,Curlew Rd,,,,,1fd7a127-a5a1-43d7-812c-08907185a249,306.735524653937,105.856980868748
849,N Pinellas Ave,,,,,5ea54ee7-2fa4-4187-9c4c-9577b9359652,279.626271786105,97.1006525210324
850,Causeway Blvd,,,,,437f153c-2549-4941-9bc2-cf888eb8c130,487.82417559224,168.353438053825
851,Blind Pass Rd,,,,,a01d41a8-3796-40d8-8f2e-ffb8aab5f0bc,103.942292122274,35.9116964292389
852,Dr Martin Luther King Jr St N,,,,,6766aaae-2e28-4eaf-8bd9-b23d6a4f35ca,333.289076625176,115.363007013115
853,4th St N,,,,,6f14ccbb-3d21-42b4-8c2f-95a12a6c01e6,328.05147673101,113.563342614763
854,Seminole Blvd,,,,,21f988dc-8dda-4397-bd85-1fd4bb934bf2,329.084197813116,114.020492897632
855,East Bay Dr,,,,,5ac59988-5285-4e4f-960a-35c3824c5b03,323.02444039602,111.34145776979
856,Clearwater Largo Rd N,,,,,5b2ded0f-8d39-4327-a9ff-c82cc021c08a,330.591050023241,114.554827013688
857,5th Ave N,,,,,0988fb34-5fbb-47a5-b210-861bc6288735,447.502297590536,154.052052967785
858,Pasadena Ave S,,,,,2e0f1395-1c3a-426d-a6fa-fc52fbb4edc9,406.164268126451,140.484659861661
859,34th St N,,,,,c252d872-bc44-45d3-9700-248524462abb,418.271343541725,144.796389937307
860,5th Ave N,,,,,4eaa31df-6fa3-4621-be95-29386c6f3ff2,213.103337661068,73.3602423589038
861,N Myrtle Ave,,,,,9fcbbbd1-9ef5-412c-a7ea-d2d81999f6fb,77.2259809162802,26.7706262258457
862,S Myrtle Ave,,,,,6fb8c19e-6493-4b73-8c97-3eb42bd256c6,337.612410649166,117.02425221765
863,Gulf Blvd,,,,,f0b89b83-598b-4a12-9585-be62dca855ce,550.41278945248,189.900638951697
864,Ulmerton Rd,,,,,e8c13847-ee50-439b-abe9-8db41239dd89,307.481788425818,105.963203095519
865,22nd Ave S,,,,,5e332041-7fbb-4794-ae70-fe617647858d,150.008551340733,51.6268103482902
866,49th St S,,,,,ef023ac5-fc1b-4677-ab21-13d7f18adc93,287.225684138213,99.3770409446301
867,22nd Ave N,,,,,7a60d313-203d-46cb-9bc4-b5df60d5355d,454.420617416586,156.45430684856
868,4th St N,,,,,541c12ef-e785-457e-a136-1f1beec20efa,284.727570673194,98.596031514972
869,4th St N,,,,,49dec397-e32e-4f87-ab93-b154a8310ef1,114.648901286171,39.6987082933921
870,49th St N,,,,,12377357-8c57-4e4b-a969-68a486d44c54,132.500428454133,45.8696866128698
871,49th St S,,,,,5e210003-3b05-4f29-8f33-d29d2e53111e,187.694628617866,64.9443620530878
872,Causeway Blvd,,,,,e90e2bdb-a4a2-4c0a-ad7b-f8804421eaf1,508.739089542236,175.600315932224
873,49th St S,,,,,9639b607-1611-47d1-9f25-ef52b92d4a8e,130.507562892861,45.1568728513507
874,Park Blvd N,,,,,bcd88fdf-822f-4903-880a-1ef934dc4628,647.206789999655,222.92637775868
875,Gulf Blvd,,,,,29910a4b-4f34-4054-b931-ba6c306bffc2,258.241650464701,89.4685883465648
876,Gulf Blvd,,,,,ec25225c-4996-412d-be14-c65d263396cd,275.390105270766,95.4008994843325
877,22nd Ave S,,,,,42ca9f52-04ea-4c9a-be09-e596916836b8,94.0882155026338,32.3812298837002
878,Gulf Blvd,,,,,ba895a44-9bf9-4be4-82e9-00ece2b3086d,225.411652313068,77.8055428480498
879,Chestnut St,,,,,c40bf8ed-f71a-4316-9fb5-d589d6807962,292.851512823897,100.98190711791
880,S Ft Harrison Ave,,,,,b951fc37-a1a9-4504-93aa-204ff49edc56,365.8228577549,126.788885451868
881,S Missouri Ave,,,,,d6e19ca4-5c8d-4247-bcbe-4b74ac771743,338.956428224257,117.490255819624
882,N Ft Harrison Ave,,,,,6007e2c6-8941-498c-b30e-c1c0bc340353,91.8229046282803,31.8360481300212
883,Gulf To Bay Blvd,,,,,ebaeefce-f5eb-4346-bd5f-62141bb6a724,163.457887549501,56.3643618976203
884,Gulf To Bay Blvd,,,,,e1225777-3c05-4431-a289-24c16e6f6a46,278.501405487035,96.0342071968952
885,22nd Ave N,,,,,8eb62cde-aa84-4ace-934d-4f86d5a343ed,302.001702355572,103.977097022659
886,54th Ave N,,,,,1094ce87-5487-4621-ab18-7cb7aa3cf532,454.818895198693,156.636685914787
887,66th St N,,,,,da9b7c65-b5a7-4a02-ba72-a0d8ab3dd6a6,329.401244084171,113.991044400351
888,66th St S,,,,,25bcbbb0-bac3-4f10-ac19-89cd5fcb87ce,328.010847229261,113.505116847166
889,4th St N,,,,,f324ecf5-e1cc-4014-9a29-a8c6ff4ca95f,163.905272430154,56.7259043261796
890,Dr Martin Luther King Jr St N,,,,,2f9e230d-f7d9-4520-b03d-f93a71a57663,287.444047226629,99.5020097833897
891,E Tarpon Ave,,,,,bea43513-0dc6-4ce0-8585-7822e3b8233c,323.802191149624,111.847042317326
892,US Highway 19 N,,,,,d4a92fd5-04f5-40be-a21d-47b0028ce137,129.771077387705,45.0588460299005
893,Causeway Blvd,,,,,b8266624-75db-4d39-97b6-d799975616fc,298.936092115007,103.166156818628
894,N Pinellas Ave,,,,,7378e887-36af-4935-b6df-5f7bbfa85036,194.700904665328,67.4534321067387
895,Seminole Blvd,,,,,955beb9b-69c3-4730-ac13-e211f1ff666d,159.573663573076,55.2552588501369
896,66th St N,,,,,45d4bc2f-535f-4033-b021-3e9920437f4a,572.705440541469,198.284824820848
897,Pass A Grille Way,,,,,92d51931-303f-4c6e-afe7-68e58f44ce46,106.079031982722,36.6808012177738
898,Gulf Blvd,,,,,a7141705-108f-4e9a-bd20-5085e9a17780,292.740681446128,101.401592338554
899,S Gulfview Blvd,,,,,d0f92be1-30c3-42fd-84ff-7e6ec9233595,512.485787850393,177.036832362563
900,Belleair Beach Cswy,,,,,7e18a0b2-8924-425e-872e-c0f3e2434a5f,2956.2185793839,1018.98036873594
901,Causeway Blvd,,,,,a286b92b-e4d9-4b0b-a94b-85ddd787c3b8,516.38773082183,178.089195648455
902,Gulfport Blvd S,,,,,1a55f67a-e9ab-4fbf-9364-46eabf33da06,653.639687873409,224.954693510019
903,Gulfport Blvd S,,,,,f8de4f9b-aa96-406c-80d3-b2b87ba60849,308.823856555643,106.750933949888
904,Park Blvd N,,,,,66dde557-983e-4440-a517-40ccf800ee57,384.610212226636,132.475614999652
905,Gulf Blvd,,,,,1f42470b-8331-4fdf-8998-7fb413e2a7eb,507.286718309847,175.665582980823
906,Gulf Blvd,,,,,0afcfa08-1414-44c0-9f3d-e02b5f16438e,1524.27744320017,527.826178042371
907,Gulf Blvd,,,,,2374c98c-e92f-4819-be65-f1c0d7daab8b,484.609434538275,167.751943085308
908,Gulf Blvd,,,,,58b0676a-ad55-4185-839b-42c4620ba1bf,1121.88238108812,388.410868329869
909,Gulf Blvd,,,,,70d03958-67b0-427b-ac30-af6e2fa98be4,578.261099628401,200.072377551752
910,Gandy Blvd,,,,,9c8b4cde-711c-4e17-a737-041b4c6cf9bc,657.90016136281,226.665559863436
911,Park Blvd N,,,,,22e45eb1-4a3f-47d5-b9e0-6af9f7af4960,337.486513322212,116.244607385056
912,Park Blvd N,,,,,e4bdbc05-fb82-439c-a7a7-02bb08d31f68,1272.52696148778,438.310647852086
913,Park Blvd N,,,,,aee7ff5a-c1cd-44a1-80c0-a89529031bde,472.928367273477,162.896005608026
914,Belcher Rd,,,,,a9f87e9a-c594-473b-95ec-cedff1f3b3cc,516.025226934951,178.689897801012
915,66th St N,,,,,a940a1ea-11b4-4182-882d-ae43685af43e,440.042345843041,152.364784443885
916,66th St N,,,,,99daeb3e-f9a1-4377-b5cb-2cbbbe280827,445.018785873057,154.088773542103
917,66th St N,,,,,17c0c3f1-3161-418a-aaf8-840a49770247,887.857760863954,307.432658902234
918,66th St N,,,,,a86782e9-c411-4a45-952e-cae7a4454647,332.341455293527,115.086580614675
919,66th St N,,,,,c42c2616-82c3-440f-b741-a09a5bc94c95,721.966735007532,250.01446842366
920,66th St N,,,,,2f8aeec1-7336-45d4-9239-9be345e3034d,648.025893820805,224.422064131001
921,Park Blvd N,,,,,97e9c9b8-7663-4851-880c-700ff97dc4b2,598.895155995364,206.28356298705
922,Park Blvd N,,,,,12ada1fe-d027-444e-8480-18324d21f347,1308.59932817607,450.733259162913
923,Seminole Blvd,,,,,99852152-65e7-4023-9d5a-bf485c7a171c,972.083036281478,336.632679034842
924,Seminole Blvd,,,,,bcc5866d-2127-4570-98a9-f4a781cd6ba6,139.904720680592,48.47422023392
925,113th St N,,,,,1569d91b-0cb4-4914-b1eb-26aa3275d411,273.073422734414,94.5636999497786
926,113th St N,,,,,38477cf3-4f23-4d75-b0f5-37456f39bdcc,331.83922305241,114.892348773742
927,113th St N,,,,,06eb6d91-52e9-4780-a419-a78418b7e5f4,1304.54826938861,451.721096611181
928,113th St N,,,,,6172769b-e871-4230-a21c-b48640b6f024,269.547460987334,93.3421110579001
929,Gandy Blvd,,,,,1854a6ae-fb31-448c-953e-c2591aa434fc,340.936002395736,117.480094831482
930,5th Ave,,,,,a213034e-587c-4a61-b625-5adf0e6b1bd8,433.952431685715,149.54657016684
931,Park Blvd N,,,,,a5efa6b1-0144-4c06-a62a-2c8bce04a434,424.455689382852,146.204639443814
932,Park Blvd N,,,,,e3a9ef61-537a-433b-84b6-d7d0d7ad7db7,540.53391142636,186.187276542762
933,Seminole Blvd,,,,,bf8a648f-8a58-4040-aaad-850a94332ffb,374.408114947084,129.625419494454
934,Seminole Blvd,,,,,58f67f1d-99ef-4b34-88d5-323c4aac14f7,317.641657205136,109.973302292878
935,Seminole Blvd,,,,,7be1b8c8-c233-4865-886a-05116b7b27ad,649.404732363045,224.857382756712
936,Seminole Blvd,,,,,c7c83df1-186b-4af5-879d-6deb614d7615,383.589579470953,132.82300652247
937,Gulf Blvd,,,,,0e0f1e7b-b5da-41aa-9c2c-76e28fc03559,435.046093618323,150.681912066568
938,Gulf Blvd,,,,,0aa52356-9b63-4d52-9a8b-9a49046e8eab,738.278383008897,255.72378476312
939,Gulf Blvd,,,,,92992803-2036-4b06-a07e-166575c6b179,329.879405569352,114.264516815191
940,Gulf Blvd,,,,,344790c2-a659-4e2b-b62c-18626ed2beb8,256.918980721053,88.9933703606218
941,Gulf Blvd,,,,,2b8620ed-faa1-43be-ae74-02ae4edb18fe,419.863416333983,145.437057611277
942,Gulf Blvd,,,,,168257b2-3ffa-4f53-af8d-602cc6f1da7a,588.401552186651,203.813989482794
943,US 19A,,,,,5e1b2b71-755b-4df4-91d8-e346dea9511e,949.455130699101,328.229370838915
944,US 19A,,,,,1de6339e-c8b3-4f9b-a8ce-e6a80d997dc1,632.99836624921,219.680245262974
945,Walsingham Rd,,,,,32881e50-58d3-497b-a7ee-f43668d045ae,655.599699508737,225.897271670084
946,Walsingham Rd,,,,,4dbb6b12-4bdf-41f5-b72e-8155844fcad9,552.672793795242,190.432335315156
947,N Pinellas Ave,,,,,67a9dcf2-66fd-42d6-99c2-97ee010bb1dc,320.531065414712,111.30330149139
948,US Highway 19 N,,,,,1cd15336-1c41-4133-89a2-321cda787b19,593.00660085894,205.746716290495
949,US Highway 19 N,,,,,d83145ac-a4c0-45e3-b21d-b9cb6fed3498,2166.77239545821,751.798182740916
950,US Highway 19 N,,,,,9f90e5c0-94c9-4ba0-b5ff-4832326d4062,1488.47473002624,516.500426946296
951,S Pinellas Ave,,,,,7b24586e-1db2-49b6-abba-8b5aa04d6a8b,328.408864553528,114.029842269312
952,Tampa Rd,,,,,8edc5ce3-f7b1-4c7b-ac6c-81ea9d45d5d4,342.074118549606,118.072694562019
953,Curlew Rd,,,,,323f6f0b-643e-4ef1-94e4-0866761d9eb3,1211.78071235058,418.262257239339
954,Curlew Rd,,,,,169fcc5e-98af-4b81-9683-344254c4c7b7,513.953652836604,177.454567310423
955,Curlew Rd,,,,,fd4967ce-e814-4e35-a992-14b5a0966170,922.006000087427,318.192236823744
956,Tampa Rd,,,,,963727d0-0ba9-4f82-9c6a-e18028b1a841,1070.74130342209,370.341907500866
957,Tampa Rd,,,,,a79743b3-a06f-4267-96b2-0b35624bf9ac,836.073509802801,288.584926088343
958,Tampa Rd,,,,,bd465672-26c0-4e96-9ff7-1465f27f2ca0,554.658344979923,191.450694125175
959,US Highway 19 N,,,,,3e418256-5349-4209-81a0-803620993858,1246.72094721676,432.524511797241
960,US Highway 19 N,,,,,15492ed8-3175-4927-989c-b652da30f545,1209.73104998428,419.712791219326
961,Causeway Blvd,,,,,bb4f0c8e-32d4-4b3e-a62b-90120183d868,512.263795284686,176.825281735182
962,Curlew Rd,,,,,34292446-f99c-4332-a366-e51497b3b93b,441.736394871994,152.447765884846
963,Curlew Rd,,,,,adaa819e-424a-4fe6-ae53-9fdc1b5e41d0,1279.11358209825,441.577432744004
964,Curlew Rd,,,,,f6de2798-d813-43ca-bba5-a6eff0ff3bbd,888.784946761058,306.724252082673
965,Curlew Rd,,,,,4d773b2c-a815-4c05-90a5-fb367a4af2fd,1511.94535223569,521.780441421588
966,Tampa Rd,,,,,900af943-eaaa-4f6e-a48a-3f2935ed7a54,817.267972770682,282.094003154519
967,Tampa Rd,,,,,0f006de5-b265-4a16-8c80-3fad9de14f6f,848.271347762791,292.798363057862
968,US 19A,,,,,ade8e884-4c29-4a60-b43d-1cb250470bd3,392.466606623479,136.046573607406
969,Roosevelt Blvd,,,,,35ad74d0-e156-4929-af20-7a0004dd7e65,329.004215148495,113.643769630152
970,Blind Pass Rd,,,,,fafd6153-6870-42f8-80e0-6cda500c985f,255.20950372923,88.182040254273
971,Blind Pass Rd,,,,,c3a5d5fc-1bf2-4281-a4c7-32876f013959,258.460014477012,89.3005350858669
972,Blind Pass Rd,,,,,a23fe824-cbb0-42fc-aa0c-6eba89ca59db,331.924548354274,114.700951505157
973,Pasadena Ave S,,,,,8c204851-7b21-4592-bbc6-91038f1d7d1d,864.390780453846,298.513536791049
974,Bayshore Blvd,,,,,6e502799-13a9-434f-8b47-9a6f4183e27e,538.210113006348,186.596198592781
975,Mcmullen Booth Rd,,,,,14e98a28-90fc-4b54-9504-f167a10dada8,974.879790782735,338.174063900367
976,SR 580,,,,,e0248987-d1d0-4a6e-8be1-8201b7485803,323.157656424294,111.502201858499
977,Mcmullen Booth Rd,,,,,13d9b679-420f-45de-ad22-f6a0c38f1d64,1830.81188565227,634.775172690146
978,Mcmullen Booth Rd,,,,,0b848f1d-6a91-4324-982d-9d57cba90eb1,527.542984063596,182.917796167002
979,Mcmullen Booth Rd,,,,,b1c9ea08-d18f-44c9-a4a4-f70317b308ba,711.715842602641,246.785415925707
980,East Lake Rd,,,,,b25d38d7-9803-499b-b465-01015939e9fa,2312.5989542186,801.900572734258
981,East Lake Rd,,,,,e31a0749-f289-489a-bf11-94ce91eb34ab,3010.25427025366,1045.17613569608
982,East Lake Rd,,,,,ea66782c-f56e-439d-9152-0a710d39b70c,971.23675195322,337.109682733335
983,East Lake Rd,,,,,3bd60b28-2c3a-4fe9-a566-4865b83be84e,2365.56817910085,821.266622681935
984,East Lake Rd,,,,,e8551023-7298-4f90-a178-8a9b4acc71c2,1754.25609382866,607.919980981141
985,Tampa Rd,,,,,b6b2b9e3-462a-4bea-a863-ab42d3eec341,611.743549253405,211.255385230727
986,SR 580,,,,,07186554-da0b-4b0d-ba69-5ce3fe84af15,1484.80971241117,512.683525698468
987,US Highway 19 N,,,,,82ca30f3-23e3-42b7-9623-8b8c03aca6c3,871.246111656247,302.472171680281
988,US Highway 19 N,,,,,2cf0ed35-c11e-4219-a189-75a4c8ac8c6c,858.621340751373,298.095926115851
989,Mcmullen Booth Rd,,,,,a0b48ef4-3aba-486e-bef0-2ae17cad810f,1517.35046727795,526.389345326351
990,Tampa Rd,,,,,7509b395-508e-4b09-86dc-1e61bf4d8235,727.117232403113,251.104025372992
991,Curlew Rd,,,,,f1a95123-235b-44f8-b79b-ba1eb7403937,553.475840846151,191.010061022423
992,8th St N,,,,,1e8e0645-03d1-4fe7-9a23-0136ceb75569,325.032691842701,112.477379532301
993,8th St S,,,,,f505df19-5325-4216-b4f6-192b4af90342,322.407635406945,111.568119256132
994,Dr Martin Luther King Jr St S,,,,,da488c57-bb82-48f7-bdca-5054a37f995a,311.259683350883,107.700193638824
995,Dr Martin Luther King Jr St S,,,,,cdc68039-efd9-45e6-ab86-70539ebafc07,352.1180736913,121.83622379452
996,Delmar Terr S,,,,,4374939d-3586-4b57-8a56-a81fa4ab979d,587.791174358343,202.331107934812
997,E Tarpon Ave,,,,,3b9f29f7-c909-4665-9a1b-b104928b314c,683.313155936163,236.028641261962
998,US Highway 19 N,,,,,00ff6484-556f-4361-84e3-5d2486bbe852,1113.05067463917,386.460058807245
999,US Highway 19 N,,,,,816b4511-96aa-41d0-94b1-ca8bf0653462,1023.70261309207,355.463114049131
1000,US Highway 19 N,,,,,d247c05f-d8b4-48bd-92c9-a5ea3611c5bd,674.11801925674,234.00429909105
1001,US Highway 19 N,,,,,2cbe0cd9-230d-4ad6-9ec0-a295ebcc00fd,304.308698271137,105.625822722596
1002,Keystone Rd,,,,,7448c535-8685-4e6a-b12b-86f2f915430e,1355.76499836766,468.365556529299
1003,E Tarpon Ave,,,,,6fa3134a-0011-47b4-b8cb-26d6129a810d,660.857787594721,228.272308006282
1004,US Highway 19 N,,,,,b42fa28d-b464-4f96-8e21-584484f03bd0,649.052563085676,225.293999312036
1005,US Highway 19 N,,,,,9654a25c-f269-4a52-b284-ba7fe1ad9982,812.397261336067,282.019587430692
1006,US Highway 19 N,,,,,b035d4bd-d56b-42bc-9e8d-01d311f76896,1175.15363503546,407.853778343363
1007,US Highway 19 N,,,,,31eeb4b5-e3a2-4c3b-a4ea-b2d6dfcabd95,912.027701399416,316.544130130604
1008,US Highway 19 N,,,,,ca67e51a-f804-4372-a638-32dd3fd50b96,1774.35896411304,615.795275212537
1009,38th Ave N,,,,,7b5212e6-4fe2-44cc-bc46-eee3e9543ff3,663.924820084296,228.618682848768
1010,4th St N,,,,,12e51dca-b233-4062-9ca2-9efd4a80886f,157.652899921282,54.5610837638485
1011,4th St N,,,,,dc7242c2-4638-46e5-bd20-faa47bbcd8d0,307.20458026651,106.322419477489
1012,4th St N,,,,,5306a16d-b65b-4deb-ad37-aa34f2fe0763,330.909909160324,114.534606645664
1013,4th St N,,,,,fd803fa3-dd7d-48e3-a049-466bd0d24e16,330.82317726322,114.50584874555
1014,4th St N,,,,,d87a08d4-4ebb-41d1-8f96-fadcd680cf9d,326.949391479452,113.165980300752
1015,4th St N,,,,,282f4aa8-3ce6-410e-b54d-467282ef4444,335.802177287851,116.233785799038
1016,4th St N,,,,,055dd623-8c56-4a9a-9acb-49d24d7b5ca3,338.786582400825,117.269812252159
1017,5th Ave N,,,,,d4223d7a-02e5-4ab6-9a2d-22e4ddfc8172,200.915608671123,69.1656678773068
1018,5th Ave S,,,,,7d585f91-5020-414b-ab8d-3d2939034df2,500.104775107164,172.14430368117
1019,Dr Martin Luther King Jr St N,,,,,81182495-ea51-44a0-ba27-4c0e870a4c54,291.601277427866,100.925783705358
1020,Dr Martin Luther King Jr St N,,,,,bfb50c64-fd0f-49a3-b5f5-ed89cb7d0063,328.753937887551,113.786541892778
1021,Dr Martin Luther King Jr St N,,,,,0582ee79-1f2b-487e-ad60-4a2d8466e1d2,397.461932847589,137.581760308463
1022,22nd Ave N,,,,,1d9a13b2-32e9-40f4-8443-dcd98e73b404,338.700233531876,116.613720674978
1023,8th Street Connector N,,,,,43b8d4ec-0ea4-4d79-9452-31ce1320dc68,184.496765800536,63.8186766389999
1024,Ulmerton Rd,,,,,21e22378-863b-417e-a90b-9b033f322fdb,684.905391736287,236.027963858096
1025,Ridge Rd Sw,,,,,86dcd809-8df6-4f27-b29e-1b1a00423b97,231.463526982376,80.1929177474883
1026,Ridge Rd Sw,,,,,c214cf1f-5bd3-41c6-b42d-8076369b83fc,258.64325487852,89.6080447188797
1027,Ridge Rd Sw,,,,,c5d6274c-7b4a-4b63-862b-0a554efff268,439.251741320859,152.175318985792
1028,54th Ave N,,,,,fa78f8e1-4698-499c-9624-a8a397110a38,428.802094759482,147.674748671334
1029,22nd Ave N,,,,,95de8b90-1300-4602-9916-cedd09b3c373,669.906990640289,230.647140156881
1030,22nd Ave N,,,,,bcc10316-bb00-476e-87ae-77a58b8d7221,657.329479438061,226.316955939644
1031,N Missouri Ave,,,,,e1116680-c72a-4c50-8115-99a065a24da8,666.803881598669,231.05073027004
1032,N Missouri Ave,,,,,193abce0-5b2a-494d-b743-4535a9f81930,1347.69088630537,467.024622549298
1033,US 19A,,,,,e5004a1c-45a1-42f1-b337-82c97d0db8ca,672.055804637172,232.792338154746
1034,Clearwater Largo Rd S,,,,,12597b05-c9c6-40f6-9ad2-ad9d8993abb8,336.863710335425,116.717753442239
1035,Clearwater Largo Rd N,,,,,2b396058-58f9-4cc4-b72b-e557c7dda310,334.584575962602,115.937601794361
1036,West Bay Dr,,,,,7bc0be96-8121-4a0d-b645-1bc892bf837c,361.114286104015,124.470134235576
1037,West Bay Dr,,,,,e262e1f1-3b0e-49f4-8595-83264e0f4d3f,405.942355990904,139.921107857804
1038,West Bay Dr,,,,,31ff7066-c94a-4871-aa38-c07b8394fdb4,756.822037040176,260.86289589404
1039,Seminole Blvd,,,,,b2feb32f-d8bc-4686-ab9c-2c88bf1c6017,526.000273887473,182.234428086758
1040,Seminole Blvd,,,,,3ce18542-a945-4271-816e-ad24c7a49e17,369.381395020568,127.968313208478
1041,Seminole Blvd,,,,,233f75bb-d8db-4a3d-a1f8-1bfa0f035eb9,278.151364065944,96.3615277201805
1042,102nd Ave N,,,,,1e9e8b24-af03-4857-ac67-387822682ff1,936.770054543885,322.754707844426
1043,38th Ave N,,,,,7c656fa4-e36d-4077-9ffe-267504dc76c0,1321.21116911604,454.943516531604
1044,38th Ave N,,,,,9fe5483c-5fda-4585-8eef-2a66327d7e93,456.776068241942,157.285359842845
1045,38th Ave N,,,,,49f55cbd-f517-47e4-8598-c441d620af96,869.033501097975,299.240758982332
1046,66th St N,,,,,a158780e-9067-443e-b483-fb73627329ad,283.029355249474,97.9491598573417
1047,66th St N,,,,,89b7deb0-a9c8-44a4-91c1-eb07f5298f9f,1037.27593158406,358.980048185684
1048,66th St N,,,,,380a8258-c97a-4d1b-9fe9-c66ebd9218cf,656.754770421223,227.307016636084
1049,66th St N,,,,,4b9fe5b9-0447-4cbb-8664-ef8820918ef2,1321.32693363843,457.342945814559
1050,66th St N,,,,,6d2f9756-61de-4e7f-bec6-1c02c6471102,1167.6080301727,404.164701297405
1051,66th St N,,,,,6263b899-5c3c-42d5-9f75-c209fb20c15d,671.11997543747,232.312519117527
1052,66th St N,,,,,7b76d673-10ff-443f-a9ca-1ea5aeda63e5,947.986310346507,328.133514366449
1053,22nd Ave N,,,,,068d9411-1d25-464b-833c-ed316b257c31,514.321950256573,177.29112022076
1054,54th Ave N,,,,,3a432126-4f68-4b68-8e90-b9913451f5c5,328.107757032744,112.995135839702
1055,38th Ave N,,,,,9ca88bba-5799-4d88-ac0a-f647b73390a7,393.947152167498,135.650698418395
1056,Gulfport Blvd S,,,,,3ff861e6-cd58-4d8c-a125-f0a47a8c925c,938.066031091976,322.868828811032
1057,Pasadena Ave N,,,,,eaa16b79-8867-4684-bab5-2380dc363e9c,288.377431755555,99.6169966128317
1058,Pasadena Ave S,,,,,be3ae558-1e3b-448c-b338-917a6d6cb315,407.614001565914,140.973428055292
1059,Pasadena Ave S,,,,,a3848e1e-ad87-41b8-88e2-e4dc9af453ee,419.639621602478,145.133154498541
1060,66th St N,,,,,5b212f47-0e8c-4580-af72-88a4075b78f5,305.533028101152,105.732439942809
1061,66th St N,,,,,d5d1afc2-7ff5-4af1-b105-5fec5e01b6d6,658.408125092081,227.853377133573
1062,Gulfport Blvd S,,,,,4218b711-6360-44ed-8acb-16f0f4c2f4b6,734.950536314612,253.331904966368
1063,Bryan Dairy Rd,,,,,f2181b56-f274-4ee5-89d0-9c8e4a6f26cc,874.410027890049,301.27695265942
1064,Seminole Blvd,,,,,e8e933d9-64bc-487f-9dce-055a05893d4f,269.218761938387,93.2426195053735
1065,Seminole Blvd,,,,,5a2df2dd-6b20-4386-9555-bb1ae566b4d6,855.363620803177,296.276605282265
1066,Seminole Blvd,,,,,7a5294a8-2c38-4ab5-ab71-60455cf32fbd,946.397334586963,327.821645000951
1067,Seminole Blvd,,,,,e7117ba3-f50b-437c-b807-7f2c96505e53,212.460862437717,73.5962696676546
1068,Seminole Blvd,,,,,9d66f21a-a16d-465c-83fa-629c77984e55,373.273821173103,129.303084459326
1069,Seminole Blvd,,,,,a76886a9-5fa0-4f88-b97f-e1a31742fecb,1283.28872743192,444.556501799193
1070,Seminole Blvd,,,,,e6bacf38-f2c3-4692-9200-323aacc53471,285.296881467816,98.8183204843895
1071,113th St N,,,,,a4f2dbbe-8711-4c0e-bc5b-d0f8302a5762,1338.1213892806,463.506691107243
1072,113th St N,,,,,db4a066c-c1f3-4a5b-911b-38167cb82041,565.056425566115,195.736560533481
1073,22nd Ave N,,,,,3f6fd1f9-9053-497d-ba9b-b4d27fa5b51c,1303.42530801484,448.759462943639
1074,113th St N,,,,,41b1167e-e826-458a-b686-0d2202a6d421,1469.16209990295,508.831653725451
1075,113th St N,,,,,2120d24b-e78a-4892-a589-6b1c81143770,871.699086438922,301.88823132943
1076,Seminole Blvd,,,,,40f1f94f-c653-431e-b121-2e32765b2f07,278.157547396331,96.332908966463
1077,Seminole Blvd,,,,,99ead257-d879-4108-a9f6-2245eebfe05c,715.423440891488,247.778303743156
1078,1st Ave S,,,,,6cb9dc40-2cad-4cc7-8d4d-d9212a64b677,449.459100701983,154.722447835532
1079,1st Ave S,,,,,fd69ce8d-2b7d-4414-9361-ca7536be830f,430.101872297545,148.052393432191
1080,34th St N,,,,,712b17e3-acb1-45ca-a5b2-835f7c5d9da0,335.487729859894,116.102801861348
1081,5th Ave N,,,,,e5d31703-cecc-4168-a023-308ba4913dbd,489.30724142291,168.443945912854
1082,5th Ave N,,,,,20f5052c-b0d2-43aa-9477-23748253a712,437.088603112944,150.467407549338
1083,34th St S,,,,,3620e980-2b9b-4cb1-a5d3-c43de4d63bcc,341.101881464999,118.023764137887
1084,34th St S,,,,,b653bf4e-0b13-49ab-92f5-a661b78a3964,313.975270368512,108.635864989784
1085,Ulmerton Rd,,,,,f1c664b4-3296-4a85-8405-37e4ec16d482,1656.14654404382,572.207972572443
1086,Main St,,,,,9d3ea637-6676-4426-bf70-5d0dcbfcc1da,99.166437003964,34.2255799774209
1087,1st Ave S,,,,,63b3ab83-2083-4e51-a0c9-71306bba396a,441.207623037853,151.876101646214
1088,35th Ave,,,,,c79baecd-f909-4455-97ea-88dbb300cde7,119.237059010227,41.032175022395
1089,Gulf Blvd,,,,,aeaea8de-15a7-4a2d-be9e-0f0c7e8e0e8e,264.368454105115,91.3473345237927
1090,Gulf Blvd,,,,,40c5471a-3fc4-4b92-a1be-1b2616e163b4,349.327605529713,120.658712941097
1091,Pinellas Bayway S,,,,,e3b8318f-7bea-4186-ae0c-5d2b9084c91b,2201.71015052857,757.923755468465
1092,Pinellas Bayway S,,,,,1a86bbca-8844-4b23-9606-1b137cf4ee52,1548.60147918932,533.522487900541
1093,Pass A Grille Way,,,,,2273cc66-e9df-44b2-8d49-39567c412d68,502.229602306886,173.687454489475
1094,Pass A Grille Way,,,,,ef8ac79f-7a07-4154-892e-bc20a5889ef9,396.983770799214,137.291238628369
1095,Roosevelt Blvd,,,,,2d170282-e34f-4c1b-9297-9e3aee3c7811,525.325674153501,181.96026528627
1096,22nd Ave N,,,,,eecf7360-ae4c-4c63-b3f2-75d254243781,662.10165009253,227.958852494847
1097,22nd Ave N,,,,,51e5aeba-248a-44ad-a2c5-b3a4224cdc89,658.976599146747,226.882977123895
1098,East Bay Dr,,,,,c9ef1d8c-0d1b-4ec6-be14-04136fc7ca81,624.499111189544,215.255576577533
1099,East Bay Dr,,,,,c33a243e-6cc3-43a5-880d-49b50d69d1cb,412.664828663545,142.239033541189
1100,East Bay Dr,,,,,9bfd3389-e654-413d-ae2e-bc865f598672,359.052988964239,123.760880724719
1101,N Belcher Rd,,,,,c85e22ee-fc2a-47d0-a59a-aa8aaed17939,609.382145156337,211.176749078215
1102,N Belcher Rd,,,,,c6eab1ee-4ab1-4f76-892c-8e78217ebf30,579.216952750446,200.720187528286
1103,N Belcher Rd,,,,,25bb51d1-8a41-491c-b67c-bfed75b85ef8,508.921897793076,176.356544211245
1104,East Bay Dr,,,,,1193e17a-e47c-4dd3-b788-12c1fe73b8ad,661.232967448779,227.917205581999
1105,Ulmerton Rd,,,,,500afc34-6607-4c0d-989b-1c0fcf54b18f,727.589880520743,250.738584744326
1106,East Bay Dr,,,,,65bbdf5f-3f8d-4acb-9937-05259a47b8c0,1174.66944111042,404.890785617606
1107,East Bay Dr,,,,,d57610d0-d939-4027-b32a-746af71615f6,329.629131079176,113.618883396198
1108,S Belcher Rd,,,,,015ba48c-20c7-465d-a794-23c968560c0d,111.154971783617,38.5119104935633
1109,S Belcher Rd,,,,,8f6e486d-220e-44ef-8395-ccff0e69928b,718.067186263179,248.777792809641
1110,Ulmerton Rd,,,,,662409bf-f889-4635-a417-4411c4fa40c3,624.506849192269,215.213846231955
1111,S Belcher Rd,,,,,65198cee-2b01-4a0f-ac1a-565b2f5efc5e,526.368553494713,182.376573757512
1112,22nd Ave N,,,,,cbf5edfd-c74e-42ef-959f-1ea0543755ab,672.519266771614,231.546440724168
1113,22nd Ave N,,,,,74f60555-bef2-410e-a4f1-fbddfc3fa901,148.965659288208,51.2885056178068
1114,34th St N,,,,,33fe4841-0861-49ef-9484-0e5f0934af2c,331.461520489588,114.732463234984
1115,22nd Ave N,,,,,b399fafc-c603-4ace-ba39-c1b49bdb92ae,656.682817502169,226.0935792691
1116,22nd Ave N,,,,,79b8a686-3338-4c5c-be98-f8c1d0b54682,665.355642139164,229.0788213448
1117,34th St N,,,,,e7433338-24db-4b64-8e4f-2bdbd32f6af5,334.55494128481,115.805891298243
1118,34th St N,,,,,4e2be5e8-41f7-487a-9d2f-2823ca2fa62f,315.618041946949,109.251978165996
1119,34th St N,,,,,5abb9828-edf0-47c1-a927-29c1b1124f06,1322.0645704556,457.679765906496
1120,38th Ave N,,,,,5e4e23bf-50a4-4fdb-9bd7-1e352e238de3,327.544881872212,112.787941840145
1121,38th Ave N,,,,,130fea78-e705-430a-9ced-f695e43773ea,656.346414429029,226.007660009429
1122,38th Ave N,,,,,6d090335-dbde-4139-a8e4-3ec76c3275ab,661.004304670179,227.611317346003
1123,38th Ave N,,,,,9266c223-1028-48fe-a223-4812f2737dc8,437.804708521793,150.754458703566
1124,54th Ave N,,,,,f614514f-043f-4ba4-8f60-d62463610cb0,666.447712529596,229.516406113135
1125,54th Ave N,,,,,7034f701-a1f0-420e-a72b-f365c089fd2d,653.003779773029,224.886230250747
1126,US 19A,,,,,72bf05f2-a1b0-4462-bbe0-ccc5d93f1ec3,2021.90655260057,700.438596231045
1127,S Belcher Rd,,,,,a01924c2-60d8-46df-ad83-e57082f39577,453.19910252295,157.08979301249
1128,N Belcher Rd,,,,,bee1fb68-0ed0-4f5e-9884-dceb7022b131,822.269263402962,284.96466809281
1129,N Belcher Rd,,,,,3ce9ba4d-9bb1-4950-b357-0da5afe0efc1,563.372766478621,195.241903575926
1130,N Belcher Rd,,,,,a347e9b7-4b05-4349-aff4-0b1ddab16cf5,343.859898944071,119.165826733757
1131,S Belcher Rd,,,,,2c292528-5a6a-424c-a33a-c1c48da457c8,268.133750007268,92.9326824926242
1132,S Belcher Rd,,,,,7627378c-98cd-4bef-a5a9-84d2ced1d92c,261.672501368875,90.6922542026475
1133,S Belcher Rd,,,,,0863ca44-59ad-4c79-b450-f3b49aacb392,291.330270453213,100.979256889154
1134,S Belcher Rd,,,,,946832eb-3c74-4f77-b9ca-9ca0f4285306,583.218166386698,202.147979186173
1135,S Belcher Rd,,,,,b9506d7b-572b-4fc0-91bd-65ee46626dd2,724.766878581996,251.234003799305
1136,Belcher Rd,,,,,b9978310-4f75-4ea5-bb65-7dbe987bca89,1333.58267673526,461.906549720498
1137,Bryan Dairy Rd,,,,,d2f96d29-70bc-4ead-b765-843d492c5b28,783.522025809175,269.960078960834
1138,Bryan Dairy Rd,,,,,c3acf003-1499-43ed-8688-e835eb1bea24,1373.40907907365,473.320653962181
1139,Bryan Dairy Rd,,,,,816e8836-1234-4fd0-a41a-4355804957fb,602.020324642292,207.423338339862
1140,Ulmerton Rd,,,,,ba4f4f3d-db11-4842-9b58-54eaee04b135,831.102045341317,286.410690861291
1141,Ulmerton Rd,,,,,fafaab43-5d3e-4053-81e3-8d69820d5f53,329.104129158676,113.414352473934
1142,Ulmerton Rd,,,,,918e9c5a-2d84-4eb6-ba3d-10ba2873c577,823.902573390038,283.932453014821
1143,Ulmerton Rd,,,,,e24eb430-5eb0-4cc8-aa6a-ee01af3ae096,480.354061126772,165.538981073133
1144,Treasure Island Cswy,,,,,b8750742-04a3-4aa4-a52b-8e3bc51a5f05,2721.18275158953,936.697555360529
1145,US Highway 19 N,,,,,39ac1fe3-f2e9-4743-9622-359477805ba6,720.901346033997,249.341021034696
1146,US Highway 19 N,,,,,c283abcd-ad4d-4bb9-afe1-078b278bccb1,1956.26280712671,676.674317916144
1147,Bryan Dairy Rd,,,,,7532f193-de10-4404-8728-8a603edc9db3,1546.53438464908,533.588925845524
1148,Belcher Rd,,,,,86349c8d-bf0f-42a3-9334-dd5d551f9d47,2685.77906171365,929.128040932967
1149,66th St N,,,,,a4e1c0fb-e7c2-4782-bc27-821847d1bbdd,291.301202480203,100.884572120562
1150,66th St N,,,,,12e8d4bc-3738-48c4-af5a-8a1c722572a8,525.425825478793,181.968706714835
1151,66th St N,,,,,06e849a3-8f25-4d62-bc1c-22974baf9b52,793.897309703895,274.952911354485
1152,Gulf Blvd,,,,,5a972f7f-e48e-4ea4-8574-1db414921d68,654.299680888323,226.130723483093
1153,Gulf Blvd,,,,,032ca416-fb9e-45df-875b-7f8f1e4b11e9,650.639021739702,225.0361706505
1154,Gulf Blvd,,,,,1e99b132-91ce-4f1f-aea1-f95e61e770d0,650.226908980309,224.857981133918
1155,Gulf Blvd,,,,,a8480722-7322-4c1a-ad9a-7a0b7c15935a,625.152883962213,216.121831265893
1156,Gulf Blvd,,,,,e350c8ec-2b2c-4562-a16c-4445ab56fde2,487.341144182199,168.511875306188
1157,Gulf Blvd,,,,,aea724ec-81f2-4f82-abf7-f728b05fa975,316.314867253603,109.155899243055
1158,Gulf Blvd,,,,,ab419ff3-b23d-4166-b5bc-0234d0a8afa4,419.511680572993,144.762737489231
1159,Gulf Blvd,,,,,909dfc50-4b2d-4948-b48f-8a386a9f6de5,249.539850426544,85.9705688592557
1160,Bay Pines Blvd,,,,,028a1f61-ce2e-4efa-89a5-f9943fa7773d,1560.04194258706,537.214630196703
1161,107th Ave,,,,,ce7cbdc8-e046-4ba0-9770-0a6f7ad4e796,497.824825496702,171.394477554577
1162,Clearwater Largo Rd N,,,,,c95d71aa-c776-4b65-a1e2-a0d7902e29df,358.358049130173,124.180153109811
1163,38th Ave N,,,,,e2d82021-056d-44cb-a7a0-e2744b97f6f8,238.001584189028,81.9532220630384
1164,38th Ave N,,,,,0ed37622-a5a8-4eea-bb50-c86d67860003,598.01497656217,205.919792245723
1165,S Myrtle Ave,,,,,f7b0401e-6728-4c15-a66f-91bc3622eb74,632.469801520875,219.207699771864
1166,8th St N,,,,,e295a798-d1f5-4486-8b30-2fc1511027d4,137.901862307259,47.7229336662581
1167,5th Ave N,,,,,019217e5-4dee-44f6-8ecc-b5aaec0cee9e,649.328851047123,223.529513419025
1168,Gulf To Bay Blvd,,,,,e6aaefcb-f6c0-4186-868c-1db754cc6aa2,500.238638373018,172.494835269618
1169,Edgewater Dr,,,,,ba06356c-5665-48d3-87de-d2a7114d06e6,344.623278739583,119.456569450063
1170,Edgewater Dr,,,,,5beaf36d-914f-4b10-9901-e1a9f5ee37f2,284.553543885782,98.6668669459864
1171,N Myrtle Ave,,,,,b1c530a1-e04b-4623-a104-3e26a26542fa,166.79621890613,57.8256539594808
1172,N Myrtle Ave,,,,,af0a251b-fd0d-4e90-b59e-2636c4904541,233.59312812574,80.9853768835467
1173,N Myrtle Ave,,,,,1c696a3d-8047-4d0b-abb5-5c922b1fd83a,321.581751014279,111.492566683719
1174,N Myrtle Ave,,,,,9cb20756-9329-4146-908f-98bc839fecdf,241.771549320501,83.8229450879759
1175,Edgewater Dr,,,,,fbb6f9f6-790a-4092-9149-2d056dde58f5,346.973969676759,120.305248964813
1176,Edgewater Dr,,,,,2c8895d3-172d-40c8-b467-2affce42d6df,772.129743394166,267.635787013366
1177,Court St,,,,,da58152d-6c34-4db1-a3fc-ed4ec7d093ca,667.59273191851,230.203307462813
1178,S Belcher Rd,,,,,4e9e6b25-8066-4638-b3a9-8287c9fed15f,472.01617826818,163.510198396453
1179,Dr Martin Luther King Jr St S,,,,,2068c692-8530-46d9-9af6-378720ab5417,247.452599914248,85.617037481653
1180,Dr Martin Luther King Jr St S,,,,,f41c95d3-6f80-4d0c-a39a-a158e8911314,496.839671096915,171.901419359265
1181,Dr Martin Luther King Jr St S,,,,,0b16c114-3f57-4047-8c68-add0608dd255,293.728980297377,101.622037009484
1182,Dr Martin Luther King Jr St S,,,,,df14785b-d6b2-4eec-95b8-6c6f3838e25e,780.245550331852,269.9229511971
1183,Pinellas Bayway S,,,,,a842f6da-a26c-4dc9-95cc-7df869e2b7d5,971.383240713171,334.340743257185
1184,22nd Ave S,,,,,2ba44ae0-2e8a-4b9e-8752-082628324148,425.486342464474,146.435527301098
1185,34th St S,,,,,0230c756-3ee9-414b-be2c-28158f4452b6,1221.93974337297,422.653474510584
1186,34th St S,,,,,ba94229d-59d2-4b28-964f-e0d6982457aa,520.407197847501,180.025284798917
1187,54th Ave S,,,,,070b3860-a8fe-447e-9878-8186d0f07ce5,1010.03604976782,347.5210743806
1188,54th Ave S,,,,,cc2525f2-1af2-478b-9031-14ce9abff6f2,684.179543187035,235.426373160516
1189,54th Ave S,,,,,33a458ad-1372-4a96-a9f3-b7c5c52ec837,1542.94351130181,530.904334873023
1190,54th Ave S,,,,,29187b36-d27f-4443-ae4a-8abf78d42328,771.415894602648,265.418384000805
1191,S Missouri Ave,,,,,aae4b796-c959-40a8-b439-fdd9f3d79a41,812.087271568191,281.492432150373
1192,Dr Martin Luther King Jr St S,,,,,d8d40aa0-c6a1-4aeb-820f-5762e49a0f63,288.759140223932,99.892840487776
1193,Dr Martin Luther King Jr St S,,,,,9b326109-c20d-4b19-9238-8295a2292624,661.122654716328,228.701446428625
1194,Chestnut St,,,,,d8a28c4f-5919-4147-acf5-d7de056ef129,491.183188062657,169.371550542319
1195,Court St,,,,,c805bad6-ef1a-4116-abab-6481cf7ff7bb,2074.28757612693,715.263527285563
1196,N Myrtle Ave,,,,,ff8b9ddd-21cc-45b1-a341-c5ba7526617a,320.301529270145,111.034160312363
1197,N Myrtle Ave,,,,,fb336a0e-d274-40da-8ee3-ade8f29b1b4d,291.527332022082,101.060069498488
1198,S Ft Harrison Ave,,,,,b6c5717b-eb3f-4288-be2b-33c017f46fd5,333.889824931646,115.720268975298
1199,S Ft Harrison Ave,,,,,584a79ed-54f6-4243-b70f-1343fcee0f83,1248.00883551536,432.001605151042
1200,Lakeview Rd,,,,,6fc5a023-3ead-4ab1-a8a2-aee9fcb68030,303.775285565269,104.736380655481
1201,S Myrtle Ave,,,,,2419f0aa-d7f6-4e54-ad46-60f85c0b271c,330.066750690855,114.404956845347
1202,Roosevelt Blvd,,,,,faeb1748-b4b7-4bce-a2a1-939ca8b90cf1,100.216973596528,34.5478415402445
1203,Roosevelt Blvd,,,,,2b71d304-fed2-44d7-bf15-eb914ff049d7,1063.44741256544,366.554960986939
1204,Roosevelt Blvd,,,,,a814a00f-d667-4502-96ae-4b523259540c,323.689949204493,111.571486513228
1205,US Highway 19 N,,,,,2ab85823-834e-4e91-8b1d-69b819a046f9,672.392834261982,232.991174177505
1206,US Highway 19 N,,,,,753a3e50-d80d-48b7-b462-38804b3c69e9,466.320318308705,161.601282296147
1207,East Bay Dr,,,,,1683117e-e1bd-48b6-8a76-9c273b77bc18,127.517477347668,43.9535055977921
1208,66th St N,,,,,589ab023-818d-4217-b115-8182d52f85a3,543.00394434278,188.102074357329
1209,66th St N,,,,,7614fa32-c06f-43c1-9802-8c05ce67b20c,971.002418449266,336.322514884125
1210,Gulf Blvd,,,,,cb069bca-27ae-4df5-ae58-c4856fe59a08,276.114295519659,95.3995765266836
1211,Gulf Blvd,,,,,93f0d27f-edfc-4ae2-a908-61a3131f8fba,489.127226325848,168.798083475183
1212,Gulf Blvd,,,,,a41bfa89-2f81-4be1-8291-e3c0a1929198,219.092917208428,75.6149050958652
1213,Gulf Blvd,,,,,45a91f6b-83d6-47be-97a8-97d7c0f16c74,151.528891863194,52.3067377644884
1214,Gulf Blvd,,,,,e0d60310-9922-4ef1-9db2-31da7a9b0e10,583.103973133084,201.248251797038
1215,Gulf Blvd,,,,,47b034af-852c-44d3-9568-489744425e4b,508.112117798079,175.353586864432
1216,US Highway 19 N,,,,,8bfa471d-0f2c-4074-b8ac-8145d2c6bf5d,778.091743672329,269.590421754553
1217,US Highway 19 N,,,,,341ba9c1-f0e2-4598-8329-4c8567e3ba5c,497.213287326862,172.267251425574
1218,150th Ave,,,,,5dc60bc9-98f2-4422-8aa5-f5ace4d948fc,2004.52251930585,692.244335130986
1219,Bay Pines Blvd,,,,,34d3eb59-d600-433b-8fef-b6dd20ff0f69,1824.51417955812,629.777317048231
1220,Duhme Rd,,,,,78f818e5-10c1-4f92-a1e6-e7e5e19a1c3b,527.461754884841,182.25847454213
1221,Duhme Rd,,,,,a495a57a-e9b2-4f0c-aa97-1e03385178a2,814.436180683386,281.650949318016
1222,Duhme Rd,,,,,67d0e8fc-e25f-40d6-b9d8-08a99a58b69d,353.193037111566,122.268420703835
1223,Gulf Blvd,,,,,1494e05c-5422-4c67-88f7-c93b0ca0faf4,240.307306338394,82.990539201748
1224,Seminole Blvd,,,,,207c0699-3583-41cf-aa14-4b638ef54e60,577.83688652391,200.041797581861
1225,Duhme Rd,,,,,eb36f64e-f7e0-46ba-971d-0e1f6ffd90f6,385.170269743895,133.342507451279
1226,Duhme Rd,,,,,7a4f8e7f-d343-46d9-b995-0ce2d964dbe0,430.52825272025,149.046770316875
1227,113th St N,,,,,2e127731-003d-4656-ba36-dbd50e22ee66,866.775488441185,300.04507098191
1228,Gulf Blvd,,,,,71058b80-5580-4243-899f-a2474ab83783,201.678513932145,69.665943908104
1229,22nd Ave S,,,,,6e026f2e-89e5-4ac6-a226-d61f58c4963b,282.206724784665,97.1242746526115
1230,22nd Ave S,,,,,2785c030-72f5-40a1-8303-8b923122f8c8,249.707918701668,85.9394980531788
1231,22nd Ave S,,,,,f22ef187-71a8-4a19-800a-548b1b75aae1,268.321151501939,92.3453909686374
1232,22nd Ave S,,,,,26b01947-82b6-453d-8609-5171aa2463d9,258.256202311297,88.88155924389
1233,22nd Ave S,,,,,f851d26d-113b-4515-8e33-bff567f2a3a0,172.028735534426,59.2053608660178
1234,22nd Ave S,,,,,00efeba2-10fb-4e38-8c13-f19fe664aba2,621.54787392566,213.911805281208
1235,22nd Ave S,,,,,aab451a8-ee1f-469c-80e7-5e0884bbb538,270.636504534852,93.142676053441
1236,22nd Ave S,,,,,7fa22417-86e0-4ec0-b788-912c54c32d56,176.804121674535,60.8496422270558
1237,22nd Ave S,,,,,3fd5ae5a-b83a-44ee-b10d-aebcd24b40ed,200.451262702448,68.9869385405714
1238,22nd Ave S,,,,,bfd99a7f-a742-4193-8356-154e397958a9,1174.06484988377,404.063677171954
1239,22nd Ave S,,,,,98471cf0-24e1-49c7-b704-b2982dbebd85,332.129601262315,114.304940225564
1240,22nd Ave S,,,,,5cdbacbb-c625-413b-83a2-fa45e35ffbfb,319.856249291287,110.081153823714
1241,22nd Ave S,,,,,37d1d64d-593d-40fd-82e1-a29014d76aa3,655.017375799884,225.428941876183
1242,34th St S,,,,,aaa88803-fba0-4fb1-939d-14d2c06cb5e4,207.807835843511,71.900015099763
1243,49th St S,,,,,046e9f62-83ff-4661-a1bc-7984258c6ae4,328.848943906625,113.779101315826
1244,49th St S,,,,,7a3d68a7-7154-4a0f-b23e-af4de85bdb10,663.208510381262,229.458245678318
1245,Gulfport Blvd S,,,,,62fa0db5-3e93-424f-a91b-4e47a302fb90,665.639524705849,229.084562209107
1246,34th St S,,,,,83a06fde-9b41-4282-b767-1870f95dc74d,218.774805855303,75.6912342895252
1247,34th St S,,,,,d14d1bdf-df75-479f-9ccb-e20fefd29599,429.505746920304,148.598932399805
1248,34th St S,,,,,e596bd49-3f4e-47ba-beda-36352a1f6756,664.503626616723,229.899673122814
1249,34th St S,,,,,959b00b1-f1a9-4333-bfd9-8b65d760db26,685.524024333346,237.164080307032
1250,34th St S,,,,,43cc3251-6abd-44c9-90b6-6f4c719d28a2,515.53595817651,178.349351656644
1251,34th St S,,,,,e9acb6c2-e5ed-4608-bd76-985f3216221b,803.597890253396,277.99442650961
1252,Main St,,,,,47e69286-f994-41d4-9ccb-2085768cd27f,796.295089886695,274.732231134535
1253,Main St,,,,,b54e361f-21aa-4c57-9277-3039119dbea5,312.696639648223,107.88429958102
1254,Countryside Blvd,,,,,267f2a52-f821-4e81-ae03-ca4fe70c07aa,1442.22406036353,497.82985209952
1255,SR 580,,,,,26d19103-0d30-4bf9-ba3f-9e7d08eda324,1278.51709693482,441.106307186968
1256,US Highway 19 N,,,,,fb15be44-3fa1-41b1-bfcf-80063dec45a4,708.708420809538,245.818458574168
1257,US Highway 19 N,,,,,88316688-4a10-42be-8de7-db0277adcd3b,628.991028170377,218.171355554558
1258,US Highway 19 N,,,,,f997e43d-6fdc-429f-9094-459b95879009,528.436843545892,183.303761019912
1259,Gulf To Bay Blvd,,,,,a5b0b96c-14ab-4f27-984f-2cfddb634277,391.021297982582,134.834283230468
1260,Gulf To Bay Blvd,,,,,0187238e-4961-4bab-83b5-a6e35aaa86cd,109.193963449514,37.6532369621249
1261,Gulf To Bay Blvd,,,,,2898cd01-eac5-468a-a760-866ce7f4a1f6,1243.25961129458,428.709042733924
1262,Gulf To Bay Blvd,,,,,c353e995-fd5b-4a96-aa89-c54fcafee149,348.503969441025,120.173593215966
1263,Gulf To Bay Blvd,,,,,72cef263-6ef2-4574-9b44-5a2af06f7b02,484.632683063293,167.114606227088
1264,US Highway 19 N,,,,,7a67cc27-ed44-457e-b348-a0456319de46,306.940735390228,106.476165929982
1265,US Highway 19 N,,,,,b6484c2e-dd02-4d45-b8e8-2d355746086a,1291.65662550228,448.005163531417
1266,US Highway 19 N,,,,,208ec4f2-2818-4956-b48e-70ff3cea8fcb,368.315319829104,127.651610110056
1267,US Highway 19 N,,,,,cf11686d-c045-4e17-95b0-b9cf882a7edd,724.457540991544,251.086722109901
1268,US Highway 19 N,,,,,c13668d0-32f6-4b5c-8489-a7ed501d2993,1825.78984136471,632.823797513571
1269,Gulf Blvd,,,,,ebf2d2b5-c921-444f-b2a7-5f436da97219,847.14143596834,293.384214474732
1270,Gulf Blvd,,,,,9d759a72-e845-4b5d-9927-0636ec48dfba,268.604253340484,93.0585472712858
1271,Gulf Blvd,,,,,3221f1f0-7443-413f-bca1-d9f50d648feb,294.245463770594,101.938215064166
1272,Gulf Blvd,,,,,0577b9cb-6d57-48a8-a975-20e00f6f1054,300.424564180396,104.068710289242
1273,Gulf Blvd,,,,,87d597b8-ad51-41d8-9847-1176ee809b06,346.30990388864,119.963908665609
1274,Causeway Blvd,,,,,e5b0c875-9e1d-44f0-9406-206a67aa4bfa,654.529367378229,225.639978233206
1275,Gulf Blvd,,,,,2ff82fdb-4621-48d1-ab10-c5139a3cc1f9,277.18081129874,96.0211034174829
1276,Gulf Blvd,,,,,c5c097de-86e3-4a99-a168-99077dbd0f9a,303.33768526891,104.752568137526
1277,Gulf Blvd,,,,,357cb43f-2b4b-4964-a1c6-ac25c079adeb,361.515113737543,124.858147876166
1278,West Bay Dr,,,,,758813fe-6225-41fb-b3aa-d0a6d64cbcb7,303.785686369054,104.709407208639
1279,West Bay Dr,,,,,bb55621e-3faa-4dab-8350-06f15b7e4c34,374.0830408691,128.93960025117
1280,Bayshore Blvd,,,,,05ff5a33-be57-4e99-a42c-93bb751f5db5,1031.771036753,357.823865481826
1281,Bayshore Blvd,,,,,1dd42ce9-d713-49dc-b743-522964abec13,550.57595206479,190.900388324694
1282,Bayshore Blvd,,,,,904bc960-7345-4f74-887a-e06a63844491,1070.25079152222,371.095411946219
1283,Broadway,,,,,4c545a8e-16c5-4c8f-b7e9-778038c15bb6,445.109319229877,154.364021730822
1284,Broadway,,,,,b3b84e28-886e-463b-a741-46a634a89fe9,469.216213836008,162.726236880195
1285,Broadway,,,,,a4df96a0-ebd8-414e-9e74-d7b96fdde2b5,440.842612116572,152.887937314259
1286,Broadway,,,,,f0020716-9df4-458e-8578-d66ff18c9667,422.097157767215,146.388830446817
1287,Broadway,,,,,3e0a740d-4e70-490c-807f-40fa8bcf2cf1,350.328104891876,121.500014942633
1288,Roosevelt Blvd,,,,,972f2dce-aecc-4ab3-b046-8c8a161869e6,866.43124445866,299.272319788988
1289,Edgewater Dr,,,,,13d15836-e317-466b-8c64-c2b284da843f,439.463442352136,152.366263209209
1290,Main St,,,,,72b8ba77-95b5-4b00-8fab-72890941e8a1,562.501349189215,194.069676764965
1291,Main St,,,,,0be88093-d80b-4e0f-b10c-450459dcbfb3,306.982100521014,105.952668875425
1292,Main St,,,,,d1e324f6-395d-4cbf-b4ae-bf608981916c,193.907526269381,66.9461396242887
1293,Main St,,,,,174e7382-5e5a-4a23-98aa-73dbc5a9094e,528.126602329555,182.210478386205
1294,Skinner Blvd,,,,,6f8078be-255a-4bef-b1db-7fc91706c900,377.164179852895,130.121120593973
1295,Gulf Blvd,,,,,97179d7d-82fa-4dd1-baa8-8a122757e42e,369.566049954681,128.014706440991
1296,Gulf Blvd,,,,,66d5f003-661b-4369-b252-cfc2cd33928b,952.169894488474,328.962586900276
1297,Gulf Blvd,,,,,dfc0c789-ee7c-4b59-a6b8-82080646175d,424.719621568413,146.816424175062
1298,Gulf Blvd,,,,,582c132a-bdef-497a-a013-e575cd4f530a,418.728705811104,144.784188684985
1299,Gulf Blvd,,,,,9f8e716e-cb32-4479-9d8a-d87273173a3f,328.644492988686,113.659781256245
1300,Gulf Blvd,,,,,c97552fc-86a0-4e9e-884a-45a2b580e4a5,563.507704510679,194.904136770469
1301,Park Blvd N,,,,,48d31103-bd94-45ca-9307-c3cbb74bcfa1,659.131772359185,227.038305572172
1302,Park Blvd N,,,,,e92598c8-c5ad-4a7c-9b85-64dd2e29ebed,504.763239877908,173.865668804917
1303,Park Blvd N,,,,,ea23e676-f366-459d-a96b-2af0cba967eb,625.772231298406,215.547340601442
1304,Gulf Blvd,,,,,c338182c-945f-4a2c-90a1-8f16447f61f3,443.343261671296,153.313441540907
1305,I-275,,,,,43a873c5-790d-4135-880d-d8f284a2e4b3,2207.65407447296,763.141918933736
1306,I-275,,,,,9b6c5d5d-71ba-4d52-8909-f16ce93a8e09,1415.8542548514,488.224983609866
1307,Park Blvd N,,,,,7da46c28-5d92-45a9-bbb9-48bc103cec69,838.648876149412,288.872849860768
1308,4th St N,,,,,2dde3e1e-2def-4122-ad4e-f89e04828ebb,319.008947774997,110.458051791116
1309,4th St N,,,,,1e932a02-80a9-434f-9384-0a497f5f26f0,330.022171359994,114.274919521339
1310,4th St N,,,,,668149fa-fa9c-4803-8bc1-1e12c9ef9140,844.023033600144,292.278088018343
1311,4th St N,,,,,17829def-f79f-43c6-94ec-8affb9455f10,335.321698874776,116.121737701131
1312,4th St N,,,,,b8d8b359-9554-4e79-8009-99a7f474b51b,326.313206639355,113.003036122978
1313,4th St N,,,,,75197266-a449-4f5f-804b-749704fad3e2,664.031968288843,229.98809154922
1314,4th St N,,,,,74024617-66fb-4007-b8f4-b8bd73e52360,661.521507632208,229.126053626264
1315,4th St N,,,,,4cdf3cd9-d812-4f3d-8f5f-bb006ca2ae0f,665.021175770425,230.341610234182
1316,Roosevelt Blvd,,,,,35efe195-25e2-4507-bd59-4b0181686b2f,2207.36057837487,762.20401862861
1317,Ulmerton Rd,,,,,ab114803-d003-4a20-b24a-6bd0c6d8baaf,2987.27785210292,1029.47178991234
1318,4th St N,,,,,8daadb2d-1326-4d04-861b-dd1347e2cb2a,328.764365340578,113.852701315668
1319,4th St N,,,,,df9f706a-7326-4960-8207-0451e29b5dd5,449.60200609215,155.715100634517
1320,4th St N,,,,,9b9133b2-23a6-4be0-89e5-b76363f06494,658.903649530417,228.193040829699
1321,4th St N,,,,,4c2e7472-5ef9-4c54-8c69-55764b436737,270.113462788159,93.5482984716398
1322,Dr Martin Luther King Jr St N,,,,,6e631f7c-ddef-4f7e-8f21-ecb9b8624d41,470.106692802557,162.762939787065
1323,Dr Martin Luther King Jr St N,,,,,74e66280-d631-40dc-867b-921c72aeeeff,332.161686071281,115.003979986997
1324,Dr Martin Luther King Jr St N,,,,,c3eb7f4a-6401-4760-b9c6-f933f9b7e61b,1604.64123486222,555.596354963395
1325,Dr Martin Luther King Jr St N,,,,,73c3cb60-0c42-4e1b-845c-d5b6b2b3784c,330.203565585107,114.337842548019
1326,Dr Martin Luther King Jr St N,,,,,17c6a3b6-2010-431f-a78c-3ba3fc1e8795,585.112473750166,202.610704129624
1327,Dr Martin Luther King Jr St N,,,,,f460d4cb-d4c0-4f8b-9983-9d2e5e8de2cb,995.008164372829,344.554636094361
1328,Dr Martin Luther King Jr St N,,,,,63d7e3e2-fd5d-434a-b946-64f153dec44d,325.202983456676,112.61836503462
1329,Dr Martin Luther King Jr St N,,,,,5fff04e2-f33c-426d-98b8-b285d49904b8,334.806933571779,115.945215452821
1330,Dr Martin Luther King Jr St N,,,,,48a7712e-2ebf-46ac-8dc7-f385eed3c3c1,327.30119816264,113.346865781338
1331,Dr Martin Luther King Jr St N,,,,,8e32d654-16dc-4592-80ba-820f121f89d8,795.819091320204,275.609689476162
1332,Dr Martin Luther King Jr St N,,,,,f70cc9d2-f3e6-4f02-b907-cd24083e8355,845.60980162229,292.859569061758
1333,Dr Martin Luther King Jr St N,,,,,ee549943-5159-484d-90c6-0e7fcab7735f,1876.90833679577,650.067190588765
1334,Dr Martin Luther King Jr St N,,,,,d72bece7-871f-46d3-bdec-f068b320d14f,677.398129844284,234.628796060328
1335,Dr Martin Luther King Jr St N,,,,,ac1edaba-4888-4b4d-8e91-76801e8cb1e0,1086.44969883826,376.319305066617
1336,38th Ave N,,,,,6a4014b7-f4f8-47d8-9558-ca47e9a03dd3,247.032855349117,85.0633674550991
1337,22nd Ave N,,,,,90d0c4de-0752-4a7b-9ac6-66390e0ec03b,663.531140582019,228.450299286672
1338,22nd Ave N,,,,,42ac3173-64d5-43ac-b196-cf01eee0966e,452.036395805818,155.633550679188
1339,49th St N,,,,,9f11713c-1d32-482a-bb55-052670f33156,327.10395876118,113.212453592468
1340,49th St N,,,,,3fdeaa6b-c1f2-49fb-ba62-4efff210e43a,334.04293039364,115.618582995832
1341,49th St N,,,,,c66a14d6-69c5-4659-9ca5-aa7d0443f6e9,325.987144550395,112.834250299166
1342,49th St N,,,,,1f986cf8-bb08-47c5-bcb9-9522ac8fbed0,335.771941406016,116.222085772813
1343,49th St N,,,,,23ace92d-5758-48eb-9909-6144f2440526,709.605679567307,245.294531845489
1344,49th St N,,,,,c4fe3bf3-ca38-4457-9bb9-c1f02f785494,654.064525090525,226.432268686304
1345,49th St N,,,,,0252f587-299e-4129-8bf4-06f024df06d5,474.654826938022,164.324261907245
1346,54th Ave N,,,,,7cd5c504-6b58-499e-8567-7cb57087e943,653.752959337285,225.144060943887
1347,38th Ave N,,,,,de4c2200-bbf3-4cda-b89d-05ba5494652b,398.859041164757,137.343766194207
1348,54th Ave N,,,,,db647e8d-c06d-45b6-be97-ef1516a1676c,651.009357818571,224.198830367526
1349,54th Ave N,,,,,fa01bd79-e083-4734-80f1-7d3947f62842,1132.4667715654,390.00566244069
1350,54th Ave N,,,,,2b9792f3-4212-4d6a-abfd-8d8eee418d81,1337.52305167489,460.623356864854
1351,118th Ave N,,,,,cae83f07-c9ea-452c-9092-82744b4df622,1001.78931608794,345.18716019232
1352,US Highway 19 N,,,,,7f00c95b-550f-46ad-87f3-0aac3ff5d1e1,1745.27072489409,604.686262016055
1353,US Highway 19 N,,,,,05155f30-1f4a-4beb-9a63-9b9dab2f44e3,1431.09940576098,496.196465865453
1354,US Highway 19 N,,,,,1c857a42-287f-41bb-b50e-bd846047807f,544.02137954754,188.629329479293
1355,N Belcher Rd,,,,,1b89ae8c-7e34-487d-b542-2590a5cbbe92,263.57500262819,91.3765343047857
1356,N Belcher Rd,,,,,f1dd3149-2eab-4e88-865f-3123316eceef,438.691481381252,152.101617411528
1357,N Belcher Rd,,,,,72e078c6-d2b2-42a9-ae5c-222bdb705433,1133.29424453682,392.57004641548
1358,Ulmerton Rd,,,,,99d19681-f35f-4e18-bfbb-599f9b788678,592.276035032655,204.110857639604
1359,US Highway 19 N,,,,,8d83ae17-03eb-4e39-971f-0c59cc2764d7,791.480961070337,273.716607866609
1360,Gandy Blvd,,,,,2aac8315-9faf-4c36-ac9e-054fe348b4c1,1224.43227818189,422.583773898934
1361,Park Blvd N,,,,,5a8e8ee6-1e88-48ff-acb2-19f739efced9,668.003614713134,230.089667265636
1362,Park Blvd N,,,,,0c381826-ecf4-429e-9ecc-0a541933a94a,662.511724668793,228.197980934102
1363,Park Blvd N,,,,,b887b456-b08a-4cb0-a0ee-0704d916feeb,440.73037510206,151.806584743783
1364,Roosevelt Blvd,,,,,5baba2c8-b662-4337-aefc-c75e996ddbb3,560.465789584158,194.021727123241
1365,49th St N,,,,,c315f225-844c-4c6a-a8bb-61efe57cfa31,576.402939091378,199.559600929496
1366,49th St N,,,,,29f9cc30-bb98-4e38-b8d6-7aa904fb61af,658.017868622251,227.834732451216
1367,Park Blvd N,,,,,4137360b-33c2-4544-baef-c7bb9d0bd2a4,647.629086111363,223.071547670654
1368,US Highway 19 N,,,,,8df64bf4-8ff0-42bf-88ad-2f5da79ed82a,622.842401863688,215.533998417655
1369,US Highway 19 N,,,,,dd69436d-bfc6-4f43-b767-3bc68b72b286,395.721919752792,136.912885818005
1370,US Highway 19 N,,,,,7e945d77-594a-4906-b181-88fac9a4b5bb,746.878457551381,258.277787649947
1371,US Highway 19 N,,,,,8a5ce662-8161-472c-b3fb-5128cf161d78,787.250960997379,272.205530961524
1372,US Highway 19 N,,,,,aa02ddd1-af7f-4c64-ba59-be715d6ffb2c,944.155854028341,326.459873384431
1373,US Highway 19 N,,,,,0431f926-555c-4d06-84fa-527a9b69a630,700.16728222637,242.115249202772
1374,1st Ave S,,,,,181d6d97-2235-4c66-8058-80c13c76428b,440.203461620367,151.52922061572
1375,34th St N,,,,,fe6a8b43-905e-45f7-b2bd-d46fe90e9e97,329.491546648039,114.028463043225
1376,49th St N,,,,,af6f59ad-bdbb-4018-8dff-022192905d7d,346.726012637839,119.984063295187
1377,49th St S,,,,,d4038301-001a-430f-989d-4c2c88bfec9f,329.55772466541,114.040226656406
1378,49th St S,,,,,a8e3f775-952f-424f-a588-280b05446478,327.464377351177,113.31390100879
1379,34th St N,,,,,44335adf-776b-4a2f-9eb4-bf22630ecaa5,321.672420763705,111.330289716234
1380,49th St N,,,,,ba2879f5-59ea-4d2c-a4bc-a6d354293d99,294.149300022544,101.795596015868
1381,49th St N,,,,,bba24e1a-e4b0-4182-9c5a-d7d8fc71d274,371.103563853443,128.42822231078
1382,5th Ave N,,,,,6120a2a6-6805-40f7-b30f-2018d5033bb2,408.004605680111,140.454946170558
1383,Gulf To Bay Blvd,,,,,2c365816-79fb-4399-85a0-ffb9838a37c0,1012.01309204067,348.967864899235
1384,Keystone Rd,,,,,e5154f57-65e6-437e-af0f-805bee912b74,1430.72355385578,494.241761196343
1385,Keystone Rd,,,,,2391b467-1bc4-470d-81cb-f43332fa7f04,1363.34974141171,470.936553535445
1386,Ulmerton Rd,,,,,8a0f2712-b155-4666-8171-a74867a6585f,837.095911825149,288.475772115705
1387,Main St,,,,,ae377844-f348-432b-81e5-7f01839e01b3,690.036126254189,238.07101887868
1388,34th St S,,,,,8ae10a7b-e5d0-47f2-acb8-f1dc12aa83fa,1458.23065531624,504.40242187768
1389,66th St N,,,,,a0ddcbe6-acf4-484d-9617-071ca89298a9,257.037988654471,88.9978307063589
1390,US Highway 19 N,,,,,76ad11a1-e822-48e4-9914-1d26751d847e,787.177487381012,272.24038160402
1391,US Highway 19 N,,,,,7fc39d0b-ca27-4796-8d21-7a104b0d3ec3,1360.07130968229,471.366125699964
1392,Skinner Blvd,,,,,95838855-fcc5-41d5-b0b2-ac04f48fed1c,281.579185839602,97.1450543188691
1393,S Belcher Rd,,,,,a992e577-6f3a-41b4-b4c9-09cde2536ade,627.5707447545,217.45001714771
1394,Tampa Rd,,,,,94656793-3332-4e60-ba81-d839e7577446,473.516306755135,163.442229075288
1395,Roosevelt Blvd,,,,,c78107bd-3225-4d60-923f-82376ad53a0d,328.484129951297,113.453655741244
1396,Roosevelt Blvd,,,,,33e387ca-6b01-4fd1-9b1e-fd3dd1679b5c,544.209490232087,187.896469839508
1397,Roosevelt Blvd,,,,,019c8a0b-c7cc-4235-be86-ac3b7b51021d,313.04528594659,108.181606939134
1398,US Highway 19 N,,,,,71004262-e2d8-4ff5-bad7-84ca0bb30fd5,416.480099365868,144.644348029241
1399,Roosevelt Blvd,,,,,ba9a789d-672f-4e10-a3ad-ed30b340e680,567.212673246204,195.793291127873
1400,N Belcher Rd,,,,,197ffd4b-3c12-4630-b49c-06cf5a845bc9,770.070165288167,266.992780053568
1401,US Highway 19 N,,,,,b3766ff9-c127-47f3-9546-e910ea86dbf7,735.169382248442,254.852694567686
1402,I-275,,,,,ff918d14-b2df-469b-8d43-0f0b334237fd,979.35726784531,338.837393741936
1403,CR 296,,,,,57234161-b2c5-4cc0-86d9-9d699e8194cb,1650.8093677723,571.573516029382
1404,CR 296,,,,,d2767aad-d6fa-4030-bc79-5f67ce992788,851.842785616438,294.355049517721
1405,Mcmullen Booth Rd,,,,,d924ac60-03a7-40d8-8ab0-d4764dc105cd,1168.2859770473,405.072584433414
1406,Tampa Rd,,,,,39bdf8e1-ee28-47b0-8a46-6e5f7cc91406,1564.20762580236,540.165820276598
1407,Tampa Rd,,,,,06a68871-aa0a-4336-bf8f-412bf6567fc8,821.951294845954,283.839848340901
1408,54th Ave N,,,,,653750f8-711f-40e6-b42b-d6c1d22857b2,486.914849725265,167.723451251665
1409,US Highway 19 N,,,,,3ce4fa71-fe55-4ba9-a32b-4cf7656e23da,549.060252718984,190.464949451587
1410,Roosevelt Blvd,,,,,46786642-5642-45c2-b73e-fad30bcb0b12,342.80167160567,118.15910079347
1411,West Bay Dr,,,,,26bb061a-56fb-4ded-8628-ae010a5521f1,311.111273523144,107.234608381342
1412,Curlew Rd,,,,,1f771980-0769-438a-b181-72872f387e8e,636.003202260928,219.498088171364
1413,4th St N,,,,,3f4d1ee3-47da-418a-8a8d-aa2e3f120f92,331.240818657655,114.672901083019
1414,East Lake Rd,,,,,244b5021-cb1d-48b9-97ae-060a7bf458c3,2048.71964613852,711.452727021995
1415,US 19A,,,,,b3d971e0-e9d1-4ad8-9ebf-ec9ee6cd9366,1351.18320968701,468.545195310922
1416,Park Blvd N,,,,,3d8582fb-f729-4f75-bf3f-c4f3e1c29e2f,1238.98192889797,427.366870393838
1417,Roosevelt Blvd,,,,,21e02a7e-636b-4e19-9291-9470d1678032,1199.38526939582,414.172124979186
1418,Gulf Blvd,,,,,f64a2a67-8464-4bb3-8c21-bb1e587e4094,538.525006697461,186.518249219115
1419,Gandy Blvd,,,,,2e409d21-636e-40ca-bf7a-ad2d1e0d4ab1,3750.09515487729,1294.47782703199
1420,Gandy Blvd,,,,,d673a6f6-7627-4465-bbf6-38be6a469b22,1163.62212359508,401.278606926576
1421,N Pinellas Ave,,,,,73ec03f0-c571-41e8-9887-5c272bd3e3e8,660.292438193831,229.302320924107
1422,Tampa Rd,,,,,62877a79-6321-4624-be14-26295e6514a3,1623.93360714742,560.811530239955
1423,N Belcher Rd,,,,,753c79d8-0d3f-4f57-a91d-5e84fcb6d6a5,486.03929914769,168.499977561781
1424,38th Ave N,,,,,29674f08-d0cd-4e22-bf19-24ba80a4a892,325.37323986026,112.038584340134
1425,38th Ave N,,,,,1794fe2e-f17c-4fdf-a400-f4784b2f66ad,656.324878775854,225.999939383246
1426,66th St N,,,,,ed5b3fbd-2bc1-4439-8b95-1a768ffdf5f9,985.543069049022,341.190113364104
1427,54th Ave N,,,,,44155847-7cb6-4c4a-83d4-94c9c5cca852,623.01321005011,214.55853163824
1428,66th St N,,,,,8f0498bf-251a-434d-8028-8fb0b533ac6f,1044.21603660883,361.478363258109
1429,Gulfport Blvd S,,,,,a72143c3-2db4-4813-ae4b-ede02432b154,1219.02484218154,419.885787283074
1430,Belcher Rd,,,,,1310c152-bee9-4323-89f0-aade9dd4690d,516.507504510935,178.852044775859
1431,102nd Ave N,,,,,5582d162-d069-4aa4-ba25-3a1b6f5d8b35,3988.7347537387,1374.20263891496
1432,East Lake Rd,,,,,64492721-c943-4c9b-9a17-c2fc287dc9de,1104.82331470201,382.980098020261
1433,East Lake Rd,,,,,871073f4-d1a6-4477-a0d8-34acaf671350,1620.16647908763,562.131401955953
1434,Indian Rocks Cswy,,,,,d007a5af-5e15-4ba1-9c05-2ffb9fddaa26,1106.36271630044,381.984868463901
1435,Walsingham Rd,,,,,2cc60e37-6f0b-4eee-a71f-19e94734b6ab,314.947622407745,108.519938253781
1436,West Bay Dr,,,,,5ab89424-26e5-4451-95cf-1be2ec351dc0,259.921349790895,89.5903557875685
1437,Park Blvd N,,,,,d96b145c-10cb-4466-873b-cb444293d35a,835.678277258109,287.849699020706
1438,Dr Martin Luther King Jr St N,,,,,5e655a0d-1b3b-4cb2-bf1b-c038f69782f3,326.776092185233,113.1519937042
1439,I-375,,,,,2712de4b-a126-49d0-8088-0bcb89668a40,1793.9174032831,618.854894007548
1440,I-175,,,,,8dd08b9d-953e-4605-8ce3-dcf095e9b0b0,1005.33735591381,346.095983183004
1441,I-175,,,,,0b772814-0cf9-4e1d-ab99-3739ca3ba4ed,1993.74435730865,688.304662451238
1442,I-275,,,,,436fc71d-6e43-41c0-a9c7-0f1cbe785346,221.610365419489,76.6121298078133
1443,Ulmerton Rd,,,,,e3d3ce97-2d43-498d-977a-5da1fa5319bc,1091.94058158685,376.301551211032
1444,Lakeview Rd,,,,,a6232582-ce36-4765-95c3-4cb51665d0d4,590.469120673626,203.950799244344
1445,S Belcher Rd,,,,,09caea29-32d5-4506-8831-27aebb1aeb37,1461.16148753085,506.179450957188
1446,38th Ave N,,,,,4ae27965-3193-4b5b-b107-d5740ca1c269,484.142061999895,166.710210155654
1447,4th St N,,,,,2ddfea7f-70a8-41d8-a317-ebb80afc1a28,4931.40858386459,1708.32168904562
1448,49th St N,,,,,4c2fe145-166d-4d11-8cc2-35d7788e8614,343.187088824229,118.780717582812
1449,Park Blvd N,,,,,48ef78cb-d828-4fa4-ad39-b4a9a9e87eb4,502.504571465215,173.087789698309
1450,S Missouri Ave,,,,,27f9f549-7551-4918-930b-f35aa50338c1,1334.13593079985,462.420573528031
1451,66th St N,,,,,e0829e74-5258-4d32-b5e2-81cb01cbf238,1311.90675382049,454.485881288997
1452,Ulmerton Rd,,,,,cf089f9e-26e6-4e6b-9631-39613bc33651,682.02269369857,235.034614981044
1453,Tampa Rd,,,,,b078525c-a339-420a-b7d6-a8735e5e2ba5,736.712022927821,254.374377176126
1454,38th Ave N,,,,,7caf1742-ab86-4d3f-9498-f383c99aba0c,328.630873033047,113.160947834046
1455,Ulmerton Rd,,,,,25aad3e6-cd8f-4580-886d-9900d67d86c8,297.693377863052,102.590115883483
1456,66th St N,,,,,5ab2e237-daac-4565-9d9d-7bdf76df0854,489.412046495686,169.521895612086
1457,4th St N,,,,,de429b80-d93a-4781-a757-2b67ee47f7f5,325.564335431716,112.701386659556
1458,East Lake Rd,,,,,ed218a3e-a2dc-44ab-8ef3-2299e8d676ba,2014.87002339575,699.398899887267
1459,Clearwater Largo Rd N,,,,,a56c99b4-84c4-4e8d-b709-3fefa9f0fbaf,568.232985191893,196.7146785241
1460,US Highway 19 N,,,,,c775e6dc-308e-4a54-8300-32834f01b784,1991.24042283925,688.744760268999
1461,US Highway 19 N,,,,,a601e785-3a1c-4ac2-bb84-5c6bdae3c363,243.421297339885,84.1898603491883
1462,Park Blvd N,,,,,4f97569c-f694-4c2c-aacf-8bc4c7f26e34,391.503480360306,134.849762993832
1463,Ulmerton Rd,,,,,7ad4f186-d4a5-49fa-800b-0e43f30a6bb1,928.492970214225,319.974531532877
1464,Main St,,,,,80bd3c3a-7b86-44dd-9371-c4c5df09db00,361.257978576925,124.698908677123
1465,Gulf Blvd,,,,,2f891818-93e8-474b-870b-9db113768cab,498.361638440219,172.329197674533
1466,Gulf Blvd,,,,,c094576d-5487-4fc0-aa72-3529716a165e,450.841959838597,156.160056472131
1467,Gulf Blvd,,,,,1e710002-f3e5-48dd-8373-54216d57d47b,859.544823236122,297.501447762814
1468,Dr Martin Luther King Jr St N,,,,,8c6eb30d-7a6b-4357-b6db-5bba25dac5dd,330.021191518317,114.256295850682
1469,66th St N,,,,,ab70e170-e1ac-4a88-a259-2883f9f84481,1431.69485902947,495.855788660166
1470,Ulmerton Rd,,,,,729b820d-3f91-4b96-b88b-d3935b005673,682.84790597702,235.31984405225
1471,Ulmerton Rd,,,,,cbb1c0d8-cf0c-4235-803a-0a0bcb9b94e8,2518.91297828152,868.057697939957
1472,Keystone Rd,,,,,6d00cbea-9774-403e-9103-da05fffde30f,811.230027026414,281.154614254732
1473,Seminole Blvd,,,,,5ed41414-9612-4898-a2f2-f12b968f6a69,724.43267265823,250.917641016859
1474,US Highway 19 N,,,,,f0ab2ab1-47c6-4434-a416-2783790e1c8e,1244.88493568748,430.592650723615
1475,Mcmullen Booth Rd,,,,,b5932008-037b-4a71-9596-1527c1e70811,1866.17140775592,647.210587018101
1476,49th St N,,,,,5032e3be-6023-4253-9445-c6968d9e724a,327.926867213058,113.48791531829
1477,4th St N,,,,,2217eabb-bcbb-49eb-a392-280a0d04ef83,327.475418994559,113.355491856819
1478,Gulf Blvd,,,,,886f3606-3767-4897-8e5c-70fc27d5c1c1,588.524728893081,203.861444330401
1479,US Highway 19 N,,,,,22b875f9-5630-463a-9f72-78b4977e01d7,664.356555289113,230.69128633025
1480,US Highway 19 N,,,,,e0c10557-3563-4424-b4de-4ba4a1a54b08,459.403572752369,159.460910492036
1481,Duhme Rd,,,,,58ef568c-3d9c-4e4f-8129-daeb244622aa,318.050292247917,110.105296787752
1482,Gulf Blvd,,,,,520b30c0-7ce3-474f-80c6-96d829cf9239,256.570809710063,88.5237507427139
1483,Gulf Blvd,,,,,801244a9-081f-4bea-a6ed-cb16f26f5f0a,604.000382005229,208.900759324137
1484,I-275,,,,,2aab9ea4-49ac-4d93-8354-88ae8f0d3af3,2621.24761545094,906.019367854858
1485,Gulf To Bay Blvd,,,,,17d69f7c-448a-4196-8005-1555dfc093ed,99.4749575802043,34.3020390254158
1486,22nd Ave N,,,,,b8e218f9-3998-4f95-ad63-9893574a5cef,155.480599414369,53.5314859100002
1487,I-275,,,,,8ce3f36e-3b6c-4436-a255-28600dc6972b,737.878690172099,255.039478272212
1488,I-175,,,,,da8f1dad-c416-436b-bb1d-3286ca6623b5,1680.98595557738,578.624556928362
1489,Gandy Blvd,,,,,1c838d80-8092-43d0-8824-ada4538c64aa,1195.19802931848,411.990318129211
1490,Ulmerton Rd,,,,,f80c01a1-3fa0-4135-bd4c-52b307f80ef8,617.150395700216,212.67866758761
1491,East Lake Rd,,,,,403316a7-3c8f-42c8-831c-1e3bb604899e,806.032389371337,279.622586957703
1492,Gulf Blvd,,,,,e0eb3c7c-4ca4-4b64-9e6d-ba89a4d467ff,1034.37978728579,358.135739422525
1493,34th St N,,,,,4b6d8b53-eb89-4597-b471-4d2af46aded2,330.947257926798,114.582802766959
1494,US Highway 19 N,,,,,c457d01b-0cb3-4605-95cb-df129db0f69f,806.139028794798,279.629103260643
1495,Park Blvd N,,,,,fd95a83f-f119-4438-b32a-e8701dea5998,499.92202110204,172.198810093314
1496,113th St N,,,,,a0fdec64-5164-418c-a8a0-767436b74a40,351.088259246113,121.556160569958
1497,113th St N,,,,,7666bf12-fd5d-435d-be8b-5ab27a7a4d3b,82.1364643690812,28.4375708236051
1498,Tampa Rd,,,,,105bb8e2-e1f5-4c03-97fa-2e5d234c9931,1004.97360827087,347.034985498461
1499,Gulf To Bay Blvd,,,,,ac31d2d7-dce8-456c-8866-efe2937ad26f,799.442847850362,275.668682482527
1500,Tampa Rd,,,,,ac3284b0-bcd7-4592-b06e-4bcebf1df172,935.437000473076,323.589319222116
1501,N Myrtle Ave,,,,,f4fb4b57-8405-451a-9df6-6a24a1f23ae3,261.279807736641,90.5823586913091
1502,54th Ave S,,,,,2e14a430-3ed1-4744-b044-27118ae966dd,538.849148560105,185.40092444027
1503,SR 580,,,,,8608aef0-1ce3-48be-b1e7-97051b0e49d6,506.867802511663,174.889474374971
1504,Ulmerton Rd,,,,,401499b3-c329-4c81-a1e0-f1d5f7244541,658.475859602344,226.920474207568
1505,Roosevelt Blvd,,,,,a88b5ebf-a869-472b-be97-d4507519aeea,631.240848405001,217.579891734051
1506,Park Blvd N,,,,,f851d26c-37f2-4583-9b18-932a4e86c76b,634.920730526197,218.694408124653
1507,Blind Pass Rd,,,,,4e0ae561-d887-4f17-b096-adb6f14256b9,217.629314358646,75.1987902205486
1508,Gulfport Blvd S,,,,,6ee39631-1b04-4d0b-aa86-3c619a8eee0f,680.414907781421,235.183617605588
1509,S Missouri Ave,,,,,99511b74-9db7-4758-a253-ac3d8b0f4ea1,686.581510456181,237.940847344835
1510,54th Ave N,,,,,ce9b63cf-c668-4e50-a131-2b694d8b2150,356.322603976159,122.712202291359
1511,Gulf Blvd,,,,,ef80bb71-30e0-4ca3-ac53-e38e24ab4ca0,167.526704644561,58.0294339715665
1512,Gulf Blvd,,,,,654e0f3d-61d4-4021-93af-807b461f78ed,438.377511537596,151.272511751054
1513,Gandy Blvd,,,,,05038aeb-d696-479b-9716-f931bdb03151,17142.6801385081,5909.56865811679
1514,49th St S,,,,,51fb234a-7588-40c6-9fdb-ead3e86abe57,328.978332040768,113.83383922211
1515,Park Blvd N,,,,,90f71f3c-9b3f-42cb-a4c8-ef7669838d51,388.018081222363,133.65058472888
1516,Keystone Rd,,,,,256cfac3-7f66-4680-9146-87759dbea575,247.747798814527,85.5786687497047
1517,Keystone Rd,,,,,639d44bb-a789-4fb4-a6c3-8da0eeee0b96,302.80648118708,104.804135158343
1518,Keystone Rd,,,,,4a0f43e2-7175-4f1b-bb2d-b5a631c76cae,448.028620123174,154.853068048527
1519,49th St N,,,,,12b6cbd0-1b08-46bd-bce0-39c39fafa5ff,99.7771760994703,34.5389887889019
1520,49th St N,,,,,13f2eee4-24a0-42a8-9f18-b4d08f7b5cce,243.209591914868,84.1897353033808
1521,4th St N,,,,,535ed502-3516-46ce-8bb2-d6d564cd178a,407.385189152777,140.983912300452
1522,38th Ave N,,,,,7edc4772-7106-42a6-a651-c2e1fd209da3,326.648443191607,112.478755014975
1523,Dr Martin Luther King Jr St S,,,,,dbc0f4e9-fda0-4388-9758-86d65c20d627,336.000490937187,116.220336889162
1524,113th St N,,,,,191d51ee-f131-4a5a-b317-2ff75e252028,255.340637070209,88.4033854006227
1525,Dr Martin Luther King Jr St N,,,,,8c129e16-cc31-46f9-927e-d83f233eec7a,312.210833809302,108.074442171766
1526,Dr Martin Luther King Jr St S,,,,,661557ab-e583-45cd-a755-b0dc3410f7e4,162.400593832467,56.1934468412346
1527,Dr Martin Luther King Jr St N,,,,,42c3970a-bb28-4424-9ba0-5b888fb986ca,1005.04758639854,348.085607992693
1528,I-275,,,,,c36bace5-fdc3-496b-853c-64455409bb19,3179.00527556268,1099.40723490719
1529,Pinellas Bayway,,,,,1707be2a-728a-4e30-9847-a973b8f0dd51,2509.05260601182,863.49196486963
1530,I-275,,,,,da39f49a-e939-4ab3-ab7e-51cebf6f1a63,1080.32109057581,373.907532794837
1531,I-275,,,,,75fcdd11-973f-4c24-9956-97902684ebfb,1191.16235615499,412.320956678008
1532,I-275,,,,,e63243d4-3e7d-47bb-ac8f-fb51d5e647f4,1627.7003686026,563.194249309169
1533,I-275,,,,,73e1c5bf-5378-4c0a-ac01-d6bdf860f3e9,1675.12027830704,580.083762948548
1534,I-275,,,,,b23ecf56-f748-4f7b-97a1-ad9be2a0e633,1926.92630210914,666.030859215846
1535,Gulf Blvd,,,,,1c835a58-bcc4-48da-87c2-926a63c6ee6d,1628.48868712856,563.261083169776
1536,US Highway 19 N,,,,,ff6e60ed-64aa-491f-8554-42af7e039e1b,152.581606311475,52.8295557256108
1537,US Highway 19 N,,,,,91686536-0ab4-475d-8875-957ed68bd656,1809.12589951659,625.925552731279
1538,US Highway 19 N,,,,,1d549d68-c6ca-41cf-9257-856b2127a026,1345.99219020884,466.831254847515
1539,US Highway 19 N,,,,,32cf38fd-9cc6-47ac-8f91-500b9672a01d,1831.07362131861,634.739063941382
1540,US Highway 19 N,,,,,1d0b1c1c-1604-46ed-8e68-79a11aaf0fcc,1514.34715995121,523.862620208373
1541,1st Ave S,,,,,f92b0f59-1ef1-45be-8899-7db449c3d5d2,1301.10121625619,447.870867236566
1542,N Myrtle Ave,,,,,2b52bd48-319f-4dd7-8c0a-0d9688822604,151.39896133707,52.4887785119813
1543,34th St N,,,,,bb8966e8-f56a-44e1-9a48-e8140bf00822,327.701444329309,113.402044058692
1544,Dr Martin Luther King Jr St N,,,,,e1248d6b-e389-4cf2-8a43-94148b70eae7,329.191553026591,113.940001809906
1545,5th Ave N,,,,,f655bc93-fcf6-4603-8ea9-fd0377735d6c,331.130818775473,113.991414826537
1546,Park Blvd Bridge,,,,,b41896eb-73c2-4991-aaf5-7526db02d6e3,298.544549985259,102.83358163047
1547,Bayshore Blvd,,,,,9750c804-999b-44dd-b769-b18fdb9258e7,260.172210732898,90.0205689925265
1548,Chestnut St,,,,,d426ece2-d3f7-4e2b-8632-58656b1acf1a,539.337325189384,186.545886943458
1549,Skinner Blvd,,,,,4d336949-9402-4413-b837-3d4fdd138c86,179.055624316585,61.7740064986124
1550,Curlew Rd,,,,,664673f1-30f0-48e3-ae8c-de5886935d96,754.864823466123,260.51127626191
1551,38th Ave N,,,,,e4fc2810-d378-479c-b5a5-48a4ed8594cb,454.826607520804,156.614770034981
1552,5th Ave N,,,,,6b5e9d15-dba4-4879-873d-ff471bcc9319,443.505743194179,152.677242843378
1553,1st Ave S,,,,,0ec8d1ae-6ef3-43ce-8a13-6de79821e5bf,448.206302236092,154.284417752506
1554,Dr Martin Luther King Jr St N,,,,,305516bc-2c5a-4a9b-a3c4-221d7ef87c7f,378.028760269649,130.886214310993
1555,Roosevelt Blvd,,,,,69bc01c2-0c83-4061-99d2-69c379fee2f6,302.672557439893,104.327039103878
1556,22nd Ave N,,,,,18518436-8e1a-4591-8ee0-24292e0b5707,255.497739108476,87.9660275146983
1557,107th Ave,,,,,d3480a92-549c-4679-b665-af7fa939b157,454.983233323314,156.770246536356
1558,N Belcher Rd,,,,,f5b7ed23-9e33-424a-85a6-a861bb9c95b2,125.820286415945,43.6031940571457
1559,34th St N,,,,,dcb64792-c228-43fe-8767-24741a8c8968,332.250546673439,115.024496015332
1560,US Highway 19 N,,,,,b2b1766f-e86e-4b6f-a9df-75ceefc78af7,238.44739514083,82.792258388155
1561,Gulf Blvd,,,,,1dab659a-ccfb-4904-8b86-c62856c6003a,550.40080875178,190.648029507024
1562,Tampa Rd,,,,,6bed30e3-17ef-44d9-b1fd-973a6ec4335c,520.807825707374,179.77004113401
1563,US Highway 19 N,,,,,b5fab135-f51d-43dd-b7cd-17c3fe7c6d01,297.512005905106,103.298403788464
1564,5th Ave N,,,,,14d92025-9614-4b16-a9a5-3125ef1d0cb2,442.700657956397,152.398987552407
1565,Gulf Blvd,,,,,97805b19-bf80-49d5-9920-9115ac4e5939,626.588148344692,216.66863401219
1566,S Missouri Ave,,,,,4c6ff658-dca1-4f8d-b430-436ca90d003b,333.776886699634,115.692753181386
1567,49th St N,,,,,c6608ebc-940d-4d10-9e84-a984bb3b92fd,347.731032033107,120.392401284035
1568,38th Ave N,,,,,0260d499-47d3-4859-8cfa-c5c8271402ce,772.283155966651,265.92642485447
1569,Roosevelt Blvd,,,,,a43ea1c0-c99b-4226-ae82-a6ac9b073f4e,520.327939194067,179.657606039905
1570,Pass A Grille Way,,,,,7957a489-f9c4-4858-b083-0bac0695af62,188.646458372618,65.2406275635289
1571,Countryside Blvd,,,,,1d26790d-92dd-4c09-b033-d0d05d48827b,1050.88863381595,363.206846550327
1572,8th St N,,,,,179b1d49-c49d-457c-a027-36231358a748,179.886827172266,62.2461246644989
1573,Gulf To Bay Blvd,,,,,5cacfcfa-46b8-47b5-a0d6-4f9055cc3475,322.182716028016,111.097102198721
1574,West Bay Dr,,,,,1a288890-ef35-490a-b7b7-51d815cdfb35,346.99110338095,119.607281312763
1575,West Bay Dr,,,,,7e060930-a490-4168-8aee-f1a799e729c0,998.017406196737,343.999402036792
1576,Ulmerton Rd,,,,,89a814cb-e0e4-4598-b23c-5db19e21a0d1,983.310673987352,338.866657432912
1577,US Highway 19 N,,,,,119ec773-5f3b-4167-a325-6c09510cb0a5,593.794009235437,205.357594581475
1578,US Highway 19 N,,,,,4b001c5e-46c6-445c-a0ca-013b169f7335,1056.83732261229,365.46647053374
1579,US Highway 19 N,,,,,fd8fbc19-3526-42aa-a778-45f8118c1812,154.402209565739,53.3974566626327
1580,Seminole Blvd,,,,,279b9af6-62ab-42c7-a54b-d568489784c0,153.81048286951,53.2622196571848
1581,Seminole Blvd,,,,,ef423087-09aa-4c62-a508-23d463608cd9,617.402378721055,213.74448110927
1582,Pass A Grille Way,,,,,27ba1484-28b4-4eab-9f2c-6d0e82d9afff,265.977932565521,91.9813488300699
1583,US Highway 19 N,,,,,d05794cb-6894-4a10-bd8f-39d4daacda4a,824.864651788927,286.473398761668
1584,Keystone Rd,,,,,51d38b53-95e5-419d-bfa8-eb4e9f3329d9,267.048818472737,92.4482034062322
1585,E Tarpon Ave,,,,,deb9080d-f288-4f27-9758-acb8a6b59f05,301.686339551975,104.211372224471
1586,E Tarpon Ave,,,,,59634229-60e5-45dd-b66a-72c5a3c26157,397.968756051521,137.467461285311
1587,Keystone Rd,,,,,80cebd3a-640b-46b5-b33b-63721a2d24a9,1518.32909106581,524.468445608279
1588,East Lake Rd,,,,,8538789f-22f2-4893-a2fd-89e5718a9c65,1021.44741910929,354.682030603682
1589,66th St N,,,,,1722c565-c94f-4645-b7a5-93da92f7a218,682.837607012481,236.384340445419
1590,S Pinellas Ave,,,,,a00bf2ad-a738-477f-a1fd-288b5480e6ed,1013.10416224867,351.750674458447
1591,Pinellas Bayway S,,,,,e4f5225d-0343-4fd4-a8f4-d6fa45c3282a,1291.01217359715,444.228004144267
1592,East Lake Rd,,,,,c14fedf5-6fd2-4a90-998e-64512a5dba25,1466.0692094443,508.85732809234
1593,US 19A,,,,,f0f1c3be-4a5b-4553-a9ee-950b4bbab48f,458.366484250305,159.048944145581
1594,Causeway Blvd,,,,,49862f0f-ca12-4f1c-a6b7-126db5e5cde9,9019.93639272591,3116.44516782666
1595,Tampa Rd,,,,,29252f57-8f9c-4ff5-a66f-c1893e525e2f,519.133734876639,179.1879171053
1596,Tampa Rd,,,,,42e05439-9411-4c69-95b5-02a41bb445d4,1620.39287206255,559.30714824045
1597,Tampa Rd,,,,,fa8e20ed-a92c-44e4-9ab8-4a39c3fefe5c,3938.49090159189,1362.3410899967
1598,I-275,,,,,67c6c2dc-1a9d-476a-9a14-964a87c32ee9,567.618571740963,196.33033209926
1599,I-275,,,,,f94b4e83-c76a-48b5-b416-4018f5265f5c,157.534918447013,54.4887740577583
1600,I-275,,,,,b666b5cd-0d33-40ca-abc5-87d3df6ec5a6,1679.90477554167,579.769426640753
1601,Tyrone Blvd N,,,,,c77fbdd4-dc0d-4238-83ea-a1df0bdbd185,1562.60811564735,539.201314013621
1602,Bay Pines Blvd,,,,,eb1a8766-e0dc-41cf-b91b-8cd13749003f,3541.9381363622,1220.08341015963
1603,22nd Ave N,,,,,23efd0f5-5a28-4b2d-8c57-2999f4687461,165.053089043518,56.8272583983894
1604,66th St N,,,,,2a21bb47-137b-4c59-a814-eaa001046caa,278.389601561539,96.3689101999776
1605,Curlew Rd,,,,,68f25435-3fda-453d-abb6-a264d72d646e,1815.57314993352,626.571310323015
1606,Mcmullen Booth Rd,,,,,a44e0ff1-1987-48dc-9410-a955cb412645,5117.91069605149,1775.18695722186
1607,SR 580,,,,,cc45fc33-c26f-4d1c-9faa-a8a336b6a086,1145.44647166375,396.240993675658
1608,Gulf Blvd,,,,,cf661878-b823-479e-bbae-8c49e995e443,409.894650267545,141.676650561164
1609,SR 580,,,,,bb730e6c-9d68-4c80-bef6-3212fd0bc47d,2403.19033916718,831.447043200284
1610,SR 580,,,,,6011625c-c777-42c3-bb12-1abcf6e07552,765.52826488584,264.215676648735
1611,SR 580,,,,,251b3bc2-c701-4c8f-a71d-b841f005bb18,710.751569181138,245.289292600965
1612,Gulf Blvd,,,,,a92c24f5-fd03-4893-864a-2ebd0f3e3838,1432.56546075818,495.13250885437
1613,8th St N,,,,,c7d63368-3e77-4d43-ac22-89a84aec267a,36.332668358513,12.5733090810802
1614,8th St N,,,,,64cb02dd-c302-4283-99a2-27eda431c5fa,252.479160584541,87.3743772595388
1615,8th St N,,,,,a79c39aa-82bb-431a-b68f-e5abf978900f,55.0072255681393,19.0344504426446
1616,I-375,,,,,19f2d72e-058b-40c5-ba51-45c8a65946f7,1532.40294749471,527.564262348219
1617,Ulmerton Rd,,,,,4739b5f2-849f-4062-bd71-5c380041af6f,140.072109114372,48.2709041508902
1618,Ulmerton Rd,,,,,2db5a376-1f5c-4f9e-b423-780e6ced9893,135.8475789724,46.8151983119205
1619,US Highway 19 N,,,,,be440362-04cf-4419-837f-aa876fadfd5e,494.932440190662,171.150465308029
1620,US Highway 19 N,,,,,0c3880ff-309e-4413-91b8-0868749e3587,590.532846406437,204.225313781419
1621,US Highway 19 N,,,,,ce8127a4-5ea4-4460-bc19-0ad9acdb5f0d,1263.9005782898,437.359884050414
1622,US Highway 19 N,,,,,4878b162-c83f-4a8b-8c9f-f53c6180906b,216.627128548138,74.9442896545725
1623,US Highway 19 N,,,,,072809d6-363a-4605-af94-a96a03775e98,194.956781898986,67.4698945707274
1624,49th St N,,,,,eba95857-3e95-4005-9f42-2382e20b922a,385.305496450697,133.400316771171
1625,US Highway 19 N,,,,,b7fb914a-76c8-4315-96e4-e51e5938bbe8,296.067014749936,102.408547662493
1626,Park Blvd N,,,,,33865eae-0950-4aab-8285-84661e4c6e07,366.573107751794,126.262707118689
1627,Park Blvd N,,,,,16940df6-b007-426e-9443-de8560a38ac3,1450.90591683721,499.752419287126
1628,Park Blvd N,,,,,349b44ea-6d9c-4165-b016-bf8dd6248639,269.355542780407,92.7800408333626
1629,Seminole Blvd,,,,,dda168ad-20cf-4e45-ab98-0c47d70ec3f2,523.906041798229,181.425733812643
1630,Seminole Blvd,,,,,2b579882-ddfe-44b2-8051-a77b3ce10c7f,282.28575692852,97.7520261135036
1631,Belcher Rd,,,,,63284c64-915c-4b6e-96d1-cf22bcd0411e,5113.73673540057,1768.8686487615
1632,Seminole Blvd,,,,,473cf14d-1afc-430c-86c2-64c4126990ea,877.825077364368,304.006333013824
1633,Ulmerton Rd,,,,,9a50cf57-cbfc-47f0-a858-5d8ec03ba165,1550.90111096386,536.02984329576
1634,Walsingham Rd,,,,,d1b11bd1-4676-46f1-8ef9-67c038b63ef6,1592.8110707868,548.936518981901
1635,Mcmullen Booth Rd,,,,,f1e5d215-4459-4e07-8286-c9554af3221a,849.848267314578,294.628902396264
1636,Mcmullen Booth Rd,,,,,394ec917-c495-4a35-b8be-13a5655751d8,548.563736312323,190.170768017337
1637,S Belcher Rd,,,,,5b6f8004-5c8c-4d8c-b166-cedf30984e6b,281.201442392634,97.4636583673225
1638,S Missouri Ave,,,,,351776b9-2c86-4bce-a6e4-cd98ee678dfd,1325.27685018052,459.334836321463
1639,S Missouri Ave,,,,,d4f4d650-1fda-4ecf-a0ce-bb84d8ed9ca7,660.122519355173,228.786134523359
1640,S Missouri Ave,,,,,d737f113-f658-4675-bc0e-ea136715fe11,663.108699444084,229.817329462588
1641,S Missouri Ave,,,,,aea94813-e8cf-467b-b970-fe09507e3bd5,666.806702632664,231.094040183674
1642,Roosevelt Blvd,,,,,8497dc75-1f3f-4c96-98bd-224cc780deeb,2290.82644426094,791.081566542238
1643,118th Ave N,,,,,2e307c20-fcb4-4d00-a9e8-644723bc9b19,2653.80126849033,914.421199530313
1644,118th Ave N,,,,,42600216-314c-4535-aaac-a2c3c39d3442,986.737253249694,340.000702621188
1645,118th Ave N,,,,,68c241bb-f99e-4b62-bb6f-e0660a56ba0f,1375.59130632389,474.003694532889
1646,118th Ave N,,,,,f450dc6b-7433-49e9-93d5-f7464416ed25,357.3003807373,123.126880909823
1647,Park Blvd N,,,,,2330bdbe-34a2-4b61-8522-8433b4dcd648,395.588498365121,136.260814593749
1648,118th Ave N,,,,,c501353b-434e-49de-b955-598d955e05c5,3787.01006487713,1304.90469390587
1649,Belcher Rd,,,,,8e5d3fe3-26ef-4275-ac73-f673f0df3c01,660.006227021667,228.628084535122
1650,Ulmerton Rd,,,,,6592e980-2973-42f2-9565-84581271053b,1604.09917294762,552.795916631644
1651,Ulmerton Rd,,,,,01af32e3-7eab-4f26-abc9-b4497a5aaf1a,1251.93851274188,431.4374388517
1652,Access Rd,,,,,4b38c41c-bb14-470c-98aa-c15d12ce9e30,151.351356311962,52.2634390648569
1653,Access Rd,,,,,c8baf97b-e50e-48ee-9880-3ca0cba39ec5,92.7053302519998,31.9887272630099
1654,I-275,,,,,df922cf9-78b2-43eb-a70d-8adf49288d91,979.576452217287,338.915664523993
1655,Access Rd,,,,,aea442d7-2b1c-4d13-aff4-cdc3d414e91e,583.138310071997,201.49905447887
1656,Ulmerton Rd,,,,,68c826b7-1019-4af6-9bfd-ac273abf94d0,632.613392140877,218.008881422527
1657,Curlew Rd,,,,,144eecf3-3b2f-4994-a040-c8da72ba218e,50.7289848909077,17.5278990450454
1658,Bayshore Blvd,,,,,c2c41e47-c7b0-44d3-966c-3982ec496ac5,656.053420988401,227.492728041504
1659,Curlew Rd,,,,,db8df6ad-ce13-4d5a-9909-e761228fde8e,1111.34767771098,383.631374330679
1660,Park Blvd N,,,,,7f6365eb-b341-4853-80c3-5a3b5c31f15c,212.083812541624,73.0504454557616
1661,I-275,,,,,f2bb78e3-c50e-4e6a-8586-ff0289fde821,24927.5174115731,8602.17707034876
1662,4th St N,,,,,aca87e0b-cbd7-474c-99cf-0f98735e9779,1483.10865468029,513.732125323774
1663,Roosevelt Blvd,,,,,e4738a8f-ff6e-4f17-b402-8bbbed4a2ecf,607.959865749368,209.555220566
1664,I-275,,,,,9ddda87c-8dae-4fd5-a3b5-299fe1668c24,1301.12426679944,449.934431228127
1665,I-275,,,,,a35c575c-3489-4717-81d4-30dd5f833093,1518.68262695859,524.742534867801
1666,I-275,,,,,d09a9238-bf97-4b7a-beaf-bbb28bde9597,1598.32168360326,552.398576103286
1667,I-375,,,,,962421f1-7b60-47c6-8910-6ad3ce74cab2,341.802283946761,117.672254423048
1668,SR 580,,,,,e9218a6e-f298-49a8-8798-22440b763de5,975.355427945185,337.290050799187
1669,SR 580,,,,,3080769a-1086-48f5-b909-a5e76cb1e304,486.680094064881,167.924365275129
1670,US Highway 19 N,,,,,23bdc6bd-ad1a-4aa1-8bd4-4ce33a0321e6,2191.19301956364,759.375542494157
1671,I-275,,,,,47599ce3-db59-47e0-b02b-0967e50214e4,364.948827161839,126.34602869145
1672,22nd Ave N,,,,,d2f9d467-f2df-4791-a07e-e3eb7ecae161,640.123235681602,220.39308783125
1673,Gulf Blvd,,,,,689b9ee7-08e8-4027-955b-2c615d2bc5d6,310.980744643922,107.289208589746
1674,Pasadena Ave S,,,,,1b99da25-1899-4057-918d-97da0bb51aad,429.674915350169,148.603620683994
1675,Gulf Blvd,,,,,f2f173df-8686-45a4-838f-5e5fe1fd6a37,215.756920809819,74.6272400990886
1676,Gulf Blvd,,,,,775fa658-8a75-403a-98e0-054b58b10979,131.505360515719,45.4199903097198
1677,S Myrtle Ave,,,,,b4abb8fa-c5b3-4bce-8614-c970d28b40d0,329.135777805279,114.084169904843
1678,East Lake Rd,,,,,8a8d8575-702d-4b65-bd9b-54f102328451,539.626447167425,187.304812404129
1679,Gandy Blvd,,,,,d29df7fd-f1bc-4b9e-8a3d-1a1e282fbf53,425.20190471737,146.754994531359
1680,Tampa Rd,,,,,d893a17c-a16c-42aa-8e85-8ec5860e92ed,442.490658834062,152.790198828077
1681,8th St N,,,,,d594e4c8-4b15-4c0b-994e-bd60f23ba2c6,170.928596393386,59.1326038045084
1682,54th Ave N,,,,,45d380f4-3170-46d2-9cf7-0bb2eed7e8c7,253.689426498566,87.3701148053088
1683,Gulf Blvd,,,,,2efc8cd0-b339-4559-acbf-73b002a018fc,578.418147294344,200.380807257001
1684,Dr Martin Luther King Jr St S,,,,,afa3cf3d-71b8-4ba0-9d96-8206871f1da0,192.151187858323,66.3351674398261
1685,US 19A,,,,,9e8f340d-5490-4f18-a69e-a5a41fbeeb11,331.770008918992,115.132589672786
1686,5th Ave N,,,,,427b8644-b370-477e-a396-4a879867f00c,411.701650176154,141.728139741641
1687,Ridge Rd Sw,,,,,d56d362e-ff61-4852-9ec0-8177cfb01821,206.301008026032,71.4719626538104
1688,Pasadena Ave S,,,,,367c0357-01ae-424c-9085-da16802cc6ae,383.200164354813,132.467084021208
1689,Tampa Rd,,,,,f4040eeb-d0a4-4f1f-b5c1-b5463989b31e,321.007619156009,110.801737793717
1690,Seminole Blvd,,,,,d4218e2f-b88e-4e7a-aab9-8fbfbf275e23,337.286935553433,116.780694321979
1691,Gandy Blvd,,,,,a04b9ea8-6b77-4cc6-ac17-4ecbc5c79d90,1162.87325377523,400.847041643988
1692,Seminole Blvd,,,,,0090c8d4-ba7b-48b5-8290-90c1d2f30659,416.184540271632,144.100179156638
1693,Causeway Blvd,,,,,b7375c9b-ddae-4c60-a9fe-5a2df1d286ac,496.325114843672,171.396411967694
1694,Gulf Blvd,,,,,f7e970c4-8d6c-483d-8c38-e5526814bbb7,1108.8346725324,382.801484547967
1695,Ulmerton Rd,,,,,be0bf91c-8cc7-4798-9b81-0cfccfc47b58,294.995373011691,101.65961284449
1696,54th Ave N,,,,,eba51baf-4b1a-45f0-8e84-0cf7225aa4d6,221.231317740932,76.189395010705
1697,54th Ave N,,,,,54f8ecea-2748-4297-ba75-1432ccdfa264,441.758734944545,152.136247903298
1698,US Highway 19 N,,,,,0c94958a-f763-4d9e-bca1-2597e2ae398c,136.380875174679,47.2597933905799
1699,I-275,,,,,2e7ef3fa-15c2-4f30-bf0d-192ce78601cb,342.43294578799,118.488995021876
1700,I-275,,,,,98ed8881-c251-4dd9-b052-4647b45ca9e1,1440.12709779331,497.500705037056
1701,I-275,,,,,8103e572-cfff-4e05-9806-b6ddc8eb53e4,178.080452866605,61.5992333820943
1702,I-275,,,,,10078ef5-06cb-47e8-a2ac-f7e25809e45f,158.669418942471,54.9068479959496
1703,I-375,,,,,03df4721-a88f-4aff-87cc-fe028dfd6725,708.406495917453,243.988061255342
1704,I-275,,,,,feecdf7d-a630-4d85-91fa-566d95d01ace,1179.60970245934,406.338122208646
1705,I-275,,,,,0cc334a6-be93-4d8e-96d9-d24336ca9033,236.79617443471,81.7728957313633
1706,I-275,,,,,2ff249bd-4fb9-4354-8e27-c5a7ff41d391,766.204662592843,264.294293385371
1707,I-275,,,,,19cc27f3-1d90-4d00-8316-d21a48401023,310.48423665409,107.440141895757
1708,I-275,,,,,4a1862c8-25ce-40e2-ac87-ec16ef747180,324.105996716845,112.155485931602
1709,I-275,,,,,6be6d3d8-3f04-485a-b86e-93afc1dc3a16,138.70670863722,47.9985611183404
1710,I-275,,,,,9b53fd3d-7a82-4dcd-b95f-cf30924b03e6,187.449944606574,64.8656166276009
1711,I-275,,,,,b53a8781-1800-4482-82c2-1e58147d17f7,294.769087929994,101.98240306154
1712,22nd Ave S,,,,,b9b133fd-a6db-4141-bb7b-b69c24225343,666.900885823168,229.519755932316
1713,22nd Ave S,,,,,6226a975-2e96-4873-b236-13b459f46c73,218.78217477888,75.2962150466389
1714,I-275,,,,,741df772-944f-4e75-8c90-137fda8a7815,349.696621725571,120.802687486954
1715,I-275,,,,,a25bce70-0f9f-48e8-ba3b-276fe017ab0d,284.157295431929,98.3086785598776
1716,I-275,,,,,1d89086a-1865-4302-a9c9-0d655e562c4f,717.866332491443,248.374056837839
1717,I-275,,,,,1f5d1d08-c0f0-4b50-aaa3-eeedea311032,2921.39367137284,1010.41002373505
1718,I-275,,,,,5c745bea-1096-4f20-bb8e-654d564af701,605.339186205989,208.519368221069
1719,I-275,,,,,81632977-6dfa-4e9a-bf14-f5267fe5bff5,220.789252805161,76.3660446478996
1720,54th Ave S,,,,,8cff8b24-6ff5-4265-9b9d-004f4f2012b4,104.365393905285,35.9088198657282
1721,I-275,,,,,86d2152f-3acd-442f-a9c2-eb152a573d96,2211.50636507518,764.889571383524
1722,54th Ave S,,,,,1a0d6056-4e48-49de-897e-a98414a6d74a,613.606079231954,211.190373753365
1723,54th Ave S,,,,,09e41d55-022f-4dec-80c1-edf4b04d08da,887.18036479014,305.403550600433
1724,I-275,,,,,f62fdc6c-1487-49c6-b5e5-71f2cd4ee438,697.869825368276,241.601236404481
1725,I-275,,,,,b74e26b6-cbed-48a9-9656-510a0b938eb5,1552.5510370152,537.053657245951
1726,I-275,,,,,7b36f4c0-6ea3-4b54-9467-d81449aabe46,422.181069136847,146.050163886364
1727,I-275,,,,,ae21c780-6814-4212-8ee8-1c32d05c136b,1764.60592354578,611.099606839768
1728,I-275,,,,,00e8e378-d79d-4f3a-b79b-d95a2c145981,92.6049967864138,32.0688219113338
1729,Gandy Blvd,,,,,54233759-c1ee-4baf-97ba-28cdf6c8d404,484.522709727785,167.083085225047
1730,Gandy Blvd,,,,,aa4d3c4b-c18b-4ffe-a308-4c08d53208da,837.575626011264,288.838242102382
1731,I-275,,,,,54a66464-414f-47a4-a228-38086fbd2702,620.5038568491,214.43475475813
1732,54th Ave N,,,,,3a966747-16d1-43b9-ab9a-c13e1ff7b558,383.797374410501,132.175337080514
1733,54th Ave N,,,,,b433641f-ca92-4b34-9239-0812b90141ca,110.298363387525,37.985464358523
1734,I-275,,,,,6328866f-5811-49fc-a927-59e27629be59,1917.90558128803,663.745557716916
1735,I-275,,,,,26a59c44-005c-45de-83a9-52a0ace8319e,677.802378088566,234.589668189572
1736,Seminole Blvd,,,,,bd355427-3611-4c3d-be34-b0f2d8a2b03c,367.989420631624,127.473747392559
1737,Gulf Blvd,,,,,96aa422c-5a21-4933-be80-1588d05daf44,167.242884007192,57.9403744681253
1738,Gulf Blvd,,,,,70825cfa-c22d-4f7c-8bbe-1fbd33c43343,154.428526989524,53.5010108025099
1739,Gulf Blvd,,,,,720f5237-4185-4c53-8de0-bd4dd6e61a03,170.95628271428,59.2248418367039
1740,Seminole Blvd,,,,,414fbd57-9f58-4f0b-95b9-8cacbbf172fa,57.1481814884374,19.7966773149768
1741,Seminole Blvd,,,,,f66144dc-95d7-4810-bf68-ab2355e7af64,366.743452841726,127.045381509238
1742,Seminole Blvd,,,,,34f59f15-786f-49fc-a91b-e6ee00ccdf31,102.053788219903,35.3527190355837
1743,Seminole Blvd,,,,,8b7485e4-e5c7-4482-bdd4-1e2c31ccb6c4,95.8500424313517,33.2034500814346
1744,Seminole Blvd,,,,,b1253b2a-aad3-472d-8fa6-be29dbac1fe7,107.643578758717,37.2889277219928
1745,Gulf Blvd,,,,,9e203d2e-c81c-47d4-9cb4-8db1414e3b49,75.0355495487598,25.9906612911985
1746,US 19A,,,,,9fcfc2aa-763f-4173-95db-fabde08ad335,150.591578856148,52.1620500837696
1747,US 19A,,,,,07381ad2-656f-482c-81e4-aa204b88f9ad,58.750307488878,20.3563539573887
1748,Mcmullen Booth Rd S,,,,,edeb328d-043a-4ac4-bb2c-bd53f43cdaff,245.568326952344,85.1260469065736
1749,Seminole Blvd,,,,,097c5235-b5b3-4867-bf04-7f0bf3df9a96,56.7148092323543,19.6465050416752
1750,Seminole Blvd,,,,,3243d300-14b4-40b7-91ac-5fde7145f426,83.9411342780185,29.078059435007
1751,I-275,,,,,0b2b384d-bc7b-4305-982b-662574b451d9,445.821465341277,153.825718029965
1752,I-275,,,,,76784f3f-a16d-42b5-b1dd-3c3c57e690aa,894.585782568783,309.483175161623
1753,I-275,,,,,1988980d-a811-4b68-aabe-a23f1b495c8b,233.055559662466,80.6619485050728
1754,I-275,,,,,a5563b65-027a-4cdc-a0b9-33d867c7a441,288.265667113285,99.4738127146501
1755,I-275,,,,,f453554b-0a19-49e0-86ed-e9a6aea50923,176.910548828196,61.2302832796718
1756,I-275,,,,,194e1b1b-1714-4a2f-97d2-00473f4df034,406.643845441467,140.226993824325
1757,I-275,,,,,e184116f-04d7-4810-9085-5def5ade0e94,180.963605633331,62.6338166381709
1758,22nd Ave N,,,,,9ef55959-6731-4d1f-81c7-e410dfb007c5,196.808704826821,67.760607153594
1759,I-275,,,,,84f4e3bb-4e9e-4c21-89df-b726a2e8f42c,294.125984412074,101.521786212353
1760,I-275,,,,,667b0414-a8da-4cd2-a17d-c3faa141a355,184.564644174848,63.8796341272147
1761,I-275,,,,,e5a6a4e4-378c-484c-a545-58236376ba1e,1102.00463645864,381.446636969535
1762,US 19A,,,,,9c899f8e-7910-4fb5-9254-022ef6a7a417,845.836332753761,293.571128424996
1763,US 19A,,,,,c2b84335-9aa5-4b11-988b-cda96ea67f06,679.325556726914,235.778574846481
1764,I-275,,,,,4e5a5719-47a7-437e-8b2f-20a8e6a758aa,2210.71489907704,765.252397240553
1765,38th Ave N,,,,,ad85c75d-4217-4259-8140-bc23fb0864e9,286.859780205531,98.7781048021243
1766,I-275,,,,,5d6bbe65-983f-4225-86ee-dab3fcbe177a,305.433797680885,105.457858087662
1767,I-275,,,,,1ac8403e-da61-4cfe-b922-7aa2f075898c,1491.39269013379,515.704045054905
1768,I-275,,,,,e102c0e8-8adb-421b-8382-b13f28414359,352.507024147633,121.53947148867
1769,I-275,,,,,f722713c-9adc-498f-bcf9-3ae3fbeefdfe,1607.59790230607,556.401071336703
1770,I-275,,,,,6a430b64-1109-47e5-96bc-b016751816df,205.772033360228,71.2277087984776
1771,I-275,,,,,5f3344ce-d73c-44d1-808e-bd262a9ef3e0,146.832227470349,50.8260301276788
1772,I-275,,,,,6f789921-fce1-4015-8e33-25144a947c3b,235.052005950889,81.3485845229611
1773,I-275,,,,,5d764553-35e0-4278-a9d1-15ae0b033bee,212.822346873841,73.6400868587766
1774,I-275,,,,,85536b24-e508-4cd8-b920-4099b233fd4d,6778.64400995405,2346.61153948019
1775,54th Ave N,,,,,bbfb649d-f27d-40ba-9698-1ec206256988,168.775603646937,58.1243228484973
1776,I-275,,,,,3eece9ee-5220-4c25-8312-ccde00757a31,224.798249371264,77.6539435347701
1777,I-275,,,,,c5d23b65-b0fa-414b-b262-0347b14ec974,172.05290518293,59.5409449208647
1778,Gulf Blvd,,,,,efe9f14f-fcca-4dee-9a39-3ee31e2cc2e2,80.4356910460953,27.8188669742418
1779,Gulf Blvd,,,,,1532d0fe-90c2-45f0-93c5-7a58ebf28f1b,438.655619974276,151.699870166524
1780,Gulf Blvd,,,,,0f0d19e9-af7d-4605-9d8b-b47913a501e5,532.066381837061,184.013021311964
1781,Gulf Blvd,,,,,8cad9312-c66f-4291-bda7-5612ad996b39,663.16773297378,229.309149689472
1782,Park Blvd Bridge,,,,,7189073d-652e-4143-a28a-419d42e7bd2b,832.522117144985,288.178561839006
1783,Bayshore Blvd,,,,,bba09037-1542-45a4-82cb-713bc82f047e,774.932433721182,268.338571470271
1784,Bayshore Blvd,,,,,f7183af6-8e6e-4f06-a177-3ef47075f689,281.497700629821,97.3862884404965
1785,US Highway 19 N,,,,,c83f053f-6222-4d15-a6e6-512972506f30,201.783368017189,69.7658656095007
1786,US Highway 19 N,,,,,84598415-bb1a-4f7e-a7f3-902715edd156,161.792693503254,55.9395144422558
1787,Gandy Blvd,,,,,1b3bfb34-282e-41c3-a44a-020c5f87a0d2,1001.88199394278,346.096436780152
1788,Gandy Blvd,,,,,c1f03ad9-d51c-4a26-98ce-e680b4874ed2,250.850297310006,86.6710543160214
1789,Park Blvd N,,,,,927565b1-6440-4b3c-97ad-7e6d137c118a,1085.86807990705,374.048276127308
1790,US Highway 19 N,,,,,6f32ae48-9c7d-4377-93bd-17905a81c013,166.040424725812,57.3276507512767
1791,US Highway 19 N,,,,,1300fbb7-eaf1-4e87-abd9-818de7d05f72,159.723115826719,55.2934319934397
1792,US Highway 19 N,,,,,e9cb58ae-2fac-4191-8760-5e58aea9edbe,551.896641778714,191.18001351785
1793,US Highway 19 N,,,,,a426b024-ee1f-4449-8225-32a615fcb0a0,371.493582895823,128.597647099154
1794,US Highway 19 N,,,,,4648b43b-f90c-4ea4-828e-42465597d771,134.29912976192,46.4656859268766
1795,US Highway 19 N,,,,,189e8856-9bdf-4a0a-8f5d-86755c962ea9,160.891540833242,55.6821692723947
1796,US Highway 19 N,,,,,a9f7c014-d76a-4943-ac86-42b3400bf392,396.352140328719,137.291730872245
1797,US Highway 19 N,,,,,75b8b861-0987-43e8-94c2-ed785a69807d,2020.29079541331,700.013504428722
1798,US Highway 19 N,,,,,3364173c-1bda-4129-9f59-1918ed21df9b,1375.77765389719,476.906344459487
1799,Countryside Blvd,,,,,1885023f-00ad-49c3-b7ce-7c4b9b44a3fd,126.944753028527,43.8818067069767
1800,Countryside Blvd,,,,,6bd76728-4006-4c73-aa40-9df88ff0f879,112.257820071311,38.7901656031724
1801,Mcmullen Booth Rd S,,,,,6cedcb1e-e82a-452e-aafa-e154188beef4,255.817575215825,88.465651842597
1802,Mcmullen Booth Rd S,,,,,16b8816d-5373-4da5-a8fd-353a2e4f7c6f,209.277255890274,72.5424172876366
1803,Mcmullen Booth Rd S,,,,,1a30049b-e8a1-4c79-9e06-a37cc533eb2d,202.344294450684,70.1402179104351
1804,Tampa Rd,,,,,3eeb2301-a6f0-4666-959e-a7b0ca67affb,160.483071458623,55.4845083007184
1805,Tampa Rd,,,,,56ebc612-20ab-4932-ab60-5e0b9714eb0d,691.727770403735,239.291871212951
1806,Seminole Blvd,,,,,32176ff2-d665-46d2-9e60-3f88aa9411e3,20.3013683152384,7.02889612246744
1807,Seminole Blvd,,,,,854a79ea-7ab5-40dd-ada7-0a0a1c4ea085,397.353318748521,137.575439859969
1808,West Bay Dr,,,,,df806582-13b3-4d1e-96a4-aed98e49f585,184.49049038188,63.5906867282934
1809,S Pinellas Ave,,,,,4d614d8e-778a-4138-86d6-12be0d5ab372,1041.61764009466,361.319016953969
1810,E Tarpon Ave,,,,,7768ee7a-f835-4a6e-8dc6-2b2cd8190984,437.907457054177,151.260935361756
1811,Pass A Grille Way,,,,,94d68c17-a77c-4acd-a5dd-46eef88a7c5e,253.045624446543,87.4989168908043
1812,Gulf Blvd,,,,,f5235f8c-7792-4d15-86ce-ca8804fd8b65,650.050086601463,224.77587269669
1813,Gulf Blvd,,,,,5e610112-a1f5-415d-9f80-596ce93d8fc1,428.247781872026,148.077334655468
1814,Keystone Rd,,,,,58372bda-5cd0-4cd2-bc70-3100f182d00a,342.348953331586,118.256256040921
1815,US Highway 19 N,,,,,948c2be5-aff8-4502-8a68-afafc0f4e21d,904.882913929626,314.169153208611
1816,Gulf Blvd,,,,,ad1c43f0-3bd9-4de6-8035-3515daf1accb,166.602689881206,57.6009625346673
1817,Gulf Blvd,,,,,36339dcd-f00e-470f-941e-9b0b6e28d124,136.170247237247,47.0856584126913
1818,Pasadena Ave S,,,,,dc33d384-9f70-4d9c-ae81-93ed6f6ff100,484.941866937615,167.714557564872
1819,Pasadena Ave S,,,,,896d5365-c82d-41cc-9a06-4bd4f6c0b579,282.624771436514,97.73458589438
1820,Gulfport Blvd S,,,,,b080c424-73b0-45f5-8b83-792d8993b8fd,348.453772177366,119.938677835878
1821,Gulfport Blvd S,,,,,63cd8a33-ad61-4697-baf0-a15c414292e2,223.885285088154,77.065604562282
1822,US Highway 19 N,,,,,46eb9960-51af-421f-88b1-6399bc5a3ef2,1966.86226264886,680.297571928421
1823,US Highway 19 N,,,,,b6ed0df7-1389-45fa-97d5-5ec1bd7eba20,228.475360798615,79.0378428902423
1824,Mcmullen Booth Rd S,,,,,8c4d1602-9a29-4272-b3aa-effc8412c4df,275.271332757295,95.4219963555778
1825,Mcmullen Booth Rd S,,,,,81461c04-b243-44b1-ba12-b9ceeca191fd,213.680171013505,74.0726371507182
1826,Mcmullen Booth Rd,,,,,06664428-4a88-4dec-b47a-005c2959fdac,523.264553256794,181.289039181308
1827,Mcmullen Booth Rd S,,,,,aee83173-cb24-4e23-8229-2a2a579adad2,138.715851182955,48.0370648413148
1828,Mcmullen Booth Rd S,,,,,d3a0461b-3a91-4b85-8164-8e86d183befa,322.291353588458,111.721298608904
1829,Mcmullen Booth Rd S,,,,,875be846-3564-494a-a650-c4ded5370ae2,342.431120993455,118.701628779628
1830,34th St N,,,,,5c26c455-dd23-4389-9387-803e80215a3b,167.192795761454,57.8583714949586
1831,5th Ave N,,,,,f55ae6eb-3d03-49ab-8379-0ca41daf9d75,115.883076113924,39.8924295446743
1832,34th St N,,,,,007bbe22-06a1-438e-8d24-bb72ee254ddf,124.379185525438,43.0505920124267
1833,34th St N,,,,,7e21cf03-efcb-45f7-b764-d954106e7e4c,102.971599483811,35.6408212161281
1834,34th St N,,,,,4c383a1b-1b51-42e9-8e48-f931a24a3375,123.058108322149,42.5935808027457
1835,34th St N,,,,,61efe598-10a1-47c7-bebb-c618d34f0d16,111.541930540016,38.6072067330596
1836,4th St N,,,,,f9eb6255-9f1d-490d-9584-6768007d8f99,319.297351888611,110.539044696042
1837,Seminole Blvd,,,,,353541d8-5891-4ce1-a0a9-5189aec19715,68.7930704222471,23.816270667472
1838,US 19A,,,,,622c612e-e98c-463a-8050-1e59f68073ee,251.154207016968,86.795712005846
1839,54th Ave N,,,,,d7df0523-4935-4f84-a77d-4e4ea38bb9e5,242.422914649879,83.4875239060153
1840,54th Ave N,,,,,d16aa32f-b2d6-4912-9023-5c8e63238658,250.557792297428,86.2890754803322
1841,54th Ave N,,,,,8186b8c4-9bd4-4121-a2bc-59511c0979c0,201.116655370213,69.26151752414
1842,54th Ave N,,,,,b9e2943a-9a2f-4e2c-9f05-000607d7b598,273.208264881295,94.088747110678
1843,54th Ave N,,,,,8e63f726-f3d6-4205-a0ba-c920bfe337e7,320.834290139059,110.491213981244
1844,Curlew Rd,,,,,dbae4ec9-50d2-4603-acdc-5a0c85522205,190.82559220907,65.9356033080529
1845,Gulf Blvd,,,,,91d23f34-a8e2-4dfa-b4e8-56391b4d086b,99.5752168848733,34.4958944312888
1846,Gulf Blvd,,,,,09441993-c396-4457-8a2b-0fd48077afcc,131.817905961609,45.6646775661831
1847,Gulf Blvd,,,,,116f032d-c404-40de-bb9c-7fa46f2a3717,54.4407539778346,18.8592505132776
1848,Gulf Blvd,,,,,b00125c6-fa05-4e05-b541-96ded5ba2ebd,41.5186157694903,14.3828040967392
1849,4th St N,,,,,fb3fe959-c22f-4217-b972-9dfa8733b6b6,336.560671752316,116.537233671801
1850,Dr Martin Luther King Jr St N,,,,,de982870-5fe1-4061-972d-ddb4e99ca90d,96.1656381505725,33.2982513309657
1851,Gandy Blvd,,,,,d9116e77-7d7a-4b90-874e-8cb54ab70d3a,1256.790193403,433.214904039437
1852,Seminole Blvd,,,,,21a382fe-3689-4c98-a5b3-5b13672a74f0,167.807409498734,58.1012363158922
1853,Gulf Blvd,,,,,0c69cfc3-99b7-4dd8-ab49-53f49a699567,566.768366543996,196.133195069033
1854,Gulf Blvd,,,,,cafffe6e-b09c-4cbd-ae20-edb6585984b8,703.589076014769,243.488157940596
1855,Park Blvd N,,,,,feff72e3-6c77-4064-8a19-3cb6f2a05d04,2405.18111667475,828.441097856783
1856,Gulf Blvd,,,,,640909d5-b2d3-45b7-8389-9dac95aa60e9,38.6818967157408,13.398847152135
1857,Gulf Blvd,,,,,f0d2a1dd-fd2a-4454-8b59-53c5e3bf2e34,307.583755424091,106.533856910338
1858,Gulf Blvd,,,,,761a7be2-6367-4683-9bfd-b8a3d53c94b1,126.379240265114,43.7735125415773
1859,Dr Martin Luther King Jr St N,,,,,13c340c1-4f3e-4c77-8d05-e0fe800ba5a2,39.4971539130519,13.6783467603815
1860,Dr Martin Luther King Jr St N,,,,,28dea7cc-b88a-4310-9ae7-df21a5a42880,420.70607364777,145.69488182945
1861,Seminole Blvd,,,,,d2fc4a6c-81ef-412f-8ad0-f7426a210286,352.129556234051,121.936671425131
1862,Seminole Blvd,,,,,94c86d16-ceb2-4b0f-ae03-75435c8bf1bd,170.121827381238,58.9087257298432
1863,Belcher Rd,,,,,d6b6706e-cb4e-4cdc-ba9f-e94256c154d3,226.501427243855,78.4334538665296
1864,Park Blvd N,,,,,dba44cc0-27f6-4ba5-8cc7-3a9b1d313326,873.569830321557,300.89371105186
1865,Park Blvd N,,,,,79a5c3df-7317-4b31-a51e-ed9655f37372,212.303277083512,73.1262953528921
1866,66th St N,,,,,2e053849-d334-44fb-a5ce-eadbf2e68c2b,212.761713587759,73.6814229550054
1867,66th St N,,,,,4783774c-4fa3-4813-9e6a-32339dbb9bdf,388.026149357337,134.378108621944
1868,Park Blvd N,,,,,9ddbe6be-dfa7-4756-93e0-751ccb0226d6,429.583380691068,147.967046616198
1869,Park Blvd N,,,,,7c2a70a3-c5f7-4552-bdf4-52bbf99241fe,200.12573027521,68.9319450330355
1870,US 19A,,,,,8ae6413c-7981-4192-a238-7f17dc3fcceb,299.834778573872,104.054143469989
1871,Park Blvd N,,,,,62dc447e-a892-4499-8b16-87ae70efe1ba,370.221172032066,127.546343154008
1872,US 19A,,,,,e225f47a-69d5-4157-9f10-48480eaec717,134.657456466553,46.6728380174482
1873,4th St N,,,,,a7f2f10b-e031-46b1-84fd-42ad54d33b43,331.399813583942,114.723329920748
1874,US Highway 19 N,,,,,da385900-75f3-474b-ac05-7fff5c89de1c,49.0397968311546,17.0220346620343
1875,54th Ave S,,,,,0d1b1ae6-4403-4521-8d93-b039b267760c,363.366968241899,125.022801747777
1876,Gulf Blvd,,,,,a4ae4c73-652e-4f46-a21b-bd18e8b99312,248.886035762564,85.8707115219678
1877,Gulfport Blvd S,,,,,e222f98b-aaab-49c7-a722-117f287f3eb2,94.9034379243654,32.6616243531982
1878,Bayshore Blvd,,,,,0784d78d-4167-4a54-a89b-04327c01c677,1001.32110773617,347.261582582572
1879,Gulfport Blvd S,,,,,4e57c660-6b49-4693-81ed-d62205d11c8a,260.743476049134,90.1831259057624
1880,22nd Ave N,,,,,5e7aa2da-2698-4ea3-9cdb-2224793018b9,115.414410231242,39.7366422966865
1881,Ulmerton Rd,,,,,7f2bbfbc-311a-4875-8ffb-c0168bd3dc91,964.308803034212,332.318624622675
1882,Tampa Rd,,,,,987447c6-736d-4be6-b8c0-a1f317da0b43,417.52085961936,144.16443756345
1883,Seminole Blvd,,,,,d89fd903-b2ac-4402-bc97-968f553fde7d,729.537155857493,251.602145401357
1884,49th St N,,,,,4293021e-4629-4d94-998b-5606d1fbfc38,334.002793563133,115.617403811934
1885,N Ft Harrison Ave,,,,,38fc4bc0-ef5c-4437-be1e-0b7099db992c,115.794071348859,40.1474929154462
1886,1st Ave S,,,,,25cb08c4-c7b9-4515-a858-2559bfa465c7,438.904072858337,151.081737569335
1887,54th Ave N,,,,,6d6350ae-fbc2-4d0e-9c74-bee3c0fab1b7,659.027597023282,226.960798015187
1888,Central Ave,,,,,d988f037-2f8a-4678-af53-77ccc4380115,439.050318711459,151.132424515811
1889,4th St N,,,,,c53d0cae-0448-4fc0-b530-72b12ed60d86,169.295921251496,58.5914914988661
1890,Dr Martin Luther King Jr St N,,,,,92b4b1df-1a0b-4b97-aa78-3b4e5ca4ec6b,142.013555830338,49.1497000037556
1891,54th Ave N,,,,,571c087f-796f-4535-92bf-4d91736cae7a,438.001255795896,150.843004320948
1892,Blind Pass Rd,,,,,ce4cfd2c-12fd-47f4-820d-24c8cb056ede,261.247860905216,90.2612268913648
1893,Gulfport Blvd S,,,,,56296796-f6b9-402c-9e05-710bd050cdb0,396.659978106343,136.527366001671
1894,Walsingham Rd,,,,,f5490a5a-cb89-403d-80de-e555c1f2ce6f,342.732666076766,118.094263486704
1895,1st Ave S,,,,,0ab6ce0f-140c-4788-88b0-f11bb9660ca8,446.953569848014,153.851932348595
1896,S Pinellas Ave,,,,,8b2cedc1-9be9-463d-92a7-6acb067f103f,311.929695912799,108.291105974994
1897,66th St N,,,,,4de97167-27a3-431a-a982-b98397f386cf,216.700682082276,75.0614691293612
1898,US Highway 19 N,,,,,a9d37477-850c-4a5c-af85-6e342be74e1a,158.322363380552,54.745696553112
1899,Gulf To Bay Blvd,,,,,9cc144df-6473-4262-bc86-6a2de8f367df,2239.52863633619,772.284801955978
1900,66th St N,,,,,5f9c9379-f42f-449a-a68d-b025fded8425,324.002867750417,112.195966259088
1901,Ulmerton Rd,,,,,1d35c319-0223-4517-aff4-b2f196a0e834,446.989755173809,154.041297750798
1902,Roosevelt Blvd,,,,,d3c16ff2-4ea9-4523-9762-6bd50ab84c99,1632.14372939004,565.454954401237
1903,US Highway 19 N,,,,,a06ab2d0-8666-41a7-8c85-5de2097143d3,1550.27199643712,537.804669077262
1904,Seminole Blvd,,,,,66f03eb9-82b7-489d-a2af-c3716fc7c111,226.873651492689,78.5532194548018
1905,Dr Martin Luther King Jr St N,,,,,580dde97-44c1-41e9-adf6-17fbb3acc87f,161.002812020263,55.7210158192091
1906,4th St N,,,,,84ef5982-0fc0-4bc3-819d-f59c46c0f446,324.539523868769,112.352209637779
1907,East Bay Dr,,,,,49cb2a55-510d-4bf8-938d-09256515265a,288.180452609531,99.3315527802911
1908,S Belcher Rd,,,,,b12adfbb-e13a-46d7-b942-dff3aeecf719,263.290961355234,91.2077373746772
1909,Gulf Blvd,,,,,48b45916-c4eb-468c-b1c6-fc80ac6ee93e,297.461282896764,102.887893408367
1910,Gulf To Bay Blvd,,,,,e839ad41-9128-488a-a6f0-89327ff33f51,311.745507797958,107.498707848608
1911,Ridge Rd Sw,,,,,0010355e-2de1-4723-a8e4-9255483b22bd,329.512935868339,114.158932035582
1912,54th Ave S,,,,,9f2364ac-9ae9-4c7f-b07e-da26b31ed09a,328.360362750812,112.978713847378
1913,Bayshore Blvd,,,,,2c825bae-fafc-439d-a5ae-ca0125a2603c,573.257383550627,198.742349472979
1914,SR 580,,,,,f31d633f-8c49-4276-9979-a3fbc568de28,860.111221019182,296.805389449551
1915,5th Ave N,,,,,17a8e840-3b55-485e-94bf-7cefa5069ef0,437.702800208358,150.678078884754
1916,I-175,,,,,6895886e-577e-4e5f-9d77-421c549f96ab,2068.48496160874,712.276223224301
1917,Belcher Rd,,,,,7e5e4f98-614a-41ef-897d-3cd144813a97,523.583957516473,181.313459435406
1918,Clearwater Largo Rd N,,,,,e4214f77-4ac6-4e96-a6cf-11c0d516da36,225.496189553142,78.1440349891202
1919,Dr Martin Luther King Jr St S,,,,,aa57df35-426b-42d1-8c62-fa8bb4491779,167.537300945548,57.9085659669533
1920,66th St N,,,,,0fcfa7fa-284a-404c-81ae-efb6e647caf5,1192.06629492661,412.573156896237
1921,34th St N,,,,,07b1f24f-2efb-403b-ac16-1dbc63f516ec,336.609674540903,116.485764272623
1922,Blind Pass Rd,,,,,610d8ef3-939f-4242-a19f-b84f3182412d,53.2633462954229,18.3873031064316
1923,8th St S,,,,,2566ff0b-490f-4b10-b8b9-646aea9c8b12,262.301921599114,90.7660323342702
1924,Roosevelt Blvd,,,,,4c0653a3-2835-4e28-905c-28d387d892c3,629.418905500648,217.342326144045
1925,4th St N,,,,,44b85244-6257-48c2-ba7f-1271468ee8e5,399.917414712824,138.502185049363
1926,54th Ave N,,,,,0cc479f6-0426-4885-ba16-e21666693b39,664.444320282087,228.825796854572
1927,East Bay Dr,,,,,61e71037-5200-49bf-8c03-b327ded0e2c3,496.620614436652,171.177905328988
1928,Gulf Blvd,,,,,adfa4452-d05d-48fc-9bc9-b4ffe581df57,282.879348581556,97.9976310304914
1929,Ulmerton Rd,,,,,a60d6cf4-5172-4510-af2d-28ab16b5f2e2,867.997571772586,300.543824549137
1930,34th St N,,,,,1ce66d5a-f36a-448f-a31f-f096182b809a,659.407585669504,228.24156130953
1931,US 19A,,,,,182899a9-4e98-4acb-987c-411f338a1355,75.7152285202868,26.2777234482778
1932,Causeway Blvd,,,,,bfdfd6af-c369-43b1-8007-cb7bf7850e54,258.632799073619,89.350546939265
1933,Mcmullen Booth Rd S,,,,,babfa946-f4ed-45b2-adcd-9da1649615d0,1687.37815365537,584.926572149799
1934,Dr Martin Luther King Jr St N,,,,,bc644d15-86ed-400b-88ed-28ae7e9e7af8,153.235736444209,53.0613916188917
1935,66th St N,,,,,faaface6-e8a2-4bd6-9f08-8023c0c2b82b,362.526451930088,125.58046555259
1936,Bay Pines Blvd,,,,,ba0f610a-196c-4101-87e6-762431f70aae,3701.59206135557,1276.63732897774
1937,I-275,,,,,5711e908-d4d5-4ef2-a193-39b324e3f223,311.379274434515,107.48419571349
1938,I-275,,,,,c67a9488-3a17-4c7d-bbd4-d64d5e7f1f7d,1621.09708847322,560.492427552744
1939,Roosevelt Blvd,,,,,4a644b6f-82f1-46c7-9a49-a3f8780caabb,1932.75091170781,668.739769446252
1940,I-275,,,,,6f64fcd9-ebf4-48c5-82e6-7f9f424ccf4e,1574.55856593581,543.924726706765
1941,I-275,,,,,1489b443-c11b-4b36-84ed-4be3186ab285,1658.9246304354,571.9004130414
1942,US Highway 19 N,,,,,135f4e2a-0ad5-427c-958c-4af354c0161f,605.189316525211,208.71902183099
1943,I-275,,,,,e1256326-3dc4-4a3b-8a16-3272b27bd35a,1775.4775183034,613.653715626032
1944,4th St N,,,,,24181549-b131-4f9c-9e35-1c2bed904503,317.221554759739,109.846001487844
1945,Mcmullen Booth Rd,,,,,889126db-26e0-49e0-b53b-e3df759c1076,539.83681027876,187.193407991549
1946,N Pinellas Ave,,,,,c62338fd-d031-4fc6-99da-5e685eef3fc4,123.899199162624,43.0219399689905
1947,Dr Martin Luther King Jr St N,,,,,a224a9b0-1007-4e0a-94c9-d338a59ddba3,230.15714972285,79.7016657761023
1948,5th Ave N,,,,,7a508953-a5e3-453a-9a46-56e89804902f,441.517148547589,151.991391329804
1949,5th Ave N,,,,,fed90d95-6ae0-4152-93c9-694d170c97c9,215.502211164433,74.1862941443677
1950,49th St S,,,,,058a4580-8fef-4d4e-868f-b47a2ceb114b,193.743923362992,67.0361246353936
1951,49th St S,,,,,377da74e-3ee2-465d-9ccb-73aa6f9f2fdf,68.7127890892709,23.7756518307624
1952,49th St S,,,,,5be354c4-cd51-4116-a674-d718ea7e2670,324.101385922734,112.153013238983
1953,1st Ave S,,,,,5374d11b-430d-40ed-abb9-9f8c89c23edb,442.151225302879,152.200031807738
1954,49th St N,,,,,6b7233c7-2112-4701-8b89-e0453de55128,271.204021004272,93.8628953374234
1955,49th St N,,,,,a480263f-5821-42ab-94e0-23a3d43a2426,130.300264336582,45.095878817432
1956,49th St S,,,,,7d239ac4-ab12-4489-97d3-f26d58bc0115,107.712958829685,37.2700059592476
1957,1st Ave S,,,,,7cf22950-e999-4f85-a502-a67b071cc14f,409.109124882128,140.825691544542
1958,1st Ave S,,,,,577dbbff-2b82-4972-b140-1534b71108e4,436.22457084098,150.159765280317
1959,US Highway 19 N,,,,,163f7d57-f7e0-499b-a57a-58eaf033d21d,379.157235820287,131.238238254087
1960,34th St N,,,,,a6cc4513-e1be-48f6-a8fb-f6a29de6b644,327.862911117094,113.513169115538
1961,49th St N,,,,,02f08c47-91c5-40c3-a583-0b9a4654c506,333.002801035061,115.302667744122
1962,Park Blvd N,,,,,6fbdb6ff-1e04-4304-b4b5-58ab7d6768e5,652.906558595583,224.889657305303
1963,Gandy Blvd,,,,,614172e7-b5ff-46ee-8e97-435de796df13,466.345111729151,161.058519390442
1964,54th Ave N,,,,,bb3a3eb3-b62e-4f99-b6cf-b77115fbcfe8,660.007448727707,227.297900725107
1965,49th St N,,,,,7fee94bc-ea3e-4f4d-b22c-aa79587c59ae,328.899217083801,113.845086134896
1966,49th St N,,,,,721454f3-9a3b-481c-9263-ed2ccba0057d,346.781055656419,120.023761555673
1967,49th St N,,,,,33bd480f-54ef-4bb6-86c9-2ccf88d0414b,60.3542100051022,20.8939022368819
1968,49th St N,,,,,5f6d332d-b9a4-455a-b383-4b59786492bc,321.528086287498,111.305352206707
1969,38th Ave N,,,,,cd29582f-5743-47be-b13a-c071478bd5c4,250.105710066666,86.1213983240994
1970,38th Ave N,,,,,db4872ab-3846-42ec-a8ce-8f9ad96f51ea,667.63369792114,229.893232501521
1971,Gandy Blvd,,,,,52a91c19-f922-4ec0-8610-7d11eb7beedb,565.553593813846,194.848533861464
1972,Dr Martin Luther King Jr St N,,,,,b11769f4-bbaa-4abc-8a98-e63d28f24aca,205.635316110484,71.2014202808621
1973,4th St N,,,,,4ae16ed0-2fb0-4e9f-8855-5de94b846a3c,180.500951328576,62.5098285892926
1974,4th St N,,,,,7bd9c17e-97a1-4622-873b-2a65f90fddee,189.957709503465,65.768833045488
1975,4th St N,,,,,e9249ae5-033d-4503-9de0-a0b9a26c4863,322.648286586925,111.706726300009
1976,Roosevelt Blvd,,,,,60c7ca71-8382-47ee-82ab-9dfa4cc8bcc4,1041.79992063945,359.751395699628
1977,I-275,,,,,870fee1f-f7a0-421c-b1c8-2afcbeebc1be,961.4174997301,331.940976163753
1978,Gulf Blvd,,,,,aac9a4bf-a89e-4180-98d8-834e1c46c0dd,159.668316565085,55.2433113032369
1979,Gulf Blvd,,,,,a56a0efd-e3be-4986-b3aa-1716f24e91b1,206.964362505642,71.5801120391393
1980,Gulf Blvd,,,,,443e70bd-3ca0-48ec-b3d8-4e64febd4461,278.211545679263,96.3764635638313
1981,Main St,,,,,29272f27-be16-479c-8478-3d244c182d0d,856.18850406575,295.8880311632
1982,Edgewater Dr,,,,,ca5c6877-70de-41eb-a96f-43ca6c36aa1e,477.584573933011,165.608002038173
1983,Bayshore Blvd,,,,,ef4b6fb2-8c1a-40f9-abae-8410c16617e0,1085.75431604044,376.435957486852
1984,Bayshore Blvd,,,,,8894b159-61a8-4bb7-9ee6-75d03e885f28,415.980384191558,144.158646802923
1985,Bayshore Blvd,,,,,6017ffea-6a14-4431-81e4-f4d366af66b5,334.45722562734,116.001118730306
1986,Gulf Blvd,,,,,c03c1182-9b35-416b-ba4f-b518dd10e41e,275.387944374176,95.4042404785656
1987,Causeway Blvd,,,,,05a9769a-b538-4a80-9196-c0c84ec79f64,240.506728151938,82.9175544587874
1988,Gulf Blvd,,,,,235880d5-bd64-4a34-98ff-ea4c44a1240f,119.186423121642,41.2923066208806
1989,Gulf Blvd,,,,,1d245540-46dd-400e-b04b-0e9105e930fc,390.459742682744,135.126506705998
1990,Gulf To Bay Blvd,,,,,f0c59c61-ff91-499a-877b-7ab3d5e3bc88,146.427599359596,50.4922285894205
1991,US Highway 19 N,,,,,6755b102-67fd-4ecd-9ddc-39b0f6aec64d,344.727775792515,119.573682366305
1992,SR 580,,,,,fb6486a1-6fd9-468c-bae2-d0294695de3f,1787.12923438404,617.19437024913
1993,Countryside Blvd,,,,,95c467e0-b651-420d-af83-4fc10b4cca21,654.224126651468,226.119263108136
1994,22nd Ave S,,,,,747e64a1-8e32-4e1c-8394-64de7540dff8,266.045757239211,91.5620479913034
1995,22nd Ave S,,,,,0bf0e45d-a198-40fe-88fb-35267ddf34c0,78.9079457228275,27.1568704047274
1996,22nd Ave S,,,,,7425a456-4e08-4118-82a6-89fce32c8841,108.708940904284,37.4132697972619
1997,22nd Ave S,,,,,d86e69c4-ddcf-42cd-bc20-4c5c3ada1689,57.0296132319767,19.6273394255742
1998,Duhme Rd,,,,,5116f28f-e978-4cee-896a-7466ddabd512,429.561025131167,148.707384981295
1999,150th Ave,,,,,f9aa1a40-38bb-4b22-b76c-5ca255f5d125,254.297828003433,87.8007008448576
2000,US Highway 19 N,,,,,2b3f5301-ad50-4211-aab4-d9f4914bd4db,3041.63062549912,1053.26324288042
2001,Gulf Blvd,,,,,040bf2b9-68de-4e8d-96ff-a8c47eb79f84,271.829300698331,93.7886310484107
2002,Gulf Blvd,,,,,e9fc3ba8-b101-41c1-9609-1f25678a769f,276.667931907211,95.5311025024454
2003,S Ft Harrison Ave,,,,,59c789e2-2425-414c-a6bb-a96e9363abc1,360.33710059234,124.888747575433
2004,S Myrtle Ave,,,,,73537103-7d48-4a3e-84e2-4092364bf39b,310.876985186058,107.762966682377
2005,Dr Martin Luther King Jr St S,,,,,ab0f5e53-1d8e-46fd-998b-759f1629405d,371.298798086578,128.444628880463
2006,Dr Martin Luther King Jr St S,,,,,becc67c3-eb91-4df7-89df-e2e6e4340ff2,327.027300054788,113.114548794827
2007,Dr Martin Luther King Jr St S,,,,,2d95736c-b68c-4017-a31b-5a3e9fbb66e1,292.825221118503,101.270879345005
2008,54th Ave S,,,,,1b9e7d3f-9a7b-4063-9e6a-4c518dec0efc,450.3766020019,154.960002286315
2009,54th Ave S,,,,,b18b44d7-3739-4913-a16b-05d6936c3e44,380.005145462086,130.747738128861
2010,Dr Martin Luther King Jr St S,,,,,95582010-154e-42d9-8ba0-ad7aecee1855,90.2832498240164,31.2339732534457
2011,Gulf To Bay Blvd,,,,,ef6e5b57-5018-4a86-93dc-280a2010c53e,335.575048876164,115.714360325825
2012,Gulf To Bay Blvd,,,,,68e293d6-bdf2-4343-80a7-947f8a380455,308.505057649554,106.379909241952
2013,N Myrtle Ave,,,,,038f0c53-869a-45a3-a2d0-7af0e68dbff8,250.207416547005,86.7412820123168
2014,N Ft Harrison Ave,,,,,21c2602e-ca8c-4a4d-ade8-7b340a518b3e,145.92819169066,50.5958110115375
2015,N Ft Harrison Ave,,,,,a137e61d-2f8c-460e-9298-a5997af67280,214.341990888027,74.3146193712824
2016,Gulf To Bay Blvd,,,,,d193efc4-e992-40a3-bee6-51688060fe99,158.232343886479,54.5625314088445
2017,Gulf To Bay Blvd,,,,,7e889241-91ce-4d00-b164-d2a7c83ef48c,323.403471519786,111.517482828138
2018,Gulf To Bay Blvd,,,,,51e30fc6-3345-439e-a2d9-d219e9cf1ced,327.726787938975,113.008260750519
2019,Edgewater Dr,,,,,a1c4593b-d99f-40b6-a276-13cd34d8af14,331.153178756389,114.809149075584
2020,1st Ave S,,,,,09c54da5-29de-495b-97aa-d5972df73512,439.401410303941,151.252818236913
2021,54th Ave N,,,,,d3b6e550-8e0a-4578-b69f-deba34e1dfea,156.766507609892,53.9880319255171
2022,5th Ave N,,,,,da165346-0185-4a2a-ac31-998284248182,229.311914695856,78.9400165577449
2023,54th Ave N,,,,,25868ab7-535e-44d9-bfb4-2ffd2b09d43e,108.544253293224,37.3812339067123
2024,Clearwater Largo Rd N,,,,,42e7bbb1-acb9-4833-9dce-e2656148aa65,107.330167148705,37.1947496159959
2025,S Missouri Ave,,,,,d997ecc6-55ff-499f-a7fe-f37c740f9315,122.886070328438,42.5935965223915
2026,Blind Pass Rd,,,,,f8568bd0-a7f8-4865-af22-b34fb8b5556f,192.420018174261,66.5755228815518
2027,Bryan Dairy Rd,,,,,dbc11fcc-8711-4848-9ae9-360246ce3efa,249.911623336541,86.1061456286703
2028,S Belcher Rd,,,,,481529ef-3146-454d-a058-32b58bd3485a,249.750821496218,86.5547450182713
2029,S Belcher Rd,,,,,fdfa02aa-f09e-4e90-ba4b-f4a58c415eb1,249.309861196874,86.4106284701544
2030,54th Ave N,,,,,860569f3-4974-4365-a793-86a2a985fce1,162.516713723457,55.972772682587
2031,34th St N,,,,,2b3ddacf-97c9-4fdc-a7f8-b1bc645fb596,330.609762760162,114.459333169887
2032,22nd St N,,,,,e08dab28-6fc2-4cbc-882a-7ae53c00471a,437.562873274241,151.486700726642
2033,38th Ave N,,,,,f2d9e37f-418d-4c67-ac6f-6b90d8bfdc78,661.404992923076,227.749483300826
2034,38th Ave N,,,,,7ca8c3c3-9ea9-4fa6-9f96-219de5534cd2,326.534126651108,112.439682818013
2035,38th Ave N,,,,,ea66d416-b1c3-4564-8c75-c8ba637e29b5,124.459724378271,42.8568777990078
2036,East Bay Dr,,,,,5e97d197-9314-4edb-9b42-e22130330962,160.65479516101,55.376907356474
2037,N Belcher Rd,,,,,d2c4f85c-79ca-423e-98fa-2f9d423f0b67,602.670876702614,208.832209644767
2038,N Belcher Rd,,,,,10dd2eb4-9e5f-4ad1-a763-48cc0d3e666f,165.69766513305,57.4196716154816
2039,East Bay Dr,,,,,2424880f-992d-49d1-bacd-89c8b1d65968,240.331940234124,82.8391555749274
2040,Roosevelt Blvd,,,,,9b060885-26e2-4b30-8f58-136ccc00026c,374.724002292853,129.820611043523
2041,Roosevelt Blvd,,,,,21eac8b3-7b08-4ab6-afd8-34c2b09b7996,1094.71263934141,379.182926579751
2042,Pass A Grille Way,,,,,94df2572-2f4c-4849-ad47-c4b987b47888,101.768860533488,35.1878207687014
2043,Gulf Blvd,,,,,6ea32827-c9c1-4c5f-89ec-16fb69a35c7c,396.123884834371,136.974580592754
2044,Gulf Blvd,,,,,1a5a1045-538e-450b-b9de-9d4696cc8edb,129.654110734704,44.8289932876694
2045,1st Ave S,,,,,ee64c220-feb1-4f44-a78c-b66462dd4ad3,453.332356245763,156.050057467748
2046,20th St N,,,,,946af4f6-0d7b-4bed-8b1d-f2fd20e58e00,331.184519433037,114.609647230006
2047,34th St S,,,,,91b26f64-6747-4d63-93bd-2574028489de,154.900608838994,53.5951146132987
2048,34th St S,,,,,795ba283-f9f4-4500-b9a8-9d9f8363e230,360.519907217507,124.747652698186
2049,34th St S,,,,,3dbde887-c85e-4938-9172-3e514f1fb7fb,255.802949649946,88.5149941061237
2050,34th St S,,,,,1201f36b-6623-443d-82ef-fc7c89566098,127.403176792616,44.0861240034247
2051,34th St S,,,,,05458d26-3038-447a-b4b6-48056538a3d3,352.80113166708,122.083792742038
2052,1st Ave S,,,,,e468c1ce-e52d-4e4d-8acf-1681515bf0c3,441.889984592605,152.110561211372
2053,1st Ave S,,,,,7e04ae0e-0fa2-40ad-a3a2-1894bd66e533,437.450896761101,150.582608371211
2054,1st Ave S,,,,,9e9d5625-1012-4842-8754-3f40954fb9d2,438.656603010996,150.997729939506
2055,22nd Ave N,,,,,21a0340d-2c3b-44f2-9bf4-14e8a9c458d4,556.372551304873,191.811015754084
2056,22nd Ave N,,,,,afac7147-f4b9-4a6c-bb23-b41ea0543635,391.181715642634,134.681023016109
2057,Seminole Blvd,,,,,ee066ea6-699c-4ad3-80f4-2cee85945990,104.967066290202,36.3525929665104
2058,Seminole Blvd,,,,,51b3ba0b-3a15-4846-bca7-3d429d1bf23a,381.085493492198,132.001508210231
2059,66th St N,,,,,90d623a9-edae-4cd0-becb-9930a4f90399,332.419981731878,115.038468433716
2060,Pasadena Ave S,,,,,2df39ab3-b998-4de1-874e-8b853ba1a1de,369.626935267132,127.744851082268
2061,Central Ave,,,,,13eb36b8-16c3-422d-9401-ee8583869ed9,441.539251982583,151.989004141421
2062,1st Ave S,,,,,d01083c6-0e30-4aa3-96ef-2ec1e244ad57,450.299952427293,155.003756340266
2063,1st Ave S,,,,,4f9bbe13-38fe-4309-b4f7-34df234802a9,633.709077079759,218.137732063969
2064,54th Ave N,,,,,b90fbc26-1621-4a8d-9f5b-c464c30d8a50,261.503357314897,90.0576444157876
2065,66th St N,,,,,1a3df5be-314a-4d26-94e0-a282f03ae676,335.627802525142,116.194362412592
2066,66th St N,,,,,9ada09e9-6baa-41fd-90b8-65030d8771b3,318.667675102209,110.31746408557
2067,66th St N,,,,,745fd14a-5049-45ec-9384-d1ae723106ab,341.262022051541,118.101215129582
2068,38th Ave N,,,,,242c5f10-61c4-49b5-b12f-ba427cccf7a3,289.30483978591,99.6185650010898
2069,West Bay Dr,,,,,e3fc5420-c792-41d8-93da-72abfeb14b1c,182.201107921312,62.8014317375672
2070,East Bay Dr,,,,,3e0fa147-7350-4ef3-a34b-4355738e0135,352.852363202186,121.622426905889
2071,Clearwater Largo Rd N,,,,,c3ab39ca-4553-477d-907e-0cca26a9f07e,267.938569421357,92.8487598603313
2072,Clearwater Largo Rd N,,,,,73accb71-5b39-4c78-b122-c918551f4b85,333.366759974256,115.514796893386
2073,Clearwater Largo Rd S,,,,,1543757e-b177-4ad1-9aad-9c671b44cdda,159.421793149317,55.2380478134521
2074,West Bay Dr,,,,,6c2f70bf-f0dc-4ffa-a245-ba66767b40b8,348.255906735361,120.03784212772
2075,Ulmerton Rd,,,,,9a5f5f8a-3c96-44e0-828b-04a1c9de7e5b,644.066313457971,221.953313466819
2076,N Missouri Ave,,,,,d83a8131-86a0-4fb9-a249-7015f6d6e0d5,333.718770418763,115.633984770683
2077,Gandy Blvd,,,,,cb8c5292-8afb-498e-a2c5-7ea6436aa569,342.484266398286,118.563595648407
2078,5th Ave N,,,,,2517c836-6459-4849-9d3a-448bbaa2b8ee,644.829986724846,221.98024653318
2079,Treasure Island Cswy,,,,,a647b22b-ab96-4cb4-9292-f9fd03f40981,398.214811105466,137.075565389879
2080,54th Ave N,,,,,595670ee-16a7-459b-813b-65d09ce9a86d,294.612524225411,101.461376652561
2081,Clearwater Largo Rd S,,,,,2659adc5-b96d-465f-b5cb-54ac77ad65e1,332.022282418557,115.02771125953
2082,Ridge Rd Sw,,,,,a7d10a96-1bd0-4d2f-830a-e5d082f5fffe,523.861116903033,181.490744103868
2083,Dr Martin Luther King Jr St N,,,,,4803b865-ba60-4aa8-9977-fd429021280f,331.101371915611,114.632200412264
2084,Dr Martin Luther King Jr St N,,,,,389a9feb-388b-4bd2-b8d6-22659211ae80,37.8870225820281,13.1159844837463
2085,54th Ave N,,,,,64eb05d5-84b4-4bcf-8af1-43ee9adadb79,146.085660760005,50.310770552603
2086,54th Ave N,,,,,72f6d780-f6fc-4af4-8e38-44860b526f89,493.489160698171,169.988554015824
2087,Dr Martin Luther King Jr St N,,,,,01fe8dfa-2dba-4d24-9129-eb52437ebd9b,328.041519485562,113.563444326
2088,Dr Martin Luther King Jr St N,,,,,50f47b6f-2d96-4b92-8a2d-c6528bd623b2,324.940620187856,112.486312888995
2089,38th Ave N,,,,,3ccca834-ca7c-4369-9025-9ca2bfcc0659,341.919903138956,117.73787502585
2090,Dr Martin Luther King Jr St N,,,,,36ca1a9b-a874-4082-abf2-4d051c600d92,314.665268055157,108.92663777185
2091,Dr Martin Luther King Jr St N,,,,,2a60864e-5db6-4d33-bba3-f7133684cb15,144.221819096053,49.9220364947089
2092,Dr Martin Luther King Jr St N,,,,,e07d804d-a8b3-4542-8bde-d50bf7a7c80d,333.665806831154,115.492421387396
2093,Dr Martin Luther King Jr St N,,,,,8b447e78-fe09-4332-bbeb-890f87915068,329.728367765928,114.124893322253
2094,5th Ave N,,,,,b2467a3d-6136-41b7-8ce2-c7ed8fe79739,334.384567954899,115.112678587758
2095,4th St N,,,,,fcc6aca1-49d2-4551-a125-8a434a20ff1f,327.040721165566,113.203029575196
2096,4th St N,,,,,718296da-023f-4aac-aab8-db638a52e3fa,302.790290742632,104.798812784214
2097,4th St N,,,,,95d0f852-0f6f-490c-987d-a01f17cc441f,118.689395167387,41.0777757490033
2098,4th St N,,,,,c4d23780-becc-44ce-b98f-9c2a49ee2b44,158.06014580915,54.7024708479174
2099,4th St N,,,,,dbece888-49df-432e-9e37-a9de7da3d6e8,305.461164650161,105.711976687007
2100,38th Ave N,,,,,ac3c79ed-c44a-4825-a8f7-51ff6f97f70c,327.02831516199,112.609935601752
2101,N Pinellas Ave,,,,,9a7b71f8-f238-4b6f-ab1d-6cfbccabe3ec,121.902508339698,42.2360604674747
2102,E Tarpon Ave,,,,,acf5b344-2bdf-4220-8608-3bd4732f0de8,660.617122588093,228.189580168289
2103,US 19A,,,,,5cec61f4-cf14-43d0-bca2-f1515a33dce6,660.70530448557,229.103828446829
2104,Dr Martin Luther King Jr St S,,,,,7979b6f8-68eb-4161-8e42-2ac0f9f86ed4,136.218289112198,47.1311205814749
2105,Dr Martin Luther King Jr St S,,,,,32d6522f-a27f-4409-9ca8-c6b2f066a944,199.358309515745,68.9779969661814
2106,8th St S,,,,,bffaea4a-2ba2-4fee-90ef-cdaf090490cc,262.893991463132,90.9684102169653
2107,8th St S,,,,,d00881f3-7e8b-4dc0-8158-55f1a8fc0a75,260.702473171491,90.2120060433491
2108,East Lake Rd,,,,,92e7a672-15a4-4c6b-97b8-f372e41571cb,1999.06410886199,693.551930388375
2109,Curlew Rd,,,,,f29a3511-ec97-4aa8-a643-145f996f2767,215.623768966924,74.4138840844899
2110,Mcmullen Booth Rd,,,,,5c2e98c5-52ec-493f-8dad-7cef1a1be6de,1143.40240284086,396.500969989672
2111,SR 580,,,,,63685a99-abaa-42c7-83e5-d85dbe2380db,1897.83295855367,655.035873577268
2112,Keystone Rd,,,,,fe550845-cd4b-4d08-966b-19c073c3e0b0,665.579547203573,229.916498824667
2113,Mcmullen Booth Rd,,,,,bcb2fb47-6480-4e0b-9b92-f60eab703cef,234.545792186331,81.3154896276687
2114,Mcmullen Booth Rd,,,,,5de279ee-2db9-49b6-aad2-06f1d64ebe66,198.446100612237,68.7961762818233
2115,Mcmullen Booth Rd,,,,,01614252-1e3d-4321-b277-1753913baa1a,174.940770354709,60.6454874060632
2116,Tampa Rd,,,,,54b342ae-3e59-424c-9ae1-a0abfdd1dbf7,155.675679557109,53.7714706623304
2117,75th Ave,,,,,05ea21f8-fab5-476f-872a-502cd99f6d36,460.648892208102,158.752158737159
2118,Mcmullen Booth Rd,,,,,90e61cef-a3ee-4a08-9615-144c20265641,574.377443782467,199.252282103328
2119,Pasadena Ave S,,,,,5d20ef27-19ff-4a39-83a6-f3559c39cab8,276.005117109182,95.4459512208711
2120,Blind Pass Rd,,,,,de9678da-693c-4f07-9a2d-b0bfd5475f95,177.759562031315,61.4978367185544
2121,Roosevelt Blvd,,,,,cee7cf82-6134-4af2-b2c7-6f7488710d23,382.002936008864,131.705287459827
2122,Roosevelt Blvd,,,,,448a9683-85ef-4383-9d20-a06518f2b5f8,1670.56562244677,577.143173058679
2123,US 19A,,,,,9f04454f-c65a-4490-a32c-09c365e8ac91,335.956126628713,116.575598612558
2124,Curlew Rd,,,,,86d5fa90-e11b-46df-9453-d6dad960f12d,382.415324805488,131.987915732469
2125,US Highway 19 N,,,,,45ad295d-9135-45a1-b4c4-09a8a7388bad,269.705618751124,93.570909016637
2126,Tampa Rd,,,,,1497ce56-0548-4bf5-8750-9fad895b2c29,657.015586931462,227.23630721451
2127,Curlew Rd,,,,,d427edd3-2cc5-4075-89d7-a2c31c9e6528,1370.88890478658,473.106193374252
2128,Curlew Rd,,,,,d60f0ced-854e-48b8-8fde-16598d45dc27,285.747288746142,98.6174473814961
2129,Curlew Rd,,,,,d80b701a-36e8-40e2-a987-aeeedf191fb4,651.91153801314,224.978586634692
2130,Curlew Rd,,,,,88bee7b2-9a5c-465c-bd27-18f8502cc2a7,268.402696419583,92.6318051327462
2131,S Pinellas Ave,,,,,05e8979a-c79c-4818-9e5b-79a3a191a9d5,221.059213776184,76.7570712819763
2132,Seminole Blvd,,,,,98d1eebc-f961-4943-9ea3-106f8b4d9218,127.23719877089,44.059085951518
2133,Seminole Blvd,,,,,ecee6728-be1c-4647-8bc8-c05e40d4def9,323.768387785979,112.102989536621
2134,Park Blvd N,,,,,bcff8f78-c855-414e-8020-3fac9f9339f2,301.974011545234,104.015186011756
2135,Park Blvd N,,,,,5e8b4a60-252e-490f-abc3-a18d334a2dbf,161.948523549201,55.7832387166148
2136,Roosevelt Blvd,,,,,b5e9d27c-2fcf-4168-9def-ad2bff2ca388,964.077591498233,332.399910228941
2137,5th Ave,,,,,87ba768f-b6a8-4375-9976-d4e48942170c,249.892767648425,86.1089049773788
2138,Gandy Blvd,,,,,a0864936-ec43-40bf-b16a-9a518a9950e9,302.978562011595,104.441343322305
2139,113th St N,,,,,8bbd4c51-5295-4b2d-ade0-90d23d6f38f6,303.794553678273,105.166010625629
2140,113th St N,,,,,a9ebd852-d156-43bf-a828-b72c4e331667,112.730783455957,39.0224304296306
2141,113th St N,,,,,69c0374a-0a8a-4415-bdf7-3ab656cabf73,169.206319570747,58.5857207787233
2142,113th St N,,,,,aea5e78b-da21-4a2c-bdba-f4f27abb57de,240.000832335058,83.0939181116651
2143,113th St N,,,,,e93eacde-12c8-4c30-a5e9-8ae321c616d5,162.391213475583,56.221692175606
2144,Seminole Blvd,,,,,43c23b8e-a66b-44ad-84db-23bc25ab0cbe,169.334636821063,58.6387665266111
2145,Park Blvd N,,,,,a56c495e-6149-4dc7-b54e-c582c15c7efd,110.454818466941,38.0450170231271
2146,66th St N,,,,,d5a08539-2131-429b-b84d-c30c7bf087a6,345.055492357926,119.469383045606
2147,Gulf To Bay Blvd,,,,,199fdd2e-5304-42e7-8ea3-448d0f3b77e4,224.706287510196,77.4849223270519
2148,Park Blvd N,,,,,aebe7d8d-4061-4d06-9b78-9409dfbfadad,438.195137396604,150.932896679973
2149,Park Blvd N,,,,,874c4bd2-cb68-4b6b-99f9-7a765f7d8be9,429.085547397247,147.795397792113
2150,Coronado Dr,,,,,f826968a-1b9a-4f89-88cd-e5c80cbe3053,467.729184983996,162.052777516435
2151,54th Ave N,,,,,b8050d2a-0a1e-4173-ac80-bf023a034a45,206.444651139398,71.0964977796354
2152,Edgewater Dr,,,,,44d2f15c-65cd-47fd-8062-3e00104d0a12,188.581681031399,65.3779156465726
2153,Gulf Blvd,,,,,890d6e5d-0300-46e6-aacb-96730aff8a20,446.103044513627,154.067328109559
2154,S Belcher Rd,,,,,6fd97044-3971-4325-b223-5b6c1b268f2a,389.80191798748,135.103176022185
2155,49th St S,,,,,5328e32d-d4a0-46fd-997a-b95cadf30218,318.481341590818,110.187472333633
2156,66th St N,,,,,909994e8-97eb-40da-9813-61314fe6d0ae,326.70113317839,113.115440317643
2157,Seminole Blvd,,,,,b80ebbd8-f7da-4e78-b92a-c92ad9bfb4de,330.302365331588,114.361501871437
2158,4th St N,,,,,f58551b9-36df-4f91-a67a-14e6c41fc132,165.128606752865,57.1494668170648
2159,Ridge Rd,,,,,10a561e4-6117-43b5-93d5-bd958eae6793,109.740449902984,37.9982562647091
2160,Dr Martin Luther King Jr St N,,,,,8a448b78-a4a2-4a4c-902c-a98075d092c0,329.244570887052,113.978782826787
2161,66th St N,,,,,673a8adc-8670-418d-a9dc-a422e7dffee3,325.794294341358,112.77718178362
2162,Dr Martin Luther King Jr St S,,,,,42915846-fd80-4e77-b38c-912cabc6a510,454.455626267362,156.754689187059
2163,S Missouri Ave,,,,,8d4ecb55-e459-4128-a421-9f8b197da1ee,689.845774311523,239.063324367507
2164,Tom Stuart Cswy,,,,,2139f6ab-e232-42b5-a72a-d9abf41e9fb7,2036.62196625763,703.104387473003
2165,49th St N,,,,,56b83ae8-cbd5-4b16-8f58-a817157717b7,171.400691530976,59.3333640706853
2166,4th St N,,,,,a7c0bc76-b38f-432c-a006-2aa06eae3aa2,374.838908456972,129.781029417378
2167,S Missouri Ave,,,,,b6e353b2-d634-46db-91b9-fe474dfd7b65,268.232712915879,92.9665096636189
2168,34th St N,,,,,78df7b5e-4c7d-4c54-89df-17ca1b33044e,324.966591652276,112.47581539612
2169,Clearwater Largo Rd N,,,,,fc625510-1e8f-4555-ad11-dc2e335d6624,344.382111173512,119.333593857919
2170,Blind Pass Rd,,,,,3f4da8ec-60c3-4952-a584-64ea974666a6,268.643664258356,92.815816494715
2171,Dr Martin Luther King Jr St S,,,,,99449a55-6626-4798-b78c-72a775f30338,621.130404166478,214.745110047836
2172,Gulf Blvd,,,,,976f7df7-26b0-487b-8778-d6c3a49a3ef8,296.119731017559,102.57536212429
2173,Gulf Blvd,,,,,7d3e3760-7059-4f03-9f2a-5433b5249d69,286.4208704091,99.2122672843788
2174,S Gulfview Blvd,,,,,e0f5862d-715f-41dc-b821-42fd697662d7,577.904220599911,199.309908081719
2175,Park Blvd N,,,,,de58d3c5-dd8d-4dcc-88d9-da4294eabc6e,442.604559343593,152.451724370614
2176,Belcher Rd,,,,,6fd33057-7fda-4bec-ab05-92ba16e1b532,1327.41400930317,459.631997798807
2177,Belcher Rd,,,,,d87c6339-d80e-44b4-bd5e-df7bc4dc05eb,417.483872243331,144.568270344043
2178,66th St N,,,,,fbb4bd98-4ac2-4a63-a6a0-e75de64dee5f,658.674888217996,228.083269732529
2179,Park Blvd N,,,,,26f20a92-66c1-4b5c-a9c8-7e6f172201df,586.624738330872,202.057094643487
2180,Seminole Blvd,,,,,ee50e90e-1693-47cb-b252-57924f17d7e9,388.396164186247,134.505629594555
2181,Seminole Blvd,,,,,4e2fc302-ab5a-4c03-853b-f67c1035f258,274.407285771479,95.0009671199873
2182,Park Blvd N,,,,,a7396b24-f0c9-405a-9f2d-b3e0ddadec28,682.623852891961,235.620661584925
2183,113th St N,,,,,cb9be56c-9286-46a4-9573-4207cdfe3659,612.718112851049,212.175750827722
2184,Gandy Blvd,,,,,c7230a76-7379-42b8-8dbf-750ce9c109d8,524.000015767019,181.256868213278
2185,Park Blvd N,,,,,228aba0c-5517-437f-ba28-e13c64e2998c,1383.39742951342,476.497557845327
2186,Seminole Blvd,,,,,b12caaa7-9fb5-44ea-810f-0e698f3212e4,714.57160843707,247.391543199436
2187,Seminole Blvd,,,,,a66924ef-545f-4060-b2dc-f9db8c9926c8,298.805473348931,103.453663119794
2188,Seminole Blvd,,,,,e6fc468e-cd07-4845-a229-7a1fce68f099,214.374815642365,74.2295971079303
2189,Gulf Blvd,,,,,cbace89c-5519-4696-8cb0-5d6cdec48982,236.401739160671,81.8452796802969
2190,US 19A,,,,,2c503f96-d7ee-4bf9-8620-a04b42a512d2,1340.51331920387,465.241189064592
2191,N Pinellas Ave,,,,,858734fa-d49b-4455-966e-7abb58c337fe,408.786684184981,141.953051324923
2192,Curlew Rd,,,,,e8d42d2d-d046-4267-96db-b7afe7957e6f,238.798046129329,82.4315906425775
2193,Curlew Rd,,,,,6a1781f9-9531-49cc-b6dd-c744bccf058f,449.501020961518,155.126578328014
2194,Tampa Rd,,,,,ed087ff0-df6a-4e41-a4cb-82510f7615d9,975.926472679151,336.859582259497
2195,US Highway 19 N,,,,,bd9d7c9c-9ed5-4ed9-9356-fc6f59c2cd24,846.058918081446,293.514643696586
2196,US Highway 19 N,,,,,99a01d7e-5abe-42a7-b749-32a39da774e7,1151.57971572038,399.634061328487
2197,Curlew Rd,,,,,99617d0a-6816-4171-a74c-54e74f08559e,701.151067382807,241.994590672342
2198,US 19A,,,,,3a4c7938-8010-41bf-b3fc-1ed1c7bc9f46,677.638315836151,235.057470190615
2199,Mcmullen Booth Rd,,,,,740ce271-4098-4599-b299-9f4f745d90ee,282.497142734982,97.9589551321835
2200,Gulf Blvd,,,,,352d2708-b829-4f31-8e92-4a5ace44e936,257.561856826557,88.9571979784027
2201,75th Ave,,,,,f049fe97-7978-4334-84f6-ce84c6c0bbff,1394.44278292497,481.635924166854
2202,Pasadena Ave S,,,,,d3baccb5-3435-4274-820a-41970869c8ac,1618.88794032111,557.837432807465
2203,Mcmullen Booth Rd,,,,,4f67174e-551a-4186-8eac-41149ee53f0b,446.417452968391,154.753894065949
2204,Keystone Rd,,,,,508a848f-6ef5-4fb0-b3e0-825dbc638757,867.171109652652,299.554012471962
2205,East Lake Rd,,,,,4a8a2366-16a0-45cd-b7e0-1a3d1fa09082,2001.90087845011,694.949021518734
2206,Mcmullen Booth Rd,,,,,b9aacd89-c4b5-46d0-9fb5-303f21e1f6e7,621.859197734269,215.681052516869
2207,Mcmullen Booth Rd,,,,,6c235e48-6ae6-42c1-afa0-7841e66bbc44,330.510030435702,114.655840762355
2208,Tampa Rd,,,,,4751c1ca-f732-4bbe-a823-cce57a9dbde3,1070.77134359527,369.74604440956
2209,US Highway 19 N,,,,,bd6a128d-a507-446d-a3ee-41e4f489f066,425.290486131859,147.654734261814
2210,CR 611,,,,,b937803f-ca50-4e5c-b5e2-4a5d9cedff91,1162.81820019959,402.747398825872
2211,Dr Martin Luther King Jr St S,,,,,7184e642-16a0-4dd6-b5cf-312852f182e9,308.212965722579,106.64332698618
2212,US Highway 19 N,,,,,30429f34-41b3-41dc-96d1-e861facece67,1121.49999147185,389.507588306172
2213,4th St N,,,,,7ad99740-26c6-4db3-8cb9-7e8753c80ef7,275.512475641207,95.3370264201972
2214,4th St N,,,,,3b0b45df-7fc1-4617-8928-3468a733cf73,328.044651012966,113.541293002442
2215,4th St N,,,,,ca308e26-8baa-449a-9d29-eafeb32f9b7f,332.861872034683,115.224792940357
2216,22nd Ave N,,,,,48aefde1-3297-455b-9a58-4785b9577591,664.065048273702,228.636373797308
2217,5th Ave N,,,,,ef9eb49b-edad-48eb-986c-c323669605d0,519.118056259241,178.707565274203
2218,Dr Martin Luther King Jr St N,,,,,b85341e9-e6e2-4380-8378-312bd6eb611a,541.102530271523,187.296539399253
2219,4th St N,,,,,f55ef2f4-4f86-4409-9312-5886f3ddf50a,704.105608520683,243.769762567625
2220,22nd Ave N,,,,,787e5669-d829-4ab6-8adb-a1b0b212b50d,667.628200254578,229.862915420928
2221,38th Ave N,,,,,f4b1917e-dbb9-4d96-9b3c-035fb4026b28,429.305323116511,147.828657920149
2222,S Pinellas Ave,,,,,b23a491c-6671-4947-8963-6d143f932bc0,1088.68924213275,377.866634681078
2223,Seminole Blvd,,,,,8d11e704-57f5-45dd-9370-9eabed85ba16,340.738648490442,118.041750035339
2224,Ulmerton Rd,,,,,701e50a8-b4d5-4c67-8534-0d46341a103d,1303.25115574377,449.118138637812
2225,Ridge Rd Sw,,,,,665be6ed-1d8d-4589-94b1-db860ce503e5,286.008871924078,99.0903667793927
2226,Ridge Rd Sw,,,,,80b76486-d5ca-4e54-9aef-29ae9e79d2c6,330.513085822989,114.502593639038
2227,N Missouri Ave,,,,,5470d513-745b-4a4e-b727-4c941a207ee7,378.010409236067,130.986958123166
2228,Clearwater Largo Rd N,,,,,bc4719a2-f654-4b02-b773-f8f9e999b6a9,334.214064687398,115.809480390063
2229,East Bay Dr,,,,,3f6110ac-e07c-4c7d-9c91-aeb4cf39349a,724.946354142503,249.87700130412
2230,West Bay Dr,,,,,cad8dde9-1212-4adf-9009-9a9586919c12,346.923769980331,119.581464564719
2231,West Bay Dr,,,,,3cd05576-57b2-4dc9-aafa-ef52a792ff78,585.974263350771,201.975004348839
2232,Seminole Blvd,,,,,dbce49be-ecfe-4f52-80d6-dc17ecc115e2,576.843283644431,199.837262673234
2233,38th Ave N,,,,,327dcfc2-7c3b-4ed4-b231-98d7aff3c1c4,519.485852314899,178.879088847617
2234,38th Ave N,,,,,a13efe9c-3fa2-4f22-9328-2d40f6fb7f72,337.952211761636,116.369698770335
2235,66th St N,,,,,a504032a-85f1-4d94-81db-c443dececfa9,1038.0413272367,359.255134806012
2236,66th St N,,,,,972c3ada-e7d4-4d86-be28-692b85bcf9ba,536.174571677376,185.587547940332
2237,1st Ave S,,,,,eb76a99d-e5c0-40b1-8df9-5eb4be6fc3a7,655.870767982443,225.76659539017
2238,Gulfport Blvd S,,,,,b588d27f-d330-411d-867c-66d884cc673e,804.071837629337,277.15827957457
2239,Pasadena Ave N,,,,,2a295bfd-4673-4e43-8da9-887623f043ad,732.023277701768,252.510936394193
2240,Seminole Blvd,,,,,f04b4aa5-89c5-4f9b-866c-b248e8761e9f,301.786096344654,104.526507064634
2241,113th St N,,,,,04ce28bb-f554-45de-a66c-00335518af4a,1331.32454704677,461.184145528867
2242,22nd Ave N,,,,,0c161d6d-6f0b-49af-9ff4-8bd1e4a5d0a7,508.699403095349,175.141289868892
2243,113th St N,,,,,5bee688e-d31f-4717-b60b-031e7314e073,1123.5570459988,389.121672372444
2244,1st Ave S,,,,,1b44633d-ba0e-4ff2-bf24-0440827e2934,1326.57087712852,456.644956434509
2245,20th St N,,,,,9f9666ac-4605-45ee-bd5f-97565b2db8fb,314.602425072794,108.867645612518
2246,5th Ave N,,,,,ca88af18-d492-4502-af56-671bfd4896f6,415.500348260671,143.035786268018
2247,34th St S,,,,,d0a76251-8fc9-4a87-a621-48db0d173648,281.803088884415,97.5124234851739
2248,34th St S,,,,,b3144a60-7cc9-478b-af83-ddec22f6ee71,344.108400127012,119.061117530294
2249,Ulmerton Rd,,,,,a0da19fb-b292-45d5-90e7-3d318c4d398a,1866.106377807,646.12802000763
2250,Gulf Blvd,,,,,42bf7023-b942-4777-b620-8a624b9914ad,278.046480310066,96.1383645967574
2251,S Gulfview Blvd,,,,,5185a108-7117-4c8b-81d5-5129798f7619,1949.05732292302,674.925897478003
2252,Tampa Rd,,,,,77dc3073-5947-4cf4-a759-63a3b52c4254,2412.70460065899,834.332165283564
2253,East Bay Dr,,,,,025804a9-6730-4d6e-af7f-72b93d53d195,671.808688113438,231.561719438518
2254,East Bay Dr,,,,,9fc2e1c6-d1ec-42a2-89e8-b6f5faa17b2e,227.258517756166,78.3333700900805
2255,East Bay Dr,,,,,ba066911-f514-4aad-8512-da1e676d8991,800.594393479675,275.952511851677
2256,N Belcher Rd,,,,,10ee39bb-e6d3-4b2a-8102-26eb46f900f0,259.668710133441,89.9699074632319
2257,S Belcher Rd,,,,,bdbbba60-a3dd-4f2c-918a-31b3f50b2dc1,224.422667863658,77.7604607237462
2258,East Bay Dr,,,,,0cb10557-89ab-4265-a167-8921d64df442,282.231739896798,97.2813548070397
2259,East Bay Dr,,,,,1946d01e-7d17-4476-b035-125c1e8b412c,500.441925092401,172.494797473935
2260,S Belcher Rd,,,,,5bca0e25-25da-48e9-bb82-39c60014539f,720.663998411473,249.691009743847
2261,34th St N,,,,,e180101b-0063-4c42-90bb-9ade2f0f44e8,673.751693965178,233.198669894479
2262,34th St N,,,,,364f970b-e3d2-41b3-b3fa-773b22d8193e,328.901794270921,113.847391140862
2263,34th St N,,,,,7a351d9e-8b25-4554-91b5-deb2113b852e,350.230035380443,121.233966112361
2264,Bryan Dairy Rd,,,,,5df0539e-d7b4-473c-af48-83e625777526,1023.83175425417,352.766920600939
2265,S Belcher Rd,,,,,417b6c47-7dab-42f0-b676-78a651e8e26a,676.04364668577,234.305090801412
2266,S Belcher Rd,,,,,c0200bdc-740c-4d8c-989b-8daf8e9dac28,258.083075785761,89.4559893679132
2267,S Belcher Rd,,,,,b565713b-bc87-42b6-a8a0-4d6070ed1e03,1043.85005599306,361.849548624198
2268,Belcher Rd,,,,,9cec057d-5770-4a50-97c3-c64474c8e008,820.204639592818,284.098255251871
2269,Ulmerton Rd,,,,,869346b8-b13a-49af-96bc-115d53fcdb81,606.306274486091,208.944338762042
2270,66th St N,,,,,38863f53-b0f3-45f5-ab21-a93469761304,813.528440667271,281.785535321402
2271,Gulf Blvd,,,,,cc4c756e-ac1e-4462-ad3a-538eee483220,1169.26087684955,403.540487436847
2272,Bay Pines Blvd,,,,,6ea22a18-fd33-4f79-8fc1-3a99c70a4bbe,805.096509531417,277.242297221747
2273,107th Ave,,,,,be804923-08a7-4f3e-82de-25cc735924fa,750.422150522341,258.578848385855
2274,54th Ave N,,,,,9d1d15f4-ee99-40d0-abbf-f6f4be9cb049,209.392048458978,72.1114777605218
2275,1st Ave S,,,,,6c0052da-4919-4ce3-8f3c-987740ab9ca0,460.601954523798,158.550524388725
2276,Edgewater Dr,,,,,20eb7cf1-baab-4602-bcba-1e2aaff3d7c7,421.312983853112,146.025979492397
2277,N Ft Harrison Ave,,,,,e5cfd722-e67e-4f89-a6e7-6b478366e2e3,965.757756396828,334.837700994913
2278,N Myrtle Ave,,,,,56254a98-890f-46c0-b591-839ec5327698,350.005476321079,121.338030665359
2279,N Myrtle Ave,,,,,f891fde2-4d94-46df-9b83-1bf5ecd68318,313.235087093448,108.597001532025
2280,N Myrtle Ave,,,,,447b778e-a41b-4022-af92-96f9dafc513a,266.113632905421,92.2630034562512
2281,Dr Martin Luther King Jr St S,,,,,f05ac5f4-4464-48b0-8441-4c29896b2b08,329.85971851142,114.126998139357
2282,54th Ave S,,,,,3d540655-5c4a-4c58-9a0c-6dfc4b6b95ca,1746.02449782393,600.753293302546
2283,34th St S,,,,,424f3517-37ed-408d-b2d6-80382ceecdae,1153.67174125419,399.06718807503
2284,Pinellas Bayway S,,,,,750613f4-10be-4ad0-93bb-c6b118c36bf8,3394.29405658667,1168.46595061087
2285,S Missouri Ave,,,,,cfb39ecf-516c-4ac9-bfaa-a0c7c04a75b0,282.566023770581,97.9471670188361
2286,Court St,,,,,d0b1f4b0-1ad7-42fe-9b21-53e7797e9609,661.620205136526,228.142101442774
2287,Memorial Cswy,,,,,5cecb1fe-92fa-4587-abda-d95c9657ce38,6065.84012379261,2096.14162698284
2288,S Missouri Ave,,,,,448bbd72-f47c-4c1f-8d20-7ad32b800fda,679.520873801512,235.485287418154
2289,US Highway 19 N,,,,,04674ec2-2bbd-46df-8b26-a769d9cbd71e,965.082405261743,334.51202243196
2290,Roosevelt Blvd,,,,,9ffc0148-7e71-4662-bb5e-4848c34e9739,505.685844240404,174.302768922983
2291,US Highway 19 N,,,,,a918d002-ba6b-4ee3-99fe-9775d1b51e5e,1019.00101464182,353.114824333922
2292,East Bay Dr,,,,,5efe610f-485c-42b2-b54f-64a9573ee9dc,663.904856703038,228.838747574184
2293,East Bay Dr,,,,,0329e699-0c1f-45b9-bf46-879cd76424b7,697.196761916736,240.313797170499
2294,East Bay Dr,,,,,c3172784-9090-42f7-a1b3-c1af03689102,915.946994038038,315.713321213017
2295,Ulmerton Rd,,,,,34fa71a8-9629-4c44-9f37-59b9a2b04ef7,705.026468451543,242.964931358934
2296,Gulf Blvd,,,,,77d3b7a8-80ac-4ed5-9f3e-913fc3b364ad,288.368643790771,99.6675983838824
2297,Gulf Blvd,,,,,eb39e420-a049-4bf9-8594-0a6aa20f9a0d,462.914664112259,159.896546520921
2298,Gulf Blvd,,,,,ebab5302-dbfc-4349-aa0b-ceb573d01de6,483.383168095684,166.801340701427
2299,Gulf Blvd,,,,,3d00e39f-2aae-4c7d-8636-6bd76b31977b,186.394982508177,64.3388306252051
2300,Gulf Blvd,,,,,13082df0-d5a7-4020-bfa1-b7975ae5b4cd,550.099132589591,189.830073850399
2301,Bay Pines Blvd,,,,,a0826f40-5e84-40a2-b09d-b099227dfb50,1533.03356112813,527.945062110207
2302,Duhme Rd,,,,,4effc29c-56b1-4290-9229-3ff5dccd5587,1165.88329473372,402.843617257297
2303,Gulf Blvd,,,,,55bd18ba-c31a-4edb-ae40-7565442e0fb3,402.5787905859,139.1408408505
2304,22nd Ave S,,,,,dddac185-f0db-4abe-9455-fe7541efd8a3,192.447368724534,66.2327310804865
2305,22nd Ave S,,,,,f3af801e-5dbe-4eb4-a207-8d92e18b66df,197.606026715646,68.0084335311541
2306,22nd Ave S,,,,,0acc76f5-2fe7-4a5a-9d62-03fb84836957,317.209142186173,109.170419772822
2307,22nd Ave S,,,,,6350e90a-435d-49f9-95de-86da64236668,492.0249621297,169.334575602251
2308,22nd Ave S,,,,,af9008e7-7ca0-48a5-8d12-163ccddb6970,341.108759133146,117.395199082759
2309,34th St S,,,,,0b21f90d-c790-4cf6-855a-f96cefe117f2,663.057331824264,229.395408038676
2310,Main St,,,,,7b4975f8-f8e9-4b59-854c-cad4b217f6a7,325.734144138364,112.382384243852
2311,SR 580,,,,,afdd9099-db23-4f6b-823c-6353fab24255,1154.77295798203,398.414235649767
2312,US Highway 19 N,,,,,afdafed3-3cac-4724-9e2b-0f409897abaa,500.935327471165,173.758606217917
2313,US Highway 19 N,,,,,50c26275-e59f-4fb9-a2b4-e0ef968752c0,506.652198062491,175.61786554112
2314,Main St,,,,,4900777d-4a1d-4f07-ba00-00bc5e142e91,656.037425918799,226.340896502749
2315,Gulf To Bay Blvd,,,,,b8e2e969-b615-4e63-9fe7-463c71b3bfdd,843.83399800777,290.976628038977
2316,US Highway 19 N,,,,,5453ee7b-b63e-4b06-940e-b0a0752047e2,807.205156615459,280.010197984836
2317,Gulf Blvd,,,,,34f7dca4-e697-4c0f-8fde-3b6ee644178a,299.645555226953,103.800783741026
2318,Gulf Blvd,,,,,962f9b06-1db7-4a0a-ad2d-743dddd29f9a,353.794936252879,122.560604478641
2319,US Highway 19 N,,,,,a5e01d95-1242-4902-bcb3-9d7fe93225db,810.073986755305,281.170245259308
2320,Gulf Blvd,,,,,a9fd3b42-6376-4eac-b52f-2d23a061b5c4,840.046510143513,290.017045079389
2321,Gulf Blvd,,,,,02d42468-0618-4162-9eb3-6a05f0750353,646.395848992063,223.222956897236
2322,West Bay Dr,,,,,e932dddb-2391-479a-9d58-36af72d39dbd,1053.44115271536,363.101828328618
2323,Bayshore Blvd,,,,,13b56284-cc42-40a3-bc5f-1f75194c39f3,547.87432279893,189.837934118008
2324,Bayshore Blvd,,,,,3fecbc6b-aed0-4fd7-9260-e2c3731891ea,407.389325146181,141.252505917899
2325,Main St,,,,,4d96eaec-90a6-4fd9-b972-95e3a1f48586,768.232333005804,265.049054964065
2326,75th Ave,,,,,3079615a-c0e1-49bf-b047-5a1f83994851,414.283817036845,142.770466467145
2327,Gulf Blvd,,,,,551db862-e350-4b2f-9194-844db9775d15,219.496205680532,75.8848237330688
2328,Gulf Blvd,,,,,26269b91-cc67-400f-b834-4007e70436b9,1167.72570554548,403.72376281988
2329,Park Blvd N,,,,,d42e2a54-6fb8-4d92-bbd3-8624951247fe,320.211515989459,110.296823310348
2330,Park Blvd N,,,,,7e82e6fc-5327-4715-a3da-6b8b8c9c5453,1741.21784091241,599.763646070952
2331,Roosevelt Blvd,,,,,a7a66814-8647-4287-8555-55cda397c522,1657.83096603282,572.688893680032
2332,4th St N,,,,,207e617f-99e0-456b-a7d1-4f09679fa942,326.199895304252,112.943476519211
2333,4th St N,,,,,ab73c7cb-2bf5-4f59-8165-f7d22bea2157,338.317568230191,117.149148896537
2334,4th St N,,,,,69885fa2-fcf0-4bc2-88a2-02b4d619a47c,314.384903447206,108.870413373842
2335,4th St N,,,,,9b62d6e5-8b92-4fc2-92f7-3a613854b696,296.507460155915,102.704587193673
2336,4th St N,,,,,6d84c497-62d5-4ca8-8b8c-75864d193388,330.614461381501,114.494446897944
2337,Dr Martin Luther King Jr St N,,,,,4101cdb4-73de-4de4-8008-f26eac8b58bf,850.903842815667,294.599897250548
2338,Dr Martin Luther King Jr St N,,,,,1c9afdb0-9dd2-48d1-a439-62c01fd153b9,319.624544969237,110.684626551776
2339,Gandy Blvd,,,,,a871a9bb-b228-4192-914b-4024f65b50a3,2326.3793094965,802.329223829168
2340,Dr Martin Luther King Jr St N,,,,,301e1a14-d22d-4c5f-b0ba-865ece63c36d,893.217311621886,309.395987216726
2341,38th Ave N,,,,,78da7fd7-a70a-42fd-b620-c590ef628761,334.785183762594,115.280228458057
2342,38th Ave N,,,,,b26bd0ee-8485-4a1e-b8f2-c8fa83ba3544,267.672934988368,92.1705555707571
2343,38th Ave N,,,,,8a944891-79a6-4129-a0e2-b2aae83f8f89,341.292104830089,117.52041436619
2344,22nd Ave N,,,,,339520d2-eac4-430d-9013-30fb832797c3,540.80036779879,186.194600820189
2345,49th St N,,,,,47873236-68cc-4c10-8520-fcc008783a8c,278.616936803556,96.4519124937372
2346,49th St N,,,,,b4fe150c-ff89-48ec-8846-5bcf8ddc68d3,327.103966583726,113.211480499315
2347,49th St N,,,,,c60ed4f9-878b-4f73-99cd-16fe5ae0978f,665.010599165547,230.176143426182
2348,49th St N,,,,,83806534-255b-409a-a4c6-4fad5a994a88,278.153912450469,96.2841920489901
2349,49th St N,,,,,60a4bfdc-caf8-4456-8aa5-d051700776f8,1040.6442752854,360.277067369226
2350,54th Ave N,,,,,6bc6075c-9315-41c9-a0f9-099aa90fa73b,660.012417617748,227.29953324795
2351,54th Ave N,,,,,e1c96c4b-bf15-4fed-8349-400a5b213dc5,639.011588110457,220.066935374738
2352,54th Ave N,,,,,9d90e203-ae73-499e-bdf8-cb665dbd1248,441.012562001897,151.878347919209
2353,US Highway 19 N,,,,,97b0f2d4-0485-427d-a779-b0abe1321d07,411.6592029132,142.739140242463
2354,N Belcher Rd,,,,,6228df42-7e55-4135-8605-250b17373463,1640.98848111909,569.020007070818
2355,N Belcher Rd,,,,,cd435583-c4ee-4a2e-8af2-96d9afec4edd,265.164060546642,91.9238459646218
2356,N Belcher Rd,,,,,01b74fb2-ba11-4cab-8d6a-6ec654143526,280.66218327081,97.3102572924841
2357,Ulmerton Rd,,,,,0f6580e9-8958-4c3a-ae54-df36c1811256,2061.91825176112,710.588988370525
2358,Park Blvd N,,,,,43051c50-e6b5-4a9e-8185-e87d6ede34f7,460.882713580099,158.747846269038
2359,49th St N,,,,,68c8e0b5-4f0a-4ba7-b5c0-72f81e996664,1978.08405393634,684.877599922661
2360,34th St N,,,,,d6f31325-3ab2-4ff8-bb87-d0287819b6d5,1320.95248016813,457.339575739818
2361,US Highway 19 N,,,,,b37c08c0-8a10-48c5-9cfc-7c0e696ad326,717.361064494216,248.019963144114
2362,49th St N,,,,,9461d981-6b4e-4c56-b114-a4937b4e9bd4,331.276479141591,114.64903869662
2363,54th Ave S,,,,,0845b176-8cd5-49bb-aaaf-5f88337eaebd,929.443882149064,319.790460889382
2364,34th St N,,,,,037c21a2-830d-401b-9dad-68e5d0f299f8,335.909079437052,116.250281316337
2365,49th St S,,,,,000828e2-4889-440b-872f-fece84d1ee4e,327.603962932963,113.359441346698
2366,49th St S,,,,,43e1f22d-86eb-4d9a-b0ff-970e77e67e7f,228.673964474466,79.1242825987884
2367,34th St N,,,,,15894b9c-7622-427b-97e9-bed157bfd2e6,1327.56890926363,459.478823355263
2368,5th Ave N,,,,,0d5c2877-c037-4bd3-9985-0d669070571a,226.303797981271,77.9047318841516
2369,49th St S,,,,,5865a214-f175-43aa-a63c-3c937f277feb,335.534643050493,116.093153715874
2370,Gulf Blvd,,,,,c022420f-2174-4703-aa05-41e70aa90844,921.353283955308,318.430749158158
2371,Keystone Rd,,,,,c62ce85d-35a1-49eb-bf2a-b5f68f773ec8,1312.29197169017,453.652554950845
2372,Dr Martin Luther King Jr St N,,,,,462aafc9-8931-4196-82ed-98a6d9b39f03,434.985540477879,150.630629414082
2373,Gulf Blvd,,,,,171cb15d-0397-443e-b0c5-042fee6840ae,240.281099798337,82.9801238463181
2374,S Gulfview Blvd,,,,,ed8537fc-1857-4c12-b48a-1c7110b8131b,319.654444734189,110.277237047839
2375,Tampa Rd,,,,,04a21b16-5d65-4250-a46d-dd49209a8556,1057.26803887797,365.09203262677
2376,SR 580,,,,,8b75d7ec-8117-48fb-940a-8240e6da1260,457.004365676587,157.672546590578
2377,N Missouri Ave,,,,,2b468b5c-8869-4ba3-8cad-bf0b37123ef0,458.129140052886,158.746779701078
2378,Roosevelt Blvd,,,,,f52e131d-aff2-4c1a-8d28-06ac7de08d4e,345.897524464229,119.460203800117
2379,38th Ave N,,,,,a0908e64-4c61-48f8-9388-8b6d0334276d,569.000494848248,195.928782804071
2380,Dr Martin Luther King Jr St S,,,,,bf79162d-ccfd-4128-bdfe-5aedf5d20c02,849.131931746701,293.715131449201
2381,Pasadena Ave S,,,,,e5104a56-f936-43ae-8958-0a3ba517d342,800.464272991794,276.828178008599
2382,34th St S,,,,,5a2d538f-e1bc-4e9b-9240-194ee8773234,260.901053004792,90.2802807945832
2383,Gulf Blvd,,,,,54fbc74f-3018-44ab-b1fd-65d60800cafc,608.544559931672,210.77604747397
2384,East Lake Rd,,,,,b4c6af49-e33f-4a10-9e1c-acc82b28dbba,1188.36517989308,412.481327073117
2385,Memorial Cswy,,,,,238d8974-1df7-495d-b8ae-626513b7d532,2391.08529451263,825.762485078049
2386,113th St N,,,,,d63191e2-6549-44b3-8696-646c14108df8,257.006492983966,88.9854533406471
2387,I-175,,,,,e3a488a7-9d46-49de-89cb-5b34f5f81ca5,1686.57709191874,580.549770691046
2388,N Belcher Rd,,,,,7425d418-76a3-46d2-932f-14894f9ce9cf,681.256961628401,236.072310005015
2389,S Belcher Rd,,,,,c7569f8f-3aa7-4610-a67e-c4b5f02c4c92,1148.6562807598,397.967995208799
2390,East Lake Rd,,,,,205dbdb3-cb46-4b3e-9f0a-29a7ea4eabe0,3751.61362405259,1302.66954962117
2391,SR 580,,,,,e101da7b-3925-4f11-8666-e4ce8e3ac6e2,710.200437217313,245.04715306733
2392,Gulf Blvd,,,,,feffb620-d42a-4f0b-bcff-9b26d9cdfe2c,680.649345493807,235.635393766003
2393,US Highway 19 N,,,,,69149dd9-fa38-4d2e-9093-a73aff15efc4,2064.21799182275,716.252655152719
2394,Park Blvd N,,,,,24cc02c4-1d65-42fb-b6d2-29752b412643,834.178597542214,287.333071428514
2395,Dr Martin Luther King Jr St N,,,,,376ce72d-8025-4b27-b171-16791bcecf97,327.642973284551,113.396089631889
2396,22nd Ave S,,,,,f28eb92f-533f-425c-8056-e3ff4714ac47,312.687447960638,107.614006010086
2397,Ulmerton Rd,,,,,0a9fab31-b464-4741-8cdc-040d64b838aa,580.353238898379,199.999095554883
2398,66th St N,,,,,c5d004ad-4606-44be-9571-4681cad83db5,661.042814159027,228.953417729429
2399,Gulf Blvd,,,,,cc40f474-dde1-467c-8c00-a9e9ee9f420c,141.022241936972,48.6841168726699
2400,Clearwater Largo Rd N,,,,,473a3743-72c7-4feb-8e82-024eceb9ef7f,352.710132061979,122.222167760242
2401,4th St N,,,,,8dec9316-5c60-434d-806e-51f186a0ff09,322.873464509553,111.789885928714
2402,Walsingham Rd,,,,,04b4f196-d206-48f9-bd18-1dc524071a29,1326.47391397799,457.056881021741
2403,5th Ave N,,,,,45bbf3be-b61d-4d38-8067-58848e54e259,449.798215088638,154.843814326685
2404,Gulf Blvd,,,,,ed970b6f-b90d-484b-94a6-c01006c6634b,504.585737661999,174.088642296863
2405,I-275,,,,,d647224a-7827-4f04-9361-d2370e73ef78,3510.8249889101,1215.2600499294
2406,I-275,,,,,73c60295-f03d-4ccb-9854-4454a397630c,2454.29332774426,849.951003187979
2407,Dr Martin Luther King Jr St N,,,,,d96d2849-3d25-4be0-ac2b-6ded81df7ea7,291.302350118707,100.82335201702
2408,Bryan Dairy Rd,,,,,bec27a67-d4e3-433d-8359-8973de958140,4567.15709075354,1574.99427834258
2409,Bay Pines Blvd,,,,,6ec1959e-1182-4522-a3f0-5afdddfc17a3,811.445757365217,279.857046400615
2410,US Highway 19 N,,,,,4c926218-1b9c-4df7-b257-e9d76802c89b,1877.01331961523,649.049754354892
2411,Gulf To Bay Blvd,,,,,aa9e6f9d-6fd2-48c8-b09b-005aec9dc345,324.934233811306,112.046257989881
2412,Mcmullen Booth Rd,,,,,8bbab644-8e31-4e1a-9c50-067da3ef6ed7,410.585342124739,142.379609843829
2413,I-275,,,,,1cb2969f-2175-4696-8a61-fbc3bd0b4c83,1330.36519315086,460.180516796728
2414,I-275,,,,,41ac106a-0b0b-4a2b-a3b1-7aa20bd6bc5c,1306.85663414773,452.186237117995
2415,49th St N,,,,,7dd103e2-e3c4-436f-b325-d210cdd52676,331.00168265154,114.546468017557
2416,N Belcher Rd,,,,,9a462a38-8750-4ecc-919e-205b9f532c36,140.565382808575,48.7099619737396
2417,US Highway 19 N,,,,,8e143c1b-c7f6-4d72-9fc6-8e85a4b5b012,416.67100620607,144.625392313006
2418,4th St N,,,,,3ab14d0a-1704-42ce-ac59-13e04fafb7c2,657.240594092645,227.639494228634
2419,38th Ave N,,,,,8a32a03f-88a1-4d91-aba7-a6a95599b536,390.194425812223,134.358926829239
2420,Gulf Blvd,,,,,577d5963-b6c4-4e00-8555-6f48dda2602a,286.082325279539,98.8222888713293
2421,Ulmerton Rd,,,,,2cc2f373-63fb-492c-a75b-b925851cf206,289.017738203679,99.6003540570013
2422,Dr Martin Luther King Jr St N,,,,,21b76526-8efe-478c-a190-abade3c0f085,529.996172023247,183.455827552928
2423,38th Ave N,,,,,9b5ae18f-2382-4c2a-accc-542f0ed5208c,652.142889187771,224.607573714578
2424,N Belcher Rd,,,,,2ed79f9c-2933-47e1-8ef8-e8d1f53555bd,1033.87429226105,358.447668082716
2425,Keystone Rd,,,,,70c11c20-a0fb-4cd9-af6a-0074aa5d5542,4835.70849605286,1670.64863465751
2426,Keystone Rd,,,,,40ab77f6-f855-4251-9aa6-e05ab4696755,203.837262349023,70.6097717926762
2427,E Tarpon Ave,,,,,a21b0492-5f7d-4264-993e-605b423ef76d,314.120542415716,108.502783982942
2428,Causeway Blvd,,,,,e85cda6a-3e72-44ad-be10-61d607a5fd0e,3795.67824774664,1311.68551807029
2429,East Lake Rd,,,,,fe5fff27-c9a4-4f0d-b5db-4efd8c9d9426,1570.80741434106,545.142887945399
2430,US 19A,,,,,3943c7da-7a1b-41b0-9965-58e1446f14d5,513.867729585814,177.902400144593
2431,US Highway 19 N,,,,,1b397605-a873-4c38-83f8-c7bf1ccb65e4,150.567237617952,52.2706496690266
2432,US Highway 19 N,,,,,b0443ac9-95d0-4d1c-9463-17b0e379228e,449.08698985946,155.90304653866
2433,US Highway 19 N,,,,,301980fd-6088-417e-8f51-bc569f70adae,592.1523043929,205.573351493767
2434,US Highway 19 N,,,,,003f7e12-6868-46d1-8cab-101ec30acc87,151.416345032692,52.565651972571
2435,Mcmullen Booth Rd,,,,,e4a0d711-682d-40f5-98b4-047595e2a5b7,1178.89747155708,408.839999521925
2436,US Highway 19 N,,,,,6c563b7d-86ec-4c92-ab81-539890ca4742,294.280606932469,101.651455824264
2437,Gandy Blvd,,,,,6ef5f4d7-6054-4ee9-ab1f-51bb36201692,2453.79892772758,846.783326303162
2438,US Highway 19 N,,,,,b8e05572-7961-4735-b977-f3557ee7a8a9,275.350132060452,95.0630870265729
2439,US Highway 19 N,,,,,688a5a79-0511-4bd9-900d-610f44cdc607,309.366905240309,106.973323877812
2440,113th St N,,,,,fb96acca-126a-44a3-9eb6-5d602ff75d3e,538.302993688209,186.413195506507
2441,N Belcher Rd,,,,,9bcce84a-de41-4d49-86d2-1f48e25f4187,470.336606448182,163.05196389231
2442,US Highway 19 N,,,,,eb7663d1-7484-41b4-81e8-e50c167432a0,506.535506037401,175.221188633836
2443,Ulmerton Rd,,,,,06b90b21-33e4-4251-ae44-1769de7a051f,409.868192566394,141.246971944682
2444,US Highway 19 N,,,,,0ff27d6a-bf67-4ad1-bd29-6da8b36cfa79,676.028548610822,233.804262228507
2445,66th St N,,,,,d7302902-126a-488d-8421-c799b294a3b4,640.572170185943,221.774814264328
2446,4th St N,,,,,7a21e37f-a4fb-458c-948c-0bfdcb2f1746,328.843185978698,113.834646279274
2447,75th Ave,,,,,3754a8da-5a9a-43f4-b916-685b59df9a46,508.433168658666,175.208068320897
2448,Blind Pass Rd,,,,,780f8159-e1e8-4e64-9381-13b5bd29b6b5,257.311377695576,88.897045081159
2449,US 19A,,,,,4a7c6233-d624-44ce-a482-ed607d269926,778.331601275684,269.824603014014
2450,54th Ave N,,,,,86cf5b6c-3645-41df-b4a7-f3271bd0d7d1,527.608657377416,181.703051763322
2451,I-375,,,,,5602413b-ddc7-4f4a-be73-e7331cae3c68,913.765218604401,314.581918564429
2452,49th St S,,,,,4951b1ec-d953-4808-8ee6-f72ede78a368,68.3139055978104,23.6368647108929
2453,49th St N,,,,,ea34a462-b906-4e31-8aae-281116ccb1d6,297.220549751547,102.891552594947
2454,49th St S,,,,,06560b61-db5f-47af-9f52-41f18e818c8a,330.037071554603,114.205150619664
2455,Courtney Campbell Cswy,,,,,1895d949-a2f7-4c1d-8807-cea92b4599ba,17041.9398142857,5877.31972730801
2456,I-375,,,,,0c3f95d9-69f4-49e4-8f8a-58563aff6374,1087.0581959108,374.25607493136
2457,I-275,,,,,018d5428-f59a-4f58-babb-7a45d9e57cb0,352.677084165022,122.041300940822
2458,I-375,,,,,887c43a9-2259-4f93-ab80-b10aa3856ee4,46.5500190903492,16.0298476989319
2459,I-275,,,,,da67b60f-ac31-4d76-a56b-3b59e0546fff,149.962286212676,51.6461587776575
2460,I-275,,,,,0124f55b-fbc9-4f80-ab25-fb740c5d0773,1447.77957932868,498.487024012114
2461,I-275,,,,,b98218c9-b7be-4492-971f-bc20e13e50a6,333.028888782643,115.24041219547
2462,I-275,,,,,b58cf871-dcd2-4f97-89d7-d08d4b6045ff,1037.32804276861,358.876540893913
2463,I-275,,,,,6c9a9d91-ff0c-4320-b9af-f9bebad13447,748.011187894866,258.644361790612
2464,I-275,,,,,b0a676f5-626b-461b-b656-42c90d18e4bd,1647.57650225806,568.120410400587
2465,54th Ave S,,,,,991643e6-63c2-4433-9b47-48f8ab80270b,119.325437410403,41.058133856097
2466,I-275,,,,,1a1b02b7-edd1-4dae-a20a-043d2b97a733,2684.52764815176,928.602771388854
2467,54th Ave S,,,,,91afa758-8673-44ed-8367-bbb5c7108177,801.806488583776,275.9652408402
2468,I-275,,,,,3b2dde47-6408-40dc-a334-83178265126e,2855.90528485619,987.654380629214
2469,I-275,,,,,0cf2a6a4-5468-44be-941d-37119629db28,2086.88934099715,719.140176151729
2470,I-275,,,,,9c6d859f-dbf6-4417-8d21-fcfff65889d5,1421.06766346735,490.705257019821
2471,I-275,,,,,4e431539-70d8-4335-bd63-eefed1826500,367.17222659282,126.807400817801
2472,I-275,,,,,f7f8c0f2-a371-40c9-b7f6-4ebb068aee45,283.440253232627,98.0976868336617
2473,I-275,,,,,957f1e78-2262-4985-8e14-8e78caf0b887,2580.68346726269,892.828173142002
2474,I-275,,,,,ded6c318-b3f4-4e69-a404-8ffd66efcc18,402.142363680032,139.090424900817
2475,Gulf Blvd,,,,,94090f75-ea55-4716-87ba-e567f8b144a7,35.7429361651442,12.374935865874
2476,Gulf Blvd,,,,,f8f54d4c-af43-4419-a489-b9e9ecbd786b,208.044521153881,72.068344227365
2477,US 19A,,,,,a3dd7a37-7eb7-4832-9fd9-db26e0e32e37,273.705571975095,94.8070934964977
2478,Seminole Blvd,,,,,7c438691-9549-4901-ba15-c56af6de5d7c,111.691975146764,38.6910414854753
2479,I-275,,,,,69249675-8dda-4187-b787-50aac04c50ec,943.023501620206,326.259814010878
2480,I-275,,,,,ea72c136-72ea-4c68-b43d-8a4a60b082f5,1212.91896261327,419.430907166168
2481,I-275,,,,,4efa36b8-29d4-468d-ad7d-7b6231a340e0,1112.51825566554,384.964349492851
2482,I-275,,,,,65171b93-0104-4eb7-9ede-718a7ef04d0e,1454.37529514056,503.146208357079
2483,I-275,,,,,e72beec8-f988-49a9-827a-3cc592c9d7ba,220.328079723712,76.275407682395
2484,38th Ave N,,,,,91c3dc19-ad93-46f8-bcea-f968d149c941,360.037402927363,123.976157776931
2485,I-275,,,,,f43f173b-719e-4268-8ca0-dfbfb74c507c,1399.01249955084,484.090050973283
2486,I-275,,,,,51a12490-5432-49df-ad23-9e8661a2673d,370.291469718275,127.824143543659
2487,I-275,,,,,e4d265d1-17e6-46bc-bb1b-6aeb4f3c97eb,818.78620295468,283.40422560614
2488,I-275,,,,,35fce9ec-94cb-40c5-bd29-5824eaab6f4b,1723.13041453966,596.436294343269
2489,I-275,,,,,844a6b39-63e2-44bd-94ad-96d3e395bca6,2160.76248983253,747.051113755819
2490,Park Blvd Bridge,,,,,13a9104f-0c6c-4339-94aa-61b7b29efcfc,478.518706795995,165.211635169721
2491,Park Blvd Bridge,,,,,a8f7c5f7-67f7-48fe-84e8-f4f57a84423a,419.286048121023,144.981381736497
2492,US Highway 19 N,,,,,b387054b-93b0-49c9-8f55-c6563ed763f0,19.3270651037263,6.68223200156354
2493,US Highway 19 N,,,,,080f2c2e-ca22-468d-9367-138cee318961,31.2067641595299,10.7897031284356
2494,Gandy Blvd,,,,,65b9d428-2738-4367-bfb7-c47bd8ac50f9,262.593953674939,90.4609738064647
2495,Park Blvd N,,,,,33bc1916-a7f0-432f-819a-c72171a758dc,214.330790084217,74.014832263146
2496,Park Blvd N,,,,,25020b79-8935-4976-a9de-db1d1169fb4e,268.181023115632,92.4076815736113
2497,US Highway 19 N,,,,,203af70f-8905-464e-939a-ffa1bdda2443,575.020798140197,199.185954964806
2498,US Highway 19 N,,,,,bcafee03-af5e-4ee5-99f5-c3d1b521a357,199.761181900393,68.9838608325068
2499,US Highway 19 N,,,,,9fc6b8cd-b77d-476e-a66e-c0845d70f7d3,196.275114427648,67.9321380242446
2500,US Highway 19 N,,,,,c49eb4a2-0cd1-4f77-b54a-c17a5e76a3c7,451.534640087413,156.150123347147
2501,US Highway 19 N,,,,,e5a41966-ef13-428b-9403-3d383628811d,1932.17926253814,669.47357989623
2502,US Highway 19 N,,,,,9ba4feb9-a38e-48c7-ba42-9c9ef8389081,1367.5326288727,474.03142294406
2503,113th St N,,,,,5bd29b16-ec4a-4071-9827-e09d680ca6d4,381.070847502031,131.942326537086
2504,Chestnut St,,,,,32ad9447-a896-4b93-91e7-a779f43ae4dd,689.076675351734,237.609520043382
2505,E Tarpon Ave,,,,,4da4ce18-ce36-4d5b-aa82-a96792d80c85,15.4607396355881,5.34041192749324
2506,US Highway 19 N,,,,,a38e2790-1580-4c58-8cd3-170479609182,752.763148023406,261.402439235973
2507,Pass A Grille Way,,,,,ef4216cb-d987-4c23-b2f2-cfb27e3e6913,188.617536753377,65.2249525627666
2508,Gulf Blvd,,,,,5282c636-4cf0-45b0-8b31-086405515e8b,1432.56578494708,495.331547389686
2509,Gulf Blvd,,,,,83d0be8b-f5fb-4e2c-a5cd-8a2cbd761ede,1025.85157431307,354.680680097834
2510,8th St S Connector,,,,,12a7a3bf-9af9-491b-b61b-820f93d52dba,305.414588796768,105.306466806502
2511,Mcmullen Booth Rd S,,,,,376b07b6-8d28-4c06-a4f4-2932cfdae3c9,183.570667647294,63.6349077797384
2512,Mcmullen Booth Rd S,,,,,5d4a530f-f1a7-4158-9f69-313e3253fdbd,1235.14765865722,428.161060677897
2513,34th St N,,,,,19374a44-e6df-4cb8-a6bd-1da4835c20b4,166.530139650973,57.6293099709788
2514,5th Ave N,,,,,2a41d98e-a492-436a-8aac-c3aece3497d9,441.17437808666,151.873764825998
2515,5th Ave N,,,,,6a7f23bf-982d-4b06-9c80-418a7f3a9cd3,344.821446341032,118.703817079318
2516,34th St N,,,,,478dac69-75f1-4566-9bba-cf911ae5a302,113.246412752879,39.1973907522046
2517,34th St N,,,,,25176b3f-09ee-4698-ae56-43ab75fc4180,95.7038269525182,33.1257553268092
2518,US 19A,,,,,bb0b7502-1d65-456c-b3ff-89aaa230d2cf,572.617459937229,198.325138262302
2519,54th Ave N,,,,,24b336fd-0eb6-47a6-8b0d-f7ed73a15d07,335.45476653335,115.526648691874
2520,54th Ave N,,,,,ccc0a45d-6d66-4a7c-b112-145d42cbdf2e,343.433074904271,118.273923403318
2521,Curlew Rd,,,,,01682485-5116-4ad5-a98b-33efa543a94f,398.206910040014,137.515492380215
2522,4th St N,,,,,ddb2e2a1-07c5-42a9-b275-21fe82cd1714,149.985925224137,51.9337058463143
2523,Gulf Blvd,,,,,13406526-af26-4507-b548-9bac7ce125c9,220.798968092016,76.4080962255335
2524,Gulf Blvd,,,,,93640d19-e045-4970-971c-e5df005d0e43,271.402644642229,94.001414489345
2525,Dr Martin Luther King Jr St N,,,,,e4528c40-177e-4f30-8a09-1858e154b877,368.571364919478,127.641572325121
2526,Park Blvd N,,,,,744479ff-7f84-4028-b76d-42cde8db764d,98.4956761626901,33.9260040819411
2527,66th St N,,,,,eb203b5e-564e-4847-a2d8-adfe0f18358d,184.965079476001,64.0548724987249
2528,Park Blvd N,,,,,5a4666c2-a84b-4562-b71d-d17b6e963a50,53.2938688148398,18.3567091965884
2529,N Pinellas Ave,,,,,10a53d9c-53a6-4633-86e0-0f2b30fd9beb,311.560239156073,108.195449252403
2530,N Belcher Rd,,,,,264d09cf-5d41-4dfc-9c00-69baa9baa2f5,299.53091068615,103.846628575516
2531,East Bay Dr,,,,,11be2c4f-71f4-4cdf-8448-6f86a68b29c3,506.817656714975,174.69221411471
2532,West Bay Dr,,,,,e5659b5e-ebd3-4bbd-9d9b-880bfdde367f,256.853175797727,88.5327178379039
2533,4th St N,,,,,063d6157-249b-4ec5-b9c6-4c2e9a38ea01,333.905752675165,115.63666695025
2534,Clearwater Largo Rd S,,,,,7d27e0da-cbcf-436d-9633-bd68f536f39c,172.073279696385,59.6212847999576
2535,22nd Ave S,,,,,0479a573-6c6a-479c-aa1e-fe354fb4e546,142.086658086311,48.9005136367038
2536,Bayshore Blvd,,,,,b8b4306b-1c33-4525-94ce-7d435089b38d,954.111845766297,330.807266892947
2537,Dr Martin Luther King Jr St N,,,,,3702f9b9-849f-430f-9795-7a48104413cb,279.207673115667,96.6487776972651
2538,Ulmerton Rd,,,,,d250ec45-f3ef-4a68-b52d-e7843ad4c91e,277.586377190112,95.660255966629
2539,Mcmullen Booth Rd,,,,,bb8946a4-d4b0-4002-a824-9afe038b12e6,287.110993996586,99.5345865005193
2540,N Missouri Ave,,,,,9cda7ea1-404a-439b-9761-7193d371286d,1501.38709064915,520.267286008889
2541,Ridge Rd,,,,,9e11e8b3-2821-4d01-b281-0f6966a89f47,268.894387781617,93.0521554077028
2542,US 19A,,,,,ba5b20e3-0114-49c0-9ef0-e27d0bbd7df6,327.369091442727,113.602527652439
2543,49th St S,,,,,4796ee63-e1e0-49f1-87f4-5b811a0a982d,131.193062055172,45.3929867030971
2544,East Lake Rd,,,,,77472ff5-797d-49cb-af21-72b342e356b4,416.899282923812,144.795773732884
2545,Causeway Blvd,,,,,f80202ec-e4f6-40af-934f-d1891c06b532,203.463891522309,70.169677551187
2546,Gulf Blvd,,,,,4c8110b6-8990-412e-aceb-a104d034f7cb,178.855270074063,61.9551642737875
2547,I-275,,,,,9aa959d7-a92d-4d11-a3ac-461dbaf7981e,3951.16277788321,1365.2373202963
2548,Dr Martin Luther King Jr St N,,,,,396d454b-eaf7-4f2a-86e5-643e2c68d11d,85.6229093157784,29.6487454273518
2549,Keystone Rd,,,,,c32bfa27-273a-4d98-bfea-4d3dd797f146,1212.37248765712,419.200915878818
2550,5th Ave N,,,,,17993251-7a75-4064-9ebb-d7cc276958ac,112.69990583939,38.7968279266669
2551,1st Ave S,,,,,a802778b-8276-4b5e-b1ba-7d85075ba568,332.904580704343,114.594504411154
2552,49th St N,,,,,63656607-5350-4ca5-9457-61e5b60d8e70,128.900660828173,44.6116311873745
2553,38th Ave N,,,,,17cefed3-6c10-4f93-ba07-5cf9b9481b04,330.095610969199,113.665402617158
2554,Gulf Blvd,,,,,75f82ca5-fb2a-4bcd-9c6f-c29803940bc8,348.810066188717,120.83415858105
2555,22nd Ave S,,,,,dab62c9c-7837-4a78-a91d-cc28b2db76bd,504.441144284052,173.607086262451
2556,22nd Ave S,,,,,218fb33c-3424-42f9-a41e-35824832556e,110.500153287196,38.0296544830286
2557,Duhme Rd,,,,,7250b5d3-0e95-4886-ba48-700f61ef1ac5,99.7441821041058,34.529142009688
2558,N Myrtle Ave,,,,,396d7e6f-346e-46c5-8ee9-6410c9723936,326.2894175506,113.110637137489
2559,Dr Martin Luther King Jr St S,,,,,b6ed8f16-4f64-490d-8965-fa8f98c4a3be,331.000523458753,114.49182891677
2560,Gulf To Bay Blvd,,,,,784e8877-6d98-4275-9047-8fcd069aa6c8,329.411354625838,113.588996937851
2561,N Myrtle Ave,,,,,41febe6a-fab1-427f-a33b-02ff51e241da,146.913221614268,50.9345184670762
2562,38th Ave N,,,,,50ab8989-6002-4c3d-94e9-e61e384ee994,140.945998851701,48.5337596928389
2563,Pass A Grille Way,,,,,4c6e992d-59d8-46f4-9af7-8a7cecaabce3,258.160924891644,89.2650757633112
2564,34th St S,,,,,7cd6ea8d-1543-4001-bc0b-4a626be99c24,325.702980454283,112.707676743458
2565,5th Ave N,,,,,da888636-af13-4fb3-b4e7-19d7ed1d39c2,435.004723983381,149.750350367244
2566,66th St N,,,,,7c237dc7-5ff9-4d4e-8a20-b2536a698bfc,235.901294840765,81.634310651016
2567,Pasadena Ave N,,,,,4e3f67d9-1d1b-4fe0-93a6-4c21a7296cff,332.708717959214,114.925293109
2568,38th Ave N,,,,,7b52fe54-ef85-41a6-9632-c3e2cfc854b3,184.029917056197,63.3685064885601
2569,66th St N,,,,,89044f52-4500-4b6a-9181-2e2a5c82359c,333.739430848952,115.535807258755
2570,Clearwater Largo Rd N,,,,,54e407e1-624c-4975-a437-aeae496200cb,330.87343532572,114.648802925451
2571,4th St N,,,,,86843a4e-0732-4419-af9c-ec429797d27f,322.812161714348,111.762745485755
2572,4th St N,,,,,7dc8151a-1eb7-4a11-bc0b-9a8edf04925c,334.907402639221,115.93480619551
2573,Dr Martin Luther King Jr St S,,,,,f3527656-8235-4fb8-aee1-e3c1aa3751c5,157.03207608401,54.3345963345739
2574,SR 580,,,,,7ae2652b-06ae-4ab7-9ae6-fddd7cc01f12,628.612908504602,217.477994493455
2575,Gulf To Bay Blvd,,,,,305c9b37-c380-47e8-8493-4c889195659c,518.304645599637,178.726941380555
2576,Blind Pass Rd,,,,,1a9892f3-bb4d-4d83-872a-2ac8a338f6f3,262.782495603217,90.7880226035678
2577,Blind Pass Rd,,,,,ad8a1598-937d-4c29-ad97-c5546b8e6bfe,284.312994916537,98.230734072037
2578,S Pinellas Ave,,,,,eef75ee0-04df-4dd4-b228-ace4457c8930,337.944545875162,117.339831143813
2579,N Pinellas Ave,,,,,3ff7b4de-f1b1-437c-9a34-a12fbec4a400,237.651049968342,82.5220613412183
2580,Seminole Blvd,,,,,c0deed45-0104-4de9-93c9-450a8c89fa91,154.107707430425,53.3631311570335
2581,66th St N,,,,,8d226d88-b4e0-4139-bc5a-cf2fcabce69b,400.017230664236,138.502439805584
2582,Ulmerton Rd,,,,,da6c5dd7-94d3-4c63-8f1e-ee0c63bb354d,745.333214593965,256.855898248353
2583,Dr Martin Luther King Jr St N,,,,,ba939c8d-30dc-4ef4-8828-4455fec95fc2,295.172107877587,102.160351476528
2584,Dr Martin Luther King Jr St N,,,,,dc0f72f4-493d-4a4c-ae5c-deff44d2b8dd,329.797093182964,114.198980716594
2585,US 19A,,,,,d7ea2b3c-a3ed-4195-a7e2-23a5ded8047f,1085.42799208745,376.127801716002
2586,Gulf To Bay Blvd,,,,,45c60944-cef0-40c2-9bd2-e1db8b2a3ac2,249.144966078746,85.9112473806638
2587,S Myrtle Ave,,,,,140842c0-a116-4945-bbd3-8d58b35f0372,381.520803407992,132.24951743288
2588,Causeway Blvd,,,,,f090916b-74f3-4870-b06e-3cc6c8bc0d96,308.758806792501,106.444972222318
2589,Gulfport Blvd S,,,,,67a7b888-c83b-48e4-b2e0-94a435805868,335.80354450229,115.569199628654
2590,Dr Martin Luther King Jr St S,,,,,5224fb49-ba1e-4fb1-81e4-2f0d5c8d368e,178.179995076574,61.6506216596425
2591,E Maritana Dr,,,,,1a66c997-e73b-41b2-845b-1ba7854a4287,154.069235419454,53.0170484348905
2592,Park Blvd N,,,,,2f44f236-4f89-4eb9-ba0d-22efaef582d1,475.267966344592,163.975676703028
2593,Curlew Rd,,,,,53a3bab6-cb84-4bcc-a1f5-099c1b81a153,453.506057703544,156.507067329498
2594,Mcmullen Booth Rd,,,,,4ffb6e0b-1efa-4849-88b5-c62b783cda3c,621.515169585234,215.548997250827
2595,US Highway 19 N,,,,,84aa5b11-de18-4d3c-a21e-dda52b168ed9,876.396107191267,304.144330786377
2596,4th St N,,,,,60b4e489-8f42-4b74-a61a-7d51353d03c5,329.08614427324,113.9233278277
2597,66th St N,,,,,9b6e4933-0530-4de4-949b-7c6c4b15685f,1096.69785274061,379.5818207923
2598,Central Ave,,,,,fc9c2d7f-9ea9-469f-ba14-1a2f21a1e5cf,508.80616862616,175.144493322322
2599,54th Ave N,,,,,395db32d-6117-42c2-ba9e-82dd94a7e5aa,614.573493480187,211.649729646765
2600,Gulfport Blvd S,,,,,08ba2074-7b9e-4b54-a804-c9d3ef0ca24a,580.007102051342,200.025808799966
2601,22nd Ave N,,,,,df718be8-de9c-4fad-aa1a-b20dc08a7306,656.832774414679,226.14446046076
2602,N Belcher Rd,,,,,36094552-bd9b-4a3f-b7a0-7f2f2806e5f5,928.369872729054,321.825966693625
2603,Gulf Blvd,,,,,000780b5-335a-4272-8a12-71ab9b3f616d,353.066423581463,122.123093052029
2604,Edgewater Dr,,,,,2f3a66b2-569c-4c9a-879f-80b6e11a94e4,436.987480990064,151.508997972673
2605,S Belcher Rd,,,,,bfb6bae7-2b70-488d-91e0-f335b0425267,464.401901176615,160.874417955459
2606,Dr Martin Luther King Jr St S,,,,,3ef2f40d-a520-4913-8dd9-4dc8095bc1d4,692.48534331236,239.570414192827
2607,Pinellas Bayway S,,,,,ba622f80-353f-4b5e-81c2-956686f11fa0,2217.96167344923,763.380876055357
2608,S Myrtle Ave,,,,,dae18b83-498a-4364-bbce-93363014b347,330.649919517522,114.605130371489
2609,Gulf Blvd,,,,,3fa3a265-f44b-41a0-8375-ab70acf82150,373.275522669559,128.929580494246
2610,22nd Ave S,,,,,cdb1d5d2-a2d5-478e-bcd4-0a541567b9a5,260.252330675645,89.5679916819397
2611,Causeway Blvd,,,,,b46c90ec-0a10-487d-806d-0174265cece4,250.708673746583,86.4308186186264
2612,US Highway 19 N,,,,,2741c1b3-2a7a-4575-80b9-a1e61524b25f,686.857776142182,238.398557494878
2613,Park Blvd N,,,,,79acc2c2-a1be-4504-a0fe-6479cbb8f8c2,666.076734561956,229.430413669211
2614,4th St N,,,,,954c7a87-3def-41f3-8c94-9f3b283e0d9a,723.48963872398,250.57674547851
2615,38th Ave N,,,,,2fb6dc43-d362-4255-a9bb-d8d821cd5f82,318.103345766082,109.53563476183
2616,34th St N,,,,,a4d40c14-39eb-4bac-80a4-6d1e564bd07c,650.222521164577,225.032537780864
2617,49th St S,,,,,1a5ac03d-18e8-47db-8a2d-33aefa6bdd4b,354.474356668637,122.655287907149
2618,5th Ave N,,,,,cc5403cc-f5e3-42ff-9620-f55af53cc4be,462.702628019946,159.284523966495
2619,Keystone Rd,,,,,0e53ee3e-9692-4a73-9960-c47e29b1f3c5,1197.63704740927,413.732043312134
2620,Mcmullen Booth Rd,,,,,a6578b63-d003-4907-9841-3e4d0c4117cd,837.411615399432,290.486820065418
2621,38th Ave N,,,,,8ea06bad-9bc9-40f3-b0f8-9e24cab4236f,1012.2185532236,348.546792565463
2622,US Highway 19 N,,,,,f4f1d9ae-e691-427b-87a6-31fb0b4c2fbf,1942.18768793833,671.713289274036
2623,S Belcher Rd,,,,,9a451474-ce7e-4d9f-8327-de98165f897a,1800.35355115763,623.708760938146
2624,Walsingham Rd,,,,,6d670171-ba0f-4ddd-8fb0-73dd3fa43e53,1348.46924320817,464.636020220464
2625,4th St N,,,,,8721cc44-651b-4c6f-a3a5-297127a70ea0,596.935181259455,206.603024746896
2626,E Tarpon Ave,,,,,abbd7e7f-45ed-47e4-8326-0f778be257b1,655.219870124831,226.324790876367
2627,Main St,,,,,4071fba1-412f-4da3-b695-17e7a70db7c1,838.068595309711,289.143642799735
2628,Roosevelt Blvd,,,,,85ca1198-7048-4bc7-91db-0b1e8cedf948,638.573207318157,220.10743622008
2629,Pass A Grille Way,,,,,30709317-ff21-495c-a0e7-f4963779325e,499.28261328871,172.665098780682
2630,Clearwater Largo Rd S,,,,,7b4c2da1-ce7a-44ed-8925-d0d6cc7763a8,330.388079094467,114.472915475499
2631,66th St N,,,,,9edc939e-dc7e-4a58-b2b8-c5d6c1a7416e,1053.24069837228,364.890782260568
2632,Main St,,,,,fcd3b710-6f28-43d1-8376-286ebf0cd345,184.201297345095,63.551888689352
2633,Pasadena Ave S,,,,,b5aef2bd-821c-44ec-a7db-ea4727d6ab31,352.438363982136,121.883504453974
2634,Gulf Blvd,,,,,67ec2463-258c-49f9-8054-bf72f17b0fbb,296.179781294889,102.597866793167
2635,Ulmerton Rd,,,,,8f153ccc-8ab2-4c50-9fc2-30b831f81905,145.450820889835,50.1245126446111
2636,54th Ave S,,,,,06701be9-0bea-4295-a18e-902cb6015e6f,310.254523259837,106.749275626426
2637,Gulf Blvd,,,,,68f4ec56-6087-4bcd-a32f-d8177a462603,353.139761668673,122.293168451667
2638,Gulf Blvd,,,,,c03ebc73-55b1-4361-8389-33651e758f2c,76.9704137914614,26.6146876321437
2639,8th St S Connector,,,,,04d297d6-0bf4-4950-87f9-f945c80e5801,194.630285184639,67.1656417094265
2640,34th St S,,,,,078fdb58-302b-446a-b96a-ea4596441a35,318.652455436638,110.25014983833
2641,S Myrtle Ave,,,,,18acd2f5-e560-4d05-b768-fa03718ffb98,324.04758028216,112.330089680866
2642,49th St N,,,,,9f17206f-a19e-4f8e-bded-6e35178a8b1c,330.233167403902,114.344095936664
2643,Gulf Blvd,,,,,5bbceab4-39ad-4055-a011-f4fa6c36e200,431.492958656306,149.023921434316
2644,22nd Ave N,,,,,24372c31-2473-4ede-a555-f5b4ff222223,273.404388185313,94.1311205834174
2645,Blind Pass Rd,,,,,60d85598-5eaf-40c9-8585-064239a0b55d,106.004668909719,36.6316543448836
2646,5th Ave S,,,,,6e7818a3-5b90-474e-bf05-bf09fd72b83e,1046.78563776666,360.319272244078
2647,22nd Ave S,,,,,e1463884-5000-47ef-a0c7-30326a9ba889,364.116363578325,125.314422813875
2648,54th Ave N,,,,,00a26c90-2db6-4a70-b970-0e8a466b24d0,314.816879387184,108.419189343016
2649,Ulmerton Rd,,,,,b6c7ea82-9211-4c30-ab27-98dd17322b36,271.783733164481,93.6618830608007
2650,Tampa Rd,,,,,3494088f-1e9a-48db-9ac0-503f6da9539d,33.0601722396435,11.4112847852519
2651,4th St N,,,,,f0b5d849-93d0-4425-871e-7d054adaa385,186.403074063828,64.5406400438485
2652,East Lake Rd,,,,,319f3275-4ad0-4ccc-ae9a-87eabb5baa18,237.649113156019,82.5385904979925
2653,Dr Martin Luther King Jr St N,,,,,e62b9840-aa7f-4621-b1c5-0fbaaf49c19c,308.486763897441,106.807955865611
2654,Gulfport Blvd S,,,,,351ca4f3-6a57-4670-a3ce-891f7525dbab,445.333058170945,153.264293595758
2655,Gulf Blvd,,,,,0b4d734f-cf03-4a34-b01f-931b663f35cb,300.935212880312,103.965643542884
2656,34th St N,,,,,8aaeae65-8434-45e5-9d23-875bd5806c0a,329.035747053114,113.910688690858
2657,Gulf Blvd,,,,,c8d15174-048b-4936-8edf-09e37a3c7212,259.585839979625,89.6574625010888
2658,Clearwater Largo Rd S,,,,,71db3e78-41ea-4e5d-b916-998f1d6152d6,204.881526333579,70.9885356709599
2659,SR 580,,,,,c0e164a5-a946-4ddb-996c-61f344ac59c5,398.500528313057,137.513079659699
2660,Roosevelt Blvd,,,,,91bf71e5-bc26-4d9e-81ec-b00a0d816c76,319.296088200123,110.057100498745
2661,34th St N,,,,,8731a34a-89f2-478b-a1f5-b34ad97d4844,308.213538680435,106.66167035051
2662,Tampa Rd,,,,,a9889014-05ea-4b86-854c-d9720348c9fa,1251.95904844362,432.299235171616
2663,Ulmerton Rd,,,,,cfc2d3a0-536d-41b8-b6db-e232a2db8aa2,1333.04762108315,459.390164197479
2664,Ulmerton Rd,,,,,d154c267-6d83-4a85-b45a-0c023abc5745,237.023981233977,81.682703866427
2665,Dr Martin Luther King Jr St N,,,,,6999ccac-5ff4-4dfe-8be9-988eb6bdbba0,311.839937603211,107.975662855469
2666,38th Ave N,,,,,e7dfbf23-397e-4032-8f73-d417f46cdb91,244.450710160799,84.1749501581664
2667,113th St N,,,,,bba792c3-6bbf-482d-b96b-9bf0d62d5b09,75.6526106015305,26.1940722183881
2668,US Highway 19 N,,,,,d7ad9fc3-951a-4d7f-b17a-5013bb0f3a81,101.013632019097,34.9269896807212
2669,Dr Martin Luther King Jr St N,,,,,b711fc1d-2097-4b80-a3cb-ecc6dd47e899,486.045122336674,168.36200290127
2670,Dr Martin Luther King Jr St N,,,,,8b51068f-189b-4ea4-942a-0d280000c113,216.811031857418,75.1008160831564
2671,Memorial Cswy,,,,,ff1b9ef1-91aa-44eb-b1c7-ad1312bdecd5,878.234443528289,304.208889103687
2672,4th St N,,,,,49246ebc-3f71-48a8-a4ee-539df83410af,336.035508277478,116.337992806754
2673,4th St N,,,,,fad16ff6-9c86-476a-ad79-f109d612c545,58.3696395999905,20.2078850177075
2674,Gulf Blvd,,,,,c0d9cbb7-a2a4-42f4-9b47-4f5ef44db939,344.196409878117,119.210418985041
2675,Gulf Blvd,,,,,9d0c1b8d-cdc0-4b49-aeba-92ca9bc43e24,905.154339402162,313.497354807852
2676,Gulf Blvd,,,,,a6eb5302-b19d-492d-a674-7c845fcb5fa0,161.541607644673,55.9476732159667
2677,Gulf Blvd,,,,,377a8851-af32-4f9b-bf38-c62d69b5430f,53.8487091279024,18.6510836850606
2678,Gulf Blvd,,,,,57522e33-235d-4fa0-b41d-702c14cb4220,140.514555452098,48.5836040275468
2679,Gulf Blvd,,,,,b4780568-fdca-449f-8100-ec4ab8f4e147,143.613085355305,49.6506240615898
2680,66th St N,,,,,349ced0d-51c3-4a32-b5d2-4a0cb19e04b6,443.056581989425,153.460800327731
2681,Belcher Rd,,,,,3c5a5d61-f68e-40a3-83e8-d8db4d47329e,764.984345316866,264.988282648492
2682,Belcher Rd,,,,,338f9e7e-ccf6-4177-a69b-24f47bb0f488,1253.07757645211,434.051390983712
2683,66th St N,,,,,88863a2b-ab3a-426a-8279-01d1748cbc30,81.1007509498145,28.09344443574
2684,66th St N,,,,,406213e9-fb82-4753-aa8b-f2136eb4e813,566.402284133252,196.20113828896
2685,S Belcher Rd,,,,,b32d0422-ce26-432b-b9e2-953c47e151fe,340.854457622763,118.087148668511
2686,S Belcher Rd,,,,,343f3db6-cc9f-4784-96d2-072f18828341,533.876980439692,184.960032242869
2687,Ulmerton Rd,,,,,1cac0cb2-bb55-4913-b8b3-c6bff7e065c9,719.554494582432,247.970071027368
2688,Ulmerton Rd,,,,,009442f9-3fe3-4de2-8ae7-954f000bfa80,310.625019634207,107.046645664527
2689,Ulmerton Rd,,,,,4651fdea-b8fa-4948-9d89-968b37c78b2e,384.369345789196,132.461246848764
2690,Ulmerton Rd,,,,,ba36e468-cb09-4b43-b9af-4bdb7f02ea6f,124.503390281297,42.9066232154695
2691,Ulmerton Rd,,,,,29530c71-8451-45e6-906a-45a3b42b65ef,891.029946502104,307.061992233645
2692,Ulmerton Rd,,,,,818d20a4-2e11-45cc-a35e-14f728c78203,455.541071968149,156.986667866918
2693,Seminole Blvd,,,,,d4694a25-41cc-423b-b2ea-c921307ca52f,83.3364483137501,28.8729770772391
2694,Seminole Blvd,,,,,ed596422-1af4-454d-acb5-d4d68f4b1561,256.898009040746,89.0048510836957
2695,Seminole Blvd,,,,,05394a9f-34c3-4bef-b7cc-a80fe435b6c0,721.252441901443,249.827997758392
2696,Seminole Blvd,,,,,320307b0-ae41-424f-a79e-319ee25dfa1b,490.016942947156,169.772553208378
2697,Seminole Blvd,,,,,1ef7cb21-be6e-4352-90a0-8bd6baf6ca33,197.951240259992,68.5588289248611
2698,Seminole Blvd,,,,,7c444f87-3032-4c67-9106-cd0b64fe86be,118.808420246013,41.1489121209392
2699,Ulmerton Rd,,,,,434bdf6f-4779-4894-8f14-ca5a2d5495e1,354.506512766127,122.167984192409
2700,Ulmerton Rd,,,,,45911824-9f21-4af3-a55b-f9ddb27f56e9,343.172987802674,118.262251046569
2701,Seminole Blvd,,,,,0e5bd354-0f34-46a0-948e-e0b51cc83918,74.2399618871545,25.720094967523
2702,Seminole Blvd,,,,,253392aa-1e9b-4380-86b5-ee015a018f2e,458.466320126416,158.832490076306
2703,Seminole Blvd,,,,,a0c8efca-808e-49ab-8188-d4562e8cc652,594.137540241187,205.837875254501
2704,Seminole Blvd,,,,,9ed68fc5-b02b-4e57-83cf-24bd68b0fe6c,227.503736875311,78.8069214598859
2705,Seminole Blvd,,,,,31bee916-c7be-4245-80cd-23b4c721e936,89.9817711213531,31.169444733395
2706,Seminole Blvd,,,,,a534d580-d931-4798-bab2-83c78d8e343a,263.62764299028,91.3194997339279
2707,Seminole Blvd,,,,,2161efc9-9e1f-49f2-879a-52738b40e3b1,78.1670068755066,27.0765947463973
2708,Ridge Rd Sw,,,,,4e4d2588-69c7-47d8-b1ae-afe3df6ebc9a,164.096492767674,56.8486819483434
2709,Ridge Rd Sw,,,,,ad8ead71-acbb-4d2e-bd19-62877b287095,108.139337302833,37.4633144422308
2710,113th St N,,,,,cce520e6-23ee-4514-926a-79ec17c91c89,1281.75426982466,444.025987020991
2711,Ulmerton Rd,,,,,548cc6c8-c807-4496-9bab-e4ac8b5b126f,710.551121618261,244.865111472739
2712,Walsingham Rd,,,,,3bc4bc38-7a10-4a84-a7ab-7da55c421fba,355.472641348299,122.638694222464
2713,Walsingham Rd,,,,,3c31a7d5-e310-4994-a271-c4d5c277ca79,529.999528613883,183.04980739209
2714,Walsingham Rd,,,,,cb289bdf-a8e3-4b72-9a3c-0b8ced88959a,729.72413656867,251.437481791199
2715,Walsingham Rd,,,,,6965153d-bc73-4dbc-a511-d64321a4e94d,263.99281406166,90.9684577145426
2716,East Lake Rd,,,,,c6a34d92-39b5-4f26-9bd3-4b4d1619c0d6,560.919122425717,194.701873559739
2717,East Lake Rd,,,,,0c2b541b-7536-41fd-a92a-8a9a217d67ea,848.43112635158,294.511892371586
2718,54th Ave S,,,,,d6912497-3ba7-43d6-98e1-9bb0a254f20d,112.471919282555,38.6981358692786
2719,54th Ave S,,,,,ca9beb30-6acc-4d3d-8936-b35dd3db70b5,489.370408592143,168.377392107648
2720,Park Blvd N,,,,,8c2143b9-a577-41e5-ae88-e966f828f74c,75.0071482952375,25.8357584362599
2721,113th St N,,,,,204b6e61-47c6-41bd-99a9-e91b40e2171c,802.156910587195,277.848809115575
2722,113th St N,,,,,f49c76e5-dccc-46da-812d-266f1a4fd568,537.136449323374,186.049036537449
2723,66th St N,,,,,c4dd44c0-9fbd-43c3-b6a5-6b22eee12c83,177.766843099383,61.5363525996361
2724,66th St N,,,,,74c28623-8239-465d-b5c9-a493a77cf510,152.286814629554,52.7154430281869
2725,66th St N,,,,,ea39e4bd-5e28-4630-8c24-13364f08433e,352.840665617109,122.226294112879
2726,66th St N,,,,,0e4a25a4-b0ab-472b-8ded-9d7e8227853f,2294.07551938745,794.689452582714
2727,66th St N,,,,,64783f29-1137-4849-8231-6fa68238321d,291.565218561461,100.94597426685
2728,66th St N,,,,,3ecf03e0-b215-45c7-8b6d-7cafc0aa384a,385.515410572319,133.472424534667
2729,Main St,,,,,31ce07ab-7a30-45dc-926f-c54eb9bae9b6,58.8814540685428,20.3148243661073
2730,Main St,,,,,68eeb816-1aa4-40f9-b111-dc1dca8f2b40,735.97759616482,253.922114462371
2731,Countryside Blvd,,,,,7bc3ea95-2c18-44e6-8317-696e234f022e,690.382918093587,238.474652503142
2732,Countryside Blvd,,,,,e01f7dfc-02b9-49bc-bbca-70f38c952742,775.376051078464,267.726175311988
2733,66th St N,,,,,b23bae25-fd25-4405-8670-c69bef7ce8a5,115.503087649044,40.0007430546882
2734,66th St N,,,,,d09ce86a-0227-430d-8b30-d4e6200a5f67,565.096356399446,195.720411026675
2735,66th St N,,,,,3403708b-942b-4d51-a361-8198d04ca538,196.605479455291,68.0939885389697
2736,66th St N,,,,,7f6df240-3d9d-4bc4-9f6d-2d4c61ccffb3,111.339343565848,38.5546589531209
2737,66th St N,,,,,21caf105-e6e9-4742-9ee5-e43303eaae95,451.332754566952,156.324577212048
2738,Bryan Dairy Rd,,,,,6f4c1bc2-b011-4110-9b31-5ffd3b113074,389.037984542781,134.041515549356
2739,Bryan Dairy Rd,,,,,e9feca22-435c-4037-bd39-e5f07c1028db,720.737801033894,248.327426995189
2740,Mcmullen Booth Rd,,,,,d733a197-9977-4daa-90c3-7ae7a0a94200,359.904219774127,124.820957882014
2741,Edgewater Dr,,,,,466430c7-fb08-4807-b8f2-6d74c3d90386,276.074769804022,95.7153310182816
2742,Edgewater Dr,,,,,1feb6a95-89bb-40ad-99d6-bbdef16b20bd,259.574077825031,89.9946139732054
2743,Skinner Blvd,,,,,538c127c-8b98-4965-bd79-dc70af6a4279,182.204065478376,62.860157080117
2744,Skinner Blvd,,,,,64b8d23e-2cbc-4c27-a419-a788bd07b8bf,254.86975577599,87.9297185985994
2745,US Highway 19 N,,,,,88a7eda1-7dd3-4e87-933a-ae1b596e2807,84.716607398095,29.3746327544899
2746,US Highway 19 N,,,,,266881ba-02ae-4792-8f5a-44ab4bddd016,522.122756629534,181.039420295719
2747,US Highway 19 N,,,,,f3459217-601d-4925-bdc9-2322d396f460,603.676005142159,209.322271588503
2748,US Highway 19 N,,,,,dc7f98ff-1e29-4ba0-8c27-d9991e34cf4d,437.810566885444,151.794730826996
2749,US Highway 19 N,,,,,1b55ed17-bf99-4711-8c2c-77759f7ccc24,273.199674316915,94.7209682307178
2750,Main St,,,,,7320b240-77e2-4e4a-8745-d2e7ac9ae30d,675.19770699117,232.951515937734
2751,US Highway 19 N,,,,,731c4a4e-5b60-4209-9c86-1ce4f53faf5e,616.159199137414,213.658765944984
2752,US Highway 19 N,,,,,1f6cb35e-5c18-4f09-8697-866c4fbe3f1f,622.472844190391,215.844406501483
2753,US Highway 19 N,,,,,21d4d59d-db73-4221-aa84-2241de7d829f,1375.48835252783,476.984330516013
2754,US Highway 19 N,,,,,49131867-99aa-49c7-a734-44f1c6d891b8,854.494698888255,296.308888527645
2755,S Gulfview Blvd,,,,,7e02c7a8-c156-4917-8eef-d35fee5e4f8b,58.248243770438,20.1254462382519
2756,S Gulfview Blvd,,,,,0745dda9-3188-4721-b0d0-14a4498df197,180.031948298231,62.2217903779993
2757,S Gulfview Blvd,,,,,ec54a100-f79a-4ca9-ac8f-e45c3980dc3f,752.224531101419,260.625272358794
2758,Gulf Blvd,,,,,0aaeff4d-d2dd-40c3-9246-088cc82b8758,42.8918285500035,14.8593485975051
2759,Gulf Blvd,,,,,e61f6905-6e9a-4f27-8fb1-3f3db6cd4936,219.347018027172,75.9932087053772
2760,Gulf Blvd,,,,,1ee892f8-db44-45a8-8a25-32cafbaa8886,199.374045446655,69.0752949152327
2761,Gulf Blvd,,,,,d899aac2-112d-4659-9f39-3ba32683351c,62.4431251938533,21.6332492677963
2762,Gulf Blvd,,,,,e07b43c8-5291-4ef9-8bf3-362f22942956,151.801626692415,52.5911294015482
2763,Gulf Blvd,,,,,ec32aa6d-0618-49e1-9e54-0694f6d2591a,32.6802466933392,11.3220907214797
2764,Gulf Blvd,,,,,501be5f4-0711-400e-856d-e524be7ef404,292.404601186529,101.303320924607
2765,Gulf Blvd,,,,,95180704-723d-407d-8260-b41031c8b5b1,83.3160796602776,28.8650978186219
2766,Gulf Blvd,,,,,93b0fe61-cc4c-44a9-ab52-6d51c7806528,53.5518669549315,18.5553458216811
2767,Gulf Blvd,,,,,408bff75-82f1-4caa-b02e-0d2f04bb3eb8,60.2982318584069,20.889824849309
2768,Gulf Blvd,,,,,410e594a-0722-4278-96ff-f533e45e8dd8,308.125807014348,106.738125839983
2769,Gulf Blvd,,,,,a8ac901e-e381-47d0-8307-c5858f40081d,153.93203320606,53.3232159655666
2770,Gulf Blvd,,,,,a7e9ab0e-9f1f-4b4b-ac8f-b1df56b8809a,196.436513696412,67.9827445721468
2771,S Gulfview Blvd,,,,,0246633e-678c-46b0-9fef-97a96020f6b9,63.8613924074931,22.0399394377354
2772,S Gulfview Blvd,,,,,d797f762-2ea8-4aeb-b1d1-860477749e25,57.2389234845257,19.7510760331458
2773,S Gulfview Blvd,,,,,9064646e-3269-4e7d-940c-2a34fa7a0c9e,58.3066410881543,20.1260790931352
2774,S Gulfview Blvd,,,,,2034eb5b-2bfc-49ef-aa07-a083f3c7d123,711.787225452323,245.814350469769
2775,S Myrtle Ave,,,,,050dafa2-fdb0-47ca-b882-b7ad2c8fd08e,499.426077491452,173.117938369191
2776,Park Blvd N,,,,,fbd85948-0318-43d0-8f66-ca9a37617a96,83.839225924263,28.8777956049189
2777,Gulf To Bay Blvd,,,,,a875d2e5-5f71-4a82-8c99-8d675afabfa3,559.087892268961,192.787422139037
2778,Gulf To Bay Blvd,,,,,92639ff1-bd0c-4391-a44b-962d4f9ec94c,627.324431294166,216.317164171116
2779,Roosevelt Blvd,,,,,a73d3453-cfb6-4493-a66c-d7617ef95210,109.01494367645,37.6514466683573
2780,Roosevelt Blvd,,,,,c933d0fc-0822-4e9f-b48c-a4d437c59b6d,81.6174339193271,28.1888880952231
2781,Roosevelt Blvd,,,,,e656d532-830b-4dbe-8491-f6d048f047ef,679.377422562513,234.636608665405
2782,Gulf To Bay Blvd,,,,,a9a0b431-f41f-4166-954e-3112a5160ef4,92.9615693184499,32.0554905766802
2783,Gulf To Bay Blvd,,,,,8b5fa062-d33e-430c-a7e4-240760304223,429.773851096822,148.196831662389
2784,Gulf To Bay Blvd,,,,,907eef3e-12fa-4e4a-b2ae-35c3ef26aa00,88.5371203058644,30.5298303341002
2785,Gulf To Bay Blvd,,,,,ba4c2e09-681d-4932-892e-1769d4b0ac0f,200.284451413131,69.063124559795
2786,Gulf To Bay Blvd,,,,,a00cccb3-5975-40ff-b9e4-4af3bcd9eb4e,120.833718600608,41.6666316170212
2787,Gulf To Bay Blvd,,,,,d86b0ba8-8142-4970-946b-087526c43806,96.860140887636,33.3999139628103
2788,Gulf To Bay Blvd,,,,,08e74bf5-3b58-4dfb-a0ae-282cd30c55c5,191.190497170375,65.9273601513998
2789,Gulf To Bay Blvd,,,,,4f43580d-68d1-41ed-8fad-0cf611f69060,623.777302923217,215.094589414975
2790,Gulf To Bay Blvd,,,,,ce2e19c6-9a5f-4143-912f-7489ef2b0d38,101.186049442283,34.8915616043829
2791,Gulf To Bay Blvd,,,,,c8322c58-20ae-49e0-8569-507fe0297b32,120.258523556747,41.4683427553298
2792,Park Blvd N,,,,,1f1b250f-98ad-4403-aed1-a8190a8d79b0,2509.7302516106,864.451836495873
2793,Gulf To Bay Blvd,,,,,650f8d96-235f-4906-8cf6-1a46d3302096,123.580295838736,42.6139127587432
2794,Gulf To Bay Blvd,,,,,63a65f7a-1771-4289-8215-3130bd4b646e,138.205371807499,47.6570675838698
2795,Gulf To Bay Blvd,,,,,c6304d4e-1be4-45d8-aca5-aa31cf03ad93,108.891684625695,37.5488621744793
2796,Gulf To Bay Blvd,,,,,98201fe4-b0b5-476f-b2c1-d66d5ab86701,100.586216625456,34.6849045460464
2797,Gulf To Bay Blvd,,,,,1a84a50d-887b-4cd5-9e05-ed87e42500d3,145.615767312717,50.2122952844563
2798,Gulf Blvd,,,,,5c1a56c8-56d7-450b-b9a2-1cab47184aa4,185.293147399913,64.1261642591247
2799,Gulf Blvd,,,,,7096d2d2-4b18-469f-9682-8486f64a18f8,66.1528815066006,22.8940955228585
2800,Gulf Blvd,,,,,c2696926-276b-494b-8955-535a7576206f,217.928894892404,75.4210599218475
2801,Gulf Blvd,,,,,2236bab2-15b0-4944-9a59-9dbcfd4a1c24,183.06717467016,63.3982915727026
2802,Gulf Blvd,,,,,369468b9-4092-451d-b177-23b3b36eb976,297.090707327629,102.887703601315
2803,Gulf Blvd,,,,,6dc430f9-627e-47e7-83eb-e107e3b5c9c5,63.1238839068697,21.8602434757343
2804,Gulf Blvd,,,,,e6305143-5589-4738-b2a9-7e4b8a8f6882,338.079294259517,117.039635040439
2805,Gulf Blvd,,,,,9be1f61d-e7ae-46df-8346-ef3a1fa8e4dd,491.042429379363,170.059681177522
2806,Gulf Blvd,,,,,e348564d-d48d-4c52-b9e8-7b5bb1047913,282.617131806418,97.873134887666
2807,Gulf Blvd,,,,,5057753d-710a-43a4-8d8d-6a0788366855,256.829683874395,88.9470115296842
2808,Gulf Blvd,,,,,aca15355-8b18-40a3-9500-34fda02a92b8,371.111234207988,128.427842067064
2809,Gulf Blvd,,,,,f9b481aa-37d5-45aa-be4b-1f9337560e22,157.736334695523,54.6107220191067
2810,Gulf Blvd,,,,,91ccef0a-4ce8-4957-883b-0ca8c0c7d67c,5156.37605068183,1785.23490785529
2811,Gulf Blvd,,,,,1ec3a8fe-3cea-42a7-80e6-179d70a5c95c,164.494411016978,56.8830932062321
2812,Gulf Blvd,,,,,881dab81-00da-47b5-9a0f-637c0984498a,303.677901278056,105.013661680714
2813,Gulf Blvd,,,,,19b901ad-30bb-4076-9168-a631c6f18d68,498.367964053677,172.332894420964
2814,Gulf Blvd,,,,,8a16dcba-0f28-4de4-823d-2e234fed44ea,240.053167390194,83.0039219210312
2815,Gulf Blvd,,,,,2ae63ec6-869e-4567-8611-6ccef724a43e,140.328582309796,48.5257115645261
2816,Gulf Blvd,,,,,33365b66-edfa-4c7c-ad8c-81845cf280a7,143.549706771252,49.6362498920886
2817,Clearwater Largo Rd N,,,,,61fc2650-7e2d-4c96-a2d6-e9c5db98134e,96.0187150243641,33.2749944681316
2818,Clearwater Largo Rd N,,,,,2651172d-2d1c-4a30-bdfa-d35eee40063f,105.078034761578,36.4143823757857
2819,Clearwater Largo Rd N,,,,,a0394725-ca1e-49fb-9c66-12c1defd9b6d,331.314253344517,114.805126037844
2820,Clearwater Largo Rd N,,,,,71a7c1c4-9637-47eb-b69e-c2c1694accef,198.730780963006,68.8638650493768
2821,Clearwater Largo Rd N,,,,,6fbfc634-9ebd-488b-98f9-3f455af2419f,61.216454761323,21.2125566931298
2822,Clearwater Largo Rd N,,,,,1bc52333-bda4-420c-95cb-8cc4d1c06154,313.464401788881,108.464961015896
2823,Clearwater Largo Rd N,,,,,22fbab63-3547-4d0d-900a-80ff47416bff,140.63758865471,48.6665557409821
2824,Clearwater Largo Rd N,,,,,8bef84a9-a711-411f-8c75-695e5e9cdf3d,185.81548321684,64.300700349647
2825,West Bay Dr,,,,,5d6e72d2-e774-4439-960c-ebb716288b44,240.766721231516,82.9890608848751
2826,West Bay Dr,,,,,21eb4003-6b56-4c7f-b54f-9311f64c9364,178.437336773589,61.5041249438676
2827,S Belcher Rd,,,,,d1a63f4e-05b0-4f01-b741-e9f638d28252,300.803297390996,104.251346955072
2828,S Belcher Rd,,,,,2d28d232-507f-4400-92ea-e9d60a5a7a86,429.694791890309,148.920649106863
2829,East Bay Dr,,,,,21eecf51-79ea-4ad1-9d97-eb8d9040d093,624.548564339786,215.271995760276
2830,East Bay Dr,,,,,266ad198-e4dd-41af-8e30-c61a60447adb,740.871359562553,255.373296621695
2831,US Highway 19 N,,,,,ace3b17f-bdc9-475f-a071-324f36937802,734.839615412654,255.091319609517
2832,US Highway 19 N,,,,,b77ad7bf-e041-418f-b832-434a2c9065f3,656.004848413626,227.72029269052
2833,East Bay Dr,,,,,a6b5ec2b-7b9d-40de-8021-418a315e3455,418.298748417691,144.1814119075
2834,East Bay Dr,,,,,d62eaaf8-25f1-48a1-bf7c-98f36187c52a,648.050439699943,223.375207322317
2835,East Bay Dr,,,,,c1f4c330-fd86-4cd6-8056-e88235482a6e,200.73645417909,69.1909290907943
2836,N Belcher Rd,,,,,02eef7f4-b4ee-4a10-a2b0-eca0c0db9749,67.1709269148276,23.2752026552138
2837,East Bay Dr,,,,,a2c0864d-3c1f-4b1f-a48a-48d3f0c76197,100.494411014782,34.6397975050475
2838,East Bay Dr,,,,,8d53004a-418d-4131-bf4f-cbdde0176186,803.689814116982,277.020108514197
2839,East Bay Dr,,,,,3ffd9182-e47f-47cd-ab55-182a1c7c735d,154.596181452593,53.287161417832
2840,East Bay Dr,,,,,8e00ff72-2637-4364-81f0-5014d3a41972,257.397666390107,88.7219122131949
2841,S Belcher Rd,,,,,08c94fa5-3281-40ac-bfe2-11a0f0dffdcf,364.548427098727,126.310531717656
2842,S Belcher Rd,,,,,51f7bf0a-9f9d-49d7-aa19-bcfad9110a0c,566.852319953545,196.407652245741
2843,Bayshore Blvd,,,,,422ba05b-bf69-46a0-8eb9-0b949ebfd15f,267.327984244409,92.7148624798143
2844,Bayshore Blvd,,,,,783d59e0-8344-401e-b9ce-d5438440ca82,172.22346558753,59.7309185258857
2845,Keystone Rd,,,,,756a7405-de21-4734-8645-2c549aec0c83,483.964447184355,167.284345692875
2846,Keystone Rd,,,,,879392b4-6130-4ed6-9434-8769d9b58a9c,2387.51698117065,825.511846560953
2847,I-275,,,,,3b235a27-3b31-417e-99b0-69adeb65ef4f,1040.40997302102,359.930067533312
2848,I-275,,,,,1dcc7cc0-7827-47f4-9419-16552e93ede2,5343.24805792846,1850.57625295726
2849,I-275,,,,,14d8ca82-4b8e-4aaf-bef8-ce54775a7d5a,4118.82549333945,1421.13432803619
2850,I-275,,,,,9c5fa478-f7f5-499c-be87-9500701d49f7,2603.83579358724,900.126172182931
2851,I-275,,,,,6c24349c-e385-4c0f-8e49-00154e853aa4,1529.26746772275,526.932891079355
2852,Ulmerton Rd,,,,,1be4aa56-71cc-4f26-89b8-5ba7ac1573c4,263.557356482076,90.8260044750005
2853,Ulmerton Rd,,,,,d06dcc9e-0eaf-4d94-80e3-8e9faa6f0a95,233.620194848519,80.5091883801496
2854,SR 580,,,,,222e533e-9d02-4a29-b9dc-7c84059f3b20,1418.01716932003,490.512794025365
2855,SR 580,,,,,b130d527-8f4a-4176-89e4-64932f412869,385.525897912963,133.329531462758
2856,Main St,,,,,05005211-74ea-4af6-83f8-df3ce0d8f70a,426.679943551097,147.210247613448
2857,Mcmullen Booth Rd,,,,,557fc03e-e6a7-43dc-842e-b1a94726bac4,151.95977715937,52.6827162247677
2858,Mcmullen Booth Rd,,,,,ac3acb08-38c9-4dde-bd39-441f553e4231,207.042988011604,71.7791117401163
2859,Mcmullen Booth Rd,,,,,9650a45a-bbb2-4f6b-81df-f1ba8c754b6f,791.98197743573,274.643929342571
2860,Countryside Blvd,,,,,4d58053a-9574-4acc-99c8-fee3ea637090,1269.41304343941,439.198821958204
2861,Countryside Blvd,,,,,cb5f959b-62be-4dfd-8fb5-7f3d4f42797d,403.925267285823,140.012755416949
2862,Countryside Blvd,,,,,84e0c02e-68b8-4d80-b1bb-b41fdfd884ed,378.658961645063,130.880934735052
2863,Gulfport Blvd S,,,,,c4733477-94d6-49aa-97f1-bccef23205f8,215.449514671986,74.4962147619278
2864,Gulfport Blvd S,,,,,7f509db8-be08-4764-b600-156370305802,141.347970868666,48.8270085805723
2865,US Highway 19 N,,,,,eef7705b-a2ff-44ba-9051-c857fd984152,720.895945156968,249.339776122626
2866,US Highway 19 N,,,,,ed1ad806-555f-4bc0-ad13-8d774b74b698,1326.0134712691,458.506521598996
2867,US Highway 19 N,,,,,412730ea-56d0-49bc-ab54-2b466918588a,1951.92760630871,675.282506274547
2868,US Highway 19 N,,,,,439ad123-0a8d-4291-abfb-ee41f4eaecaf,600.697928841809,207.793104221393
2869,US Highway 19 N,,,,,2f484756-f9b5-4b9b-920a-e46e408fa3eb,354.539410883244,122.643011528291
2870,US Highway 19 N,,,,,dd8257a4-61d9-44d6-aded-4245abb95db2,344.732604272125,119.220831472016
2871,US Highway 19 N,,,,,0ae29e76-945f-41f2-873e-5cbc51bdbc74,740.651325541434,256.359480345898
2872,US Highway 19 N,,,,,b7319f85-609c-401f-b1f9-65e09469e019,2023.12933229688,699.82316479042
2873,Park Blvd N,,,,,bf276f78-9bae-4151-bbeb-dfc9624d4198,421.519252969637,145.187800691577
2874,Park Blvd N,,,,,50b96c44-5caf-4d53-b445-b56b8057d18a,1274.84767680806,439.110797678406
2875,I-275,,,,,1a532e44-9a52-4d1d-b002-57741e5e6b08,212.01013961243,73.3409134581277
2876,I-275,,,,,674d1d4f-6360-47ce-8442-b28d393a0d7d,978.373940113572,338.435803845501
2877,I-275,,,,,c0cbe8bf-0bef-4260-90d9-d3b11136d7de,1824.70219206513,630.788249136919
2878,I-275,,,,,d99b16be-4449-485e-b9fe-bb44d2ebadd0,1133.91277336366,391.983359199717
2879,I-275,,,,,9873f237-3338-46b4-bee6-073b4fc7b716,2430.74599533734,839.744714050858
2880,I-275,,,,,d7ce0a7a-1980-48e2-bce5-0852528af8b0,1204.38922325697,415.11004470128
2881,Pinellas Bayway,,,,,97861012-63fd-46be-8c55-8f231bf39a45,488.633910678427,168.243743102799
2882,Pinellas Bayway,,,,,ace33a5a-9e07-43aa-bb6e-2f4a821adaae,527.796148501668,181.827998567796
2883,54th Ave N,,,,,f63ee40f-c4e6-4cec-86fe-2063175ebb4a,318.454758189853,109.67221699247
2884,Belcher Rd,,,,,598e0c91-b0ef-4664-be3d-eaf73ba6d0b6,519.26122632285,179.820060166359
2885,Belcher Rd,,,,,5fd6d9ff-6738-41b4-88e4-9750ea005249,282.146955886386,97.7064577294682
2886,I-275,,,,,96c5c42f-1f65-4530-99c4-ba3a105742ef,654.927605362249,226.677887774439
2887,38th Ave N,,,,,446b6ef8-8151-4583-885c-454a8263cda1,245.674326818583,84.6162953064237
2888,38th Ave N,,,,,61bfcd99-d517-46d2-ae47-3baaf5b0bad2,59.7884359478114,20.6417619260744
2889,N Myrtle Ave,,,,,5f6c0329-2e50-49c2-af1a-9c3e867441bc,68.5556155884237,23.7685452944789
2890,N Myrtle Ave,,,,,d2ff555e-bb54-4955-a94c-bfca4979c934,310.089432430458,107.510402358203
2891,US Highway 19 N,,,,,6ef199cf-8676-4b0d-bf6f-8bb5c1f8196e,2903.31209162871,1008.26563662977
2892,US Highway 19 N,,,,,3266af35-715f-4cd5-b6e1-f89cae3a1bf7,901.500090703175,313.058712988087
2893,US 19A,,,,,32ee664b-3f65-437e-8d67-3cc08c8091a7,1173.31191817573,406.696609785308
2894,US 19A,,,,,f521538c-05a4-480f-ac51-80086bc733f1,1004.85003712269,348.465977368926
2895,54th Ave N,,,,,480d0655-3c8c-408d-a1b3-c6193788632e,369.479576004325,127.243825393273
2896,Curlew Rd,,,,,53bdea66-0b7c-4cd2-98dc-687340728f1b,297.547600723274,102.685384321335
2897,Curlew Rd,,,,,896b2c10-c6a9-4135-9b62-60159cb0c3c1,531.16963000054,183.309484507054
2898,Main St,,,,,d2c25d80-fd3a-4fc8-8af6-039029766e35,627.177938590164,216.384384173462
2899,Main St,,,,,87197ae6-5314-48a7-9bbd-15323468cdcc,480.584159520638,165.807342014978
2900,Gandy Blvd,,,,,569eefb1-d1c5-4587-b64c-250d0b3dd0c4,153.939850128196,53.0655187614365
2901,Gandy Blvd,,,,,10bdc7f0-60ce-47b8-8ccd-3c68c4a27a74,318.113864423735,109.658704575588
2902,Seminole Blvd,,,,,fcdbd3e5-dde0-4f09-a924-85191bf330ad,235.485232328774,81.5311463978687
2903,US Highway 19 N,,,,,d167e68c-9bc0-441b-a284-ef84d11bb58d,2348.5895145393,814.252869746876
2904,US Highway 19 N,,,,,500f3c9c-b377-4a76-a8b0-555ba5bbd16a,3014.60876970923,1045.09050162779
2905,Seminole Blvd,,,,,aa2c3d87-bc0b-4a35-b03e-a8d8281c744e,44.74976454972,15.4933340216364
2906,Clearwater Largo Rd N,,,,,ad975799-3194-4451-811d-1eb2dcc384f1,37.2430581674553,12.9060446088413
2907,Clearwater Largo Rd N,,,,,0519b813-454a-489b-b245-37f6c804259b,311.236972599279,107.857664685004
2908,Seminole Blvd,,,,,67802e14-ae3d-48a7-a10d-6526411918d4,135.050984196326,46.7652568470378
2909,Seminole Blvd,,,,,7e13d79d-ec0b-47a2-b825-8322b199b8be,247.8813612654,85.8355846616167
2910,US Highway 19 N,,,,,ad815fed-0c90-4bcd-8bbd-c467b6a5d4d2,264.45243754875,91.4324563077339
2911,Mcmullen Booth Rd,,,,,af3b2611-edda-42c6-8615-845bc94b3217,645.655265609816,223.844620470753
2912,54th Ave N,,,,,6745c1d6-f180-45d2-89ef-cdfc3692ee4a,303.158265059916,104.403698548724
2913,I-275,,,,,2cbaed87-c036-4a93-b345-65a52f57f9d5,2665.57567349639,921.059797993591
2914,Roosevelt Blvd,,,,,60577435-e7ad-44c7-b8c2-75c6a9ecb101,1176.50695912412,407.313395778583
2915,Ulmerton Rd,,,,,a46c3b63-257f-4394-aced-f0bc6853d5ed,1017.4571294324,350.633859964138
2916,Ulmerton Rd,,,,,fcc67632-c9bb-4c13-aad5-305446eec4d7,862.397837603729,297.197603345579
2917,US Highway 19 N,,,,,40596cc2-054f-4a7d-9145-e6a725cb8b60,285.689406013562,99.2056773979475
2918,US Highway 19 N,,,,,4fd80fd4-801c-46e0-ab4d-b597592351ee,645.514666958428,224.152399425688
2919,N Myrtle Ave,,,,,c5abfc12-194f-4454-af5e-ee44e307732b,165.397443702319,57.3381694910964
2920,34th St N,,,,,75938f85-354d-4a43-b084-a1ce07097746,1317.3885583159,456.041158947572
2921,I-275,,,,,85f44deb-fc51-427d-a8e2-481b7d1c2c91,835.489330765914,289.091488996092
2922,Chestnut St,,,,,3655ac6f-fdfb-435e-9db5-a992913c5b12,22.0824903076157,7.61455161567439
2923,34th St N,,,,,f477de4b-63fc-4c0f-ac0f-9048bae21d78,917.229633017337,317.508981821281
2924,I-275,,,,,b534813b-53f5-43b0-89cf-6166d1143143,774.751228544751,268.051418536127
2925,8th Street Connector N,,,,,d5e272d9-ccb6-4c7e-9ba0-0e6b31b68cde,473.252696793247,163.471817352445
2926,22nd Ave N,,,,,389b9ffc-269f-4492-891c-bac88c6683b3,1161.17593512291,399.788994703414
2927,N Myrtle Ave,,,,,922f3ac1-5cc3-4451-b080-c2e123562f35,410.95441169427,142.46349717886
2928,US Highway 19 N,,,,,7d3b884b-ecfd-48f6-9fe3-319d3eeee380,520.49267303545,180.088126641337
2929,US Highway 19 N,,,,,49077187-1be4-4295-9fd7-dd6af0cf8a23,201.981653884874,70.0368625466543
2930,66th St N,,,,,4b476401-f8ac-4446-9ebc-05c6e5ab3b3f,87.9924464477315,30.4718250430475
2931,Bryan Dairy Rd,,,,,d950d531-1fc7-4817-b73e-76fd878c34e9,1411.4052487938,486.294338932947
2932,Bryan Dairy Rd,,,,,4929cf51-17bf-45f8-9d69-9f78de299e34,2981.36909000112,1027.219415821
2933,Ulmerton Rd,,,,,d86a28f5-f8d2-49f4-bce2-b26a663e8a22,661.397443123669,227.945386603172
2934,Ulmerton Rd,,,,,a4c8a74a-08d0-4329-b69e-14af1b22e70e,446.79448839278,153.993006417644
2935,Ulmerton Rd,,,,,38885fce-2448-4ade-bc4b-86ebed118923,862.16778961497,297.166675057189
2936,Ulmerton Rd,,,,,0b27c0f2-4577-479d-a37d-f8a7d6ac55a7,711.871447238216,245.361189685993
2937,Seminole Blvd,,,,,a8a1671b-f6e0-4317-8581-e94b2c599737,518.03391524294,179.496061443297
2938,Seminole Blvd,,,,,f6028929-8608-4bd8-bf85-e395f86085a4,341.678198809309,118.388444452742
2939,West Bay Dr,,,,,42ef93c9-5c97-466c-b099-059b818d01d8,296.9499175077,102.353820645242
2940,West Bay Dr,,,,,13a1a334-933f-406c-9b48-78977a82c01a,57.6279596441097,19.8634225417136
2941,US Highway 19 N,,,,,4104ffaf-1127-43df-9939-d7591ee28719,1477.30540062203,511.110880166281
2942,Gulf Blvd,,,,,71c24755-fe73-4959-ad08-1029e8ded2ac,440.304017500491,152.032973283109
2943,Gandy Blvd,,,,,989bcea1-c169-4c3f-b2ff-7afaa2311e56,2320.47767552563,800.194437890837
2944,22nd Ave S,,,,,cdb35d35-35c7-48bd-a44e-6dda0ceaddc3,228.511568071697,78.6444892960371
2945,US Highway 19 N,,,,,75df54b5-50cf-4f5e-aa5b-076451264c75,201.875824485956,70.084606034604
2946,Gulf To Bay Blvd,,,,,f0e988f0-92c5-400a-948c-d7e8ea4b1802,149.635966756041,51.5981487586618
2947,38th Ave N,,,,,6bf8cdc9-5a12-4fe3-9220-f5f08627e8ab,227.03584661408,78.1781940601898
2948,Dr Martin Luther King Jr St S,,,,,26c847f8-a48a-4dee-9202-f4d887b16d44,264.701166392109,91.5771842209506
2949,Gandy Blvd,,,,,4a3f9023-1bb7-4322-b27d-e9907bbf255c,1462.95486887468,505.26195698894
2950,Walsingham Rd,,,,,afb80143-7a01-4399-9847-cd1ab53a645c,354.376779273534,122.165546167869
2951,N Myrtle Ave,,,,,dce83a6d-cd72-4e9c-ac65-10523720536a,252.694384465885,87.6020762946017
2952,N Ft Harrison Ave,,,,,33c2a3c4-0cd5-4e8c-91de-dcf6aad22985,167.099585327499,57.9360410213236
2953,113th St N,,,,,f203d6ad-e437-474f-a0ed-3541ff0b0205,76.4547319229258,26.4694836597438
2954,S Myrtle Ave,,,,,d76a1c65-0d1c-4d16-8180-538f3b029d58,330.374152734835,114.510562826391
2955,N Belcher Rd,,,,,f13993a1-72eb-4a32-b46e-71287993d09b,521.727760565846,180.803348679684
2956,Treasure Island Cswy,,,,,9fa0d45a-50e7-4f4b-a78c-94c61f9c40ff,1040.4076660971,358.134113443884
2957,N Pinellas Ave,,,,,a033572f-98fb-44ec-8eff-9dc8342955be,285.522155175061,98.924383606138
2958,Main St,,,,,3a5d7992-f957-4d24-8c0b-0d7535c36d73,697.974434212831,240.809552695395
2959,38th Ave N,,,,,a9c9939d-2a4a-41c4-bcbc-8d5f1fbb8848,203.55456896645,70.091990359687
2960,4th St N,,,,,4d77add4-268d-45aa-a41e-8b0f8c378232,258.846754080459,89.6475923126528
2961,S Belcher Rd,,,,,7af5a071-f457-46d8-b8a2-6951b8e025da,257.20092916677,89.1430840469072
2962,N Myrtle Ave,,,,,98829a12-a209-44a1-9f54-69f8a9c9b0de,157.993991967676,54.7750784527043
2963,34th St N,,,,,34702683-483f-45d2-89d6-4b909403fcde,329.10649854393,113.907836969115
2964,Park Blvd N,,,,,fbb133e5-6fad-4f78-9e81-f0a6f6b62971,760.788685902343,262.047587130844
2965,35th Ave,,,,,d2d4d57a-e954-4bd1-adbd-a1d84cab6c91,270.031383067948,92.9210036272441
2966,34th St S,,,,,8de52078-e53c-477f-8d9e-81fde4b2c91c,123.118376330704,42.6021809727164
2967,Seminole Blvd,,,,,c386e048-77a5-4536-9139-76ce57bfc7c8,218.025482581053,75.5090279361831
2968,Gulf Blvd,,,,,62f6c862-fcdd-45af-87d6-dab9f9ce5011,262.222180137438,90.5733446928616
2969,22nd Ave S,,,,,f0c7871f-62a3-48f1-8b20-1eb2e90e9f26,431.001604335428,148.333206538106
2970,4th St N,,,,,5eec5ca2-4035-4c37-b92d-df46453cc2e7,337.152348349703,116.705626971378
2971,Dr Martin Luther King Jr St S,,,,,e3765c59-3d99-4428-8bfd-f90a90e6b5d4,109.14463381427,37.6819603654913
2972,Ulmerton Rd,,,,,5ea0c8b3-617a-4b64-826f-9656d6a1d7a1,40.9024909149405,14.0955366018604
2973,Dr Martin Luther King Jr St N,,,,,ee5ceb42-aa7b-4f2b-a932-f7081a164200,331.983363151522,114.92905541306
2974,8th St N,,,,,e43449e0-5e40-407e-bb79-e1176105ea0b,336.521390853715,116.454476634396
2975,Pasadena Ave S,,,,,b83d56ef-63da-4123-b504-e07928f27595,574.983638026417,198.864866681818
2976,Curlew Rd,,,,,030d914d-96e7-4c5f-a066-351b54101f31,424.848001667241,146.61908606223
2977,49th St S,,,,,86b50073-76b1-4f97-8de9-c1f53ed9d4bb,263.171139546076,91.0563181352973
2978,5th Ave N,,,,,79538085-15d4-4df1-8c2f-c13f858ce426,442.402567873886,152.296224399401
2979,34th St N,,,,,0b74edfc-7606-4c3e-908c-20dd1d0b388a,325.227237129809,112.55775919579
2980,Dr Martin Luther King Jr St N,,,,,7252ef07-b780-4898-8dc0-ad51b5cad1f3,115.450442913814,39.9619532945234
2981,22nd Ave N,,,,,fc18a5a2-4835-4573-b248-01f4bf6f6b99,159.194972423269,54.8105349454845
2982,4th St N,,,,,6c1f3c20-d06b-49f0-9564-433440a89e53,279.852130585188,96.8572527934105
2983,Keystone Rd,,,,,ef2caf07-7d8e-4173-9d77-1b9ec8a2cccf,525.429238690832,182.152543738905
2984,34th St N,,,,,814b7c78-c40d-4b5f-8318-b4bbba60e905,327.201460937251,113.231802324496
2985,Gulf Blvd,,,,,19df29e7-03d7-4f78-944e-9083b920fc3d,954.353594106162,329.651920061525
2986,US Highway 19 N,,,,,0e4d3e18-c72e-45ac-bfb9-601f5a491209,797.238418311374,275.644210592667
2987,113th St N,,,,,22594d01-59c5-4d35-83b5-75ab77d8f305,748.523558476291,259.181816451504
2988,Bay Pines Blvd,,,,,87ec3e9c-ebe2-479d-aa73-2f9c96298585,551.335647216872,190.18557338885
2989,54th Ave N,,,,,7ba27c15-dd59-4a37-9469-e96252a00027,326.013789389947,112.274227482456
2990,Central Ave,,,,,bfb68e7e-13be-49d9-8afe-1f5e0cb748bf,257.220210047002,88.5418724037464
2991,4th St N,,,,,a3228197-da1f-4911-937a-fef5032865dc,214.970891891954,74.4360793378359
2992,US 19A,,,,,2ce7fd04-fcba-4c7d-9e9b-105c1bb759ea,323.830087866445,112.369570033073
2993,Tampa Rd,,,,,8d0feb2f-45bc-44d2-a317-2ec264bb9994,549.036857058001,189.52512750861
2994,Edgewater Dr,,,,,c9c24497-f990-433b-9a40-77c44c81c88d,1324.46687767006,459.144473366045
2995,Dr Martin Luther King Jr St S,,,,,e87df269-e0cf-452b-ba2e-57aa6ccd37a4,329.078057837864,113.854648277452
2996,54th Ave S,,,,,f30498b9-ce86-4c3c-9caa-505dd9495b7d,591.800238549983,203.620512368192
2997,I-275,,,,,7479be0a-47d7-41a8-b886-35c0524eb8a0,336.821720726253,116.535172947866
2998,Gulf Blvd,,,,,f340bda6-3f3a-46e9-8ad4-32220d8421b3,210.972788006009,73.083288715419
2999,Bayshore Blvd,,,,,3709d982-17bf-49ed-98e3-6c68308e3b70,337.427095852221,117.021783206589
3000,Curlew Rd,,,,,aaa37411-3511-497f-99f8-f90acd894142,399.442865743893,137.851075122458
3001,Gulf Blvd,,,,,0cf05c65-ee23-4a0e-b564-8c304a0ab547,322.985523455832,111.870379162504
3002,22nd Ave S,,,,,a5850dcf-34d4-4c8c-a5eb-a80ab27cbba9,307.942767343843,105.981599016628
3003,Gulf Blvd,,,,,6404e6a8-c0bc-4771-aa26-620f89276dd9,355.433682512743,123.126994075291
3004,Gulf Blvd,,,,,0f1d1fa1-edee-457f-9d99-f691a0c42cde,507.890020238711,175.239777639757
3005,4th St N,,,,,53ede83d-6e0d-4a62-ae58-03169d5b1c50,344.783251895854,119.364138511335
3006,34th St S,,,,,49574144-e7b2-4e7d-a86c-473cafb38987,345.077381468271,119.392432483005
3007,Park Blvd N,,,,,2a407f15-d5be-41d6-a5d1-09c716ba05e6,473.488183815148,163.093510166302
3008,113th St N,,,,,dc1b97d5-163d-44e1-86ac-f667b55a5a7a,698.20794970294,241.77573808275
3009,Main St,,,,,9cf6f1c8-f4fe-4c83-a5d7-df20d922faa6,515.313795627153,177.960447919559
3010,38th Ave N,,,,,b1e3828c-b60f-4b38-bf3f-1e758724849b,295.945007460818,101.905661947361
3011,Dr Martin Luther King Jr St N,,,,,c287cca4-2a20-4c7d-8068-23d42a39861e,475.627979157985,164.68932624278
3012,22nd Ave N,,,,,dd74a4b7-ea4a-4068-bb0c-13593a42043c,662.96174457673,228.255192489132
3013,22nd Ave S,,,,,296ef71e-5b2f-4a7d-b114-9d434a9ef9bf,322.592196489294,111.023507216222
3014,Gulfport Blvd S,,,,,d873b932-a6dd-4cdc-89da-05313d20a97e,405.259227384706,139.472573185233
3015,Park Blvd N,,,,,6ca0c17d-a4de-4031-a1a5-4c078a5ec556,1233.49813965437,424.9239114099
3016,66th St N,,,,,d2a6bb90-cfd4-4643-91e7-74c9357ef468,331.705289176151,114.849016947168
3017,34th St N,,,,,81da70f8-5469-493f-a0cb-7c64792a7407,340.357876878996,117.833784187276
3018,22nd Ave S,,,,,6a12dd6d-9ba7-4228-8e8c-3f4cd0d5ba60,667.291803444661,229.653272230086
3019,Gulf Blvd,,,,,f8680540-4347-4ea8-9553-2beb1b9e40d1,396.002911448726,137.196192499868
3020,N Pinellas Ave,,,,,deaa1c90-9692-40a3-b806-317c04de6d97,279.708004244808,97.1282863384566
3021,Park Blvd N,,,,,d003d330-f873-460c-b00c-08cbab1ed319,438.023397467931,150.873648302681
3022,Gulfport Blvd S,,,,,574afbf4-d39d-4fd1-bc08-56bc7c35bb6b,223.060717828553,76.7804288198622
3023,66th St N,,,,,901c49e8-32c6-4fde-bc17-88bab085b9b0,896.152707256402,310.47982265172
3024,Bryan Dairy Rd,,,,,892d6f70-986f-4d2a-b2db-a32d1a300888,320.311077432238,110.361627697517
3025,Gulf Blvd,,,,,32f247cb-8704-47b5-a703-fb6ce9149ce2,179.065813795083,61.7702167763163
3026,38th Ave N,,,,,70ff6626-97aa-490a-8aea-02c66cef2b56,292.638709199319,100.7681216831
3027,Blind Pass Rd,,,,,36375482-2442-4833-a4d7-04d0cb6575e0,261.739447339986,90.4293841848946
3028,SR 580,,,,,127f8abe-94c9-4b09-8068-4a45e33c94f1,635.210981793908,219.172965505584
3029,Mcmullen Booth Rd,,,,,242ba241-4fbc-4138-a5c3-f33d2ccd882a,322.939854675072,111.950586492679
3030,54th Ave N,,,,,93607f56-05f0-4e0f-b786-ce081bb25e23,743.518956490228,256.074885841165
3031,I-275,,,,,b951718e-e7c2-4701-844a-5a835e4a7227,1206.61344159345,417.473783872712
3032,66th St N,,,,,ce2914e2-9a96-41d3-8831-63316a5db6f6,646.808055627813,224.050262270773
3033,I-375,,,,,f4eae05e-8f71-49f3-b80e-3042c3282f2d,54.3031692830273,18.694505436983
3034,Tampa Rd,,,,,a1587d58-0f67-4b24-b63c-3180884e1f67,323.906113634779,111.802140635016
3035,East Bay Dr,,,,,ec179001-7013-4224-87c6-a493eca08b8a,474.531347279533,163.563950677097
3036,Ulmerton Rd,,,,,b355c3df-c5dd-45f9-892e-453a32a10dff,428.205232205769,147.566825947453
3037,Ulmerton Rd,,,,,e2da1158-0e00-4051-b3d1-164838742268,222.467823422599,76.66680060684
3038,I-275,,,,,16212da9-4806-4ecf-923f-5f8c2557bd26,367.013126418273,126.671428101587
3039,Gulf Blvd,,,,,d9865a29-c351-4552-b290-a36ab976e941,821.155028169665,284.042212168658
3040,34th St N,,,,,4c363f03-1313-4dc3-9ebb-4442f3ae9d35,668.677304438354,231.453909132148
3041,Main St,,,,,e6d2382a-fb60-497e-a0b5-6e9977236f66,388.500033235551,134.036961442392
3042,Seminole Blvd,,,,,77bd65c0-68ac-4d4b-ada0-82e66a39bbdb,147.085391643965,50.9267267445658
3043,1st Ave S,,,,,be82d6a3-7ebc-4c4b-b7f2-216608b76f58,646.625648993836,222.584419188006
3044,Dr Martin Luther King Jr St N,,,,,18ff5371-2249-448f-a70b-d3b78fa197b8,762.115752239987,263.967509741636
3045,38th Ave N,,,,,1dfd324b-0db6-4bea-a5cb-9bc50b416d06,396.338471109331,136.47529220777
3046,118th Ave N,,,,,01a29cbf-1485-41b3-88c9-36c0b7bfb9c0,1319.85769210574,454.799588912336
3047,N Belcher Rd,,,,,8c7a17c5-4d3b-4f42-b498-0dc30b644131,1971.52671775908,683.661380798064
3048,N Belcher Rd,,,,,e02ef968-b12a-4777-9051-6c3436cf2196,1338.75345302834,464.132939260312
3049,49th St N,,,,,eb663bc6-5869-4165-9e5f-6dbabdc6a05f,329.530858262833,114.043913472756
3050,Treasure Island Cswy,,,,,69ed51de-38b0-4276-adde-781750256d64,1258.98203884872,433.371695631246
3051,49th St N,,,,,3452356e-6ae4-4f68-bfc8-5291a4cec5c6,332.026632564811,114.905637733453
3052,Dr Martin Luther King Jr St N,,,,,cb8eb3a0-1067-4bb0-afd6-98de6b6d80dd,352.012433933677,121.827792751829
3053,Park Blvd N,,,,,02773f6f-eb70-4a33-9e11-f2111412d32e,436.503363438941,150.350266077679
3054,Park Blvd N,,,,,b40a12a9-9b61-4b45-8d5b-2165395487d5,441.801920423004,152.175503690954
3055,Belcher Rd,,,,,76a06d70-19a3-4bf8-b701-e6da786ed40e,182.398711311541,63.1626458361373
3056,Dr Martin Luther King Jr St N,,,,,14661cb7-721d-453d-b284-056368449537,159.939312666991,55.3538595192664
3057,4th St N,,,,,9b839f63-957d-4070-b1c6-c00f986f1c3f,329.935460201074,114.210268741596
3058,Gulf Blvd,,,,,f91d7e6b-3077-460e-aeff-63958d80687a,385.837339838361,133.268475696194
3059,US Highway 19 N,,,,,f713d15b-35b2-42ad-81c2-b1469153672b,453.408425284094,157.423000685505
3060,N Belcher Rd,,,,,0c8aa2f3-e3f0-48f0-a642-3af548665e8e,365.528895791293,126.661518474329
3061,22nd Ave S,,,,,9af6ab7b-2d43-47af-8a3e-91a56444afab,138.636154668202,47.7128729128859
3062,Gulf To Bay Blvd,,,,,77a5a274-7ef7-4da1-9f0b-01f9c76b8110,426.993596490588,147.237977676802
3063,US 19A,,,,,62232938-c11f-4d26-abeb-01d66836c503,328.10322491068,113.853511811637
3064,Dr Martin Luther King Jr St N,,,,,29923831-8add-4a89-923d-b70dc36da535,1741.31096411527,603.192458973382
3065,66th St N,,,,,73563713-1775-4265-8d3c-7506e78b246f,431.460348544515,149.396791180033
3066,US 19A,,,,,aedfaaed-cb68-42ea-a934-b44938f36650,811.607760257262,281.438411753286
3067,Gulfport Blvd S,,,,,87c15680-baed-4cb3-81b0-406fa1f45886,309.909367022594,106.892613177756
3068,West Bay Dr,,,,,6268879c-c265-4889-a57e-4322014e9ddf,180.636842255999,62.2624430683058
3069,US Highway 19 N,,,,,dbc49797-c19c-476a-a05c-182527e037e2,1121.56939450933,387.780554823916
3070,54th Ave N,,,,,78a416a2-864c-41a8-a7b7-69298322763c,127.894422284053,44.0453379933428
3071,Ridge Rd Sw,,,,,953f6c1c-c74a-4f40-a96d-cbff1f7ec879,291.15624499135,100.872858156702
3072,54th Ave N,,,,,deb2e86c-da6a-4513-b624-5e49691f45ef,613.550359391061,211.307640409563
3073,4th St S,,,,,13ce0670-31b1-4c2d-af2f-1c0350990c7e,266.807097249424,92.3239308135607
3074,Keystone Rd,,,,,da7c3b19-d58f-4343-9473-6cfb03cba407,402.100955642217,139.333883500355
3075,Keystone Rd,,,,,6ef78423-ccda-4467-8141-c1e3d2d11079,245.587413782884,85.1659730164532
3076,US Highway 19 N,,,,,f98f3705-f559-4966-89ab-d8daf0799c25,283.244647739568,98.2653080631207
3077,22nd Ave N,,,,,9f2e6ec7-49d9-4d29-be95-b2f2bde10c47,660.831223324219,227.521090174817
3078,Tampa Rd,,,,,93b2d139-8d60-4727-aa61-98682b61b6b1,575.871205845591,198.861567786643
3079,Roosevelt Blvd,,,,,342a8839-f480-4237-b902-08ddf7ab877e,577.015737629403,199.325498737152
3080,Bryan Dairy Rd,,,,,93d4ed95-aae2-458e-bb37-cb9c074f87b6,647.193078800523,223.027718548531
3081,Gulf Blvd,,,,,92991188-198f-4c83-ae79-1baa2eb7e08a,284.621321821592,98.5987085759747
3082,Main St,,,,,f05624da-6df4-47f6-866b-4d286780d7a3,128.425660203011,44.3235054956619
3083,Roosevelt Blvd,,,,,85fc96c4-ff85-4520-857b-865ad15cad8d,1468.7705508678,507.876054542809
3084,5th Ave N,,,,,eceef152-73f0-4a97-8193-518421a94347,435.101335615671,149.782793355883
3085,Curlew Rd,,,,,ae932f69-af67-42ea-aba9-455eb5c45678,1392.17375335346,480.459103674667
3086,S Myrtle Ave,,,,,cc1e194d-2e3d-4ad5-9084-3549efac5629,332.069230786253,115.099989177116
3087,49th St N,,,,,2cb4fe96-9dcb-4ac5-9077-dde39fbd774c,502.5052416256,173.456619377075
3088,4th St N,,,,,a93ed33b-584c-48a8-8c13-ed1bdb762735,223.934075979602,77.5374513843806
3089,Gulf To Bay Blvd,,,,,dec60f77-f3d6-48e7-a7f9-5c1d4dcfecaf,182.26787858075,62.8505813327906
3090,Countryside Blvd,,,,,24e54a43-7657-47c0-b2df-db87790218a8,328.370705887577,113.857715061819
3091,Gulf Blvd,,,,,c1dfdcde-3e2f-4490-ba52-b0ac9a7e854e,1363.44976379087,470.606107810464
3092,22nd Ave S,,,,,29f5cfd1-d6e9-464d-9b9e-a92e2539da78,347.187096892727,119.487242001068
3093,Gulf Blvd,,,,,71362ce8-c922-4d67-aba0-ad3e80d7d1bc,270.89941080261,93.8524447191837
3094,West Bay Dr,,,,,f9f4d4a3-f717-4714-aeb3-78d7b5525b22,259.597529081624,89.4789220364246
3095,Gulf Blvd,,,,,cdd3ce99-cd2e-4ece-a04b-79b11502dfe9,732.635730046537,253.227358937922
3096,Ridge Rd Sw,,,,,c82bb9ef-e0cb-40e0-81a5-1af6a6292876,73.9861394964384,25.6312674205535
3097,Main St,,,,,4019012c-b837-4daf-ab2b-508eaaad903d,310.448754801599,107.108537530818
3098,Gulf Blvd,,,,,c2b63695-a6ef-4295-a94c-b7402d5a6da4,82.6381433015533,28.6281008020698
3099,Gulf To Bay Blvd,,,,,c132e008-d30e-440f-b1a7-190ab3bcd35e,219.13756429521,75.5648063732226
3100,49th St N,,,,,45d803f8-3491-4b4a-9c66-8917b9926f03,171.977414457257,59.5290777492186
3101,I-275,,,,,d6452fff-3c4d-436a-9648-2ab4fb49c85b,1567.17070721928,541.749958084039
3102,Bayshore Blvd,,,,,d7ca635c-9f4c-460d-ae7e-cf7e2fd8e1db,399.127248509471,138.150860766458
3103,West Bay Dr,,,,,7375d888-dd58-44d1-a11a-4b4ef165e999,100.629881719232,34.6894188544604
3104,N Myrtle Ave,,,,,a3b77496-7271-47bf-a67e-b01f6ea909ae,213.645680419511,74.068687613478
3105,Gulf To Bay Blvd,,,,,e247e442-83f9-4a46-96b3-57282ffad2f1,316.001992697739,108.965299242055
3106,West Bay Dr,,,,,ebf219c5-5a5e-480f-8b5f-aaf89b07bd1a,41.521154390902,14.311786270212
3107,4th St N,,,,,74639434-eaa1-45e4-b72a-2da9ef4b4c6b,329.763240845685,114.148074822012
3108,US Highway 19 N,,,,,06682f34-fc5f-4298-aff2-dec090ed29a1,434.070744688512,150.672853400609
3109,1st Ave S,,,,,1e19797c-8f0e-4e7d-a008-c6276f5f8b30,314.11707001339,108.128259929455
3110,34th St N,,,,,02d0c4cb-9a1a-4127-9393-f07d95d75cef,325.703327707576,112.711522324286
3111,Tampa Rd,,,,,7d648fff-2c8b-4874-ac37-96599a5a5b96,307.201685253038,106.082075526967
3112,22nd Ave N,,,,,74abb305-a7bd-4966-b9b5-62e910d190f2,664.089164131085,228.642633142843
3113,Bay Pines Blvd,,,,,bc35aa76-732e-4ddb-b5f3-8da75dee1a8b,475.715799783575,163.841211286549
3114,US Highway 19 N,,,,,2f1855d8-f1d3-439c-a820-efab0a5f51bb,1002.52562025981,347.891823161363
3115,S Missouri Ave,,,,,563eda99-5199-409a-95d7-345d4b85695f,336.300662769529,116.568721462996
3116,Dr Martin Luther King Jr St S,,,,,6b287ef3-5515-4c8b-84c4-65768a5bb0c0,557.380530748348,192.835234098929
3117,Seminole Blvd,,,,,21b1b3cb-ca52-4ea4-9565-790a1662ac25,168.753155859481,58.435244682186
3118,Mcmullen Booth Rd,,,,,ce562fab-7d2c-4f2e-8b80-899a7826dcc4,1060.94715215908,367.924644909437
3119,Gulf Blvd,,,,,f82305a8-b12a-475c-9533-c12848f41fc2,646.023731433994,222.906323087553
3120,150th Ave,,,,,543dd52b-e508-4698-a8ca-02f411f2c643,334.409574627919,115.464380221072
3121,Belcher Rd,,,,,4f8ad070-1ffd-467d-9b15-36b044508ca1,556.643155892488,192.751529327797
3122,Ridge Rd Sw,,,,,39f1bba2-6663-4631-a452-83668288a23c,301.80617976184,104.561161498554
3123,US Highway 19 N,,,,,2c78008d-d31e-4985-80e0-708fc3814bc0,561.605971684004,194.682512347604
3124,S Belcher Rd,,,,,18d00a0c-2966-42c0-8a11-394d16be9da6,169.11314920425,58.6164766459482
3125,Treasure Island Cswy,,,,,873507ab-1aa9-481d-bdcc-1400aba804bd,1007.60034702247,346.841311060335
3126,S Belcher Rd,,,,,5dff533a-7d25-4e93-a7bd-46d869121fd0,110.51673788832,38.3071219401353
3127,Gulf Blvd,,,,,52463d28-f337-44b9-91c1-b3bd52d8cc35,732.35191358557,252.717889069524
3128,US Highway 19 N,,,,,f9b0b54f-4cf9-4372-8992-68a625ffeb9a,663.907049967366,230.072228376734
3129,US Highway 19 N,,,,,2c516efa-669a-4953-a842-c3cfe3be17dd,560.14860108917,194.105285845386
3130,Clearwater Largo Rd N,,,,,ca925c63-9929-4a90-a907-4c4f5ede3a43,71.5050995575201,24.7779139459174
3131,East Bay Dr,,,,,7e0b12c3-ba47-4c8d-967d-8e3eef446d9e,429.008737801578,147.872885279187
3132,Mcmullen Booth Rd,,,,,390828af-e49c-47ee-bac4-1f8ce97ddb3b,290.097552355713,100.598811690473
3133,I-275,,,,,8385d073-4572-4b29-8084-a1cc383ba43e,1200.72033899099,413.926681369074
3134,I-275,,,,,ab209b0c-d3b5-4b23-9a57-77231a09f539,823.503502657487,285.113185994016
3135,Central Ave,,,,,a728c68b-aa40-42dd-aade-5f71f0655089,69.9987855324939,24.0956725785323
3136,Park Blvd N,,,,,6db9a109-6e66-436e-a9f0-28dafece6516,469.468425509882,161.708755620522
3137,SR 580,,,,,1637afb8-08c0-4084-bb92-92909ce187a9,1248.60961206033,430.866761178519
3138,I-275,,,,,9df60d2f-67af-4d00-b61d-1bde12235be0,1282.60760160802,441.6684837051
3139,54th Ave S,,,,,4c4da06e-b9c8-45c4-b1d7-bf5f299e1d24,403.822746559212,138.942741275188
3140,Gandy Blvd,,,,,0c293b0a-5df0-43fb-b25e-649e3e7be816,649.416808795917,223.853748731231
3141,US Highway 19 N,,,,,03856907-bb49-4de2-924d-fc0b35e4925d,1301.17264811297,449.924607201419
3142,Dr Martin Luther King Jr St S,,,,,3a9dc86b-edb3-408c-82e4-558b3c2057db,331.000516529053,114.48996856964
3143,US 19A,,,,,6a9ff094-cbb2-433d-89d9-95b1b0e0a548,291.953876640986,101.328954478419
3144,I-275,,,,,731bfe70-13c0-4d54-be5e-628ac87e5a97,626.594763985208,216.364389116683
3145,US Highway 19 N,,,,,ed68922f-8422-4aff-a4b7-cb9309bab225,360.044747209508,124.553197578007
3146,E Tarpon Ave,,,,,d8786cb1-be3d-49d5-9855-269596b618de,18.609056040578,6.4278959595091
3147,38th Ave N,,,,,8c56af64-c0dc-44a1-bc25-bfa2baadda27,223.169897290406,76.8470141636035
3148,38th Ave N,,,,,41cb6aeb-3fd4-4bf8-9340-c949c3c7be0b,202.816549347425,69.83736468273
3149,5th Ave N,,,,,c8e4f1c2-eb7f-41bf-b51e-9bb1c183e605,198.651177503778,68.3855241874746
3150,Gulf Blvd,,,,,89a60f8f-8d62-4a9a-83a1-1b72d46d18b6,203.06295032302,70.3432647680076
3151,N Pinellas Ave,,,,,83b81185-20bf-4f74-97a0-396b36e8e551,1402.48948527137,487.031667809342
3152,Tampa Rd,,,,,203fd933-1260-4d9d-b075-7ad4b196bd8e,1333.01117622299,460.111688453275
3153,34th St S,,,,,f3799acf-4be9-4eb2-b9ce-be5fc126a24b,134.000425041562,46.3675330899697
3154,22nd Ave N,,,,,7ff72dc3-1ae5-4c5c-a32a-1fa137f13124,665.906356162815,229.267763240883
3155,Dr Martin Luther King Jr St N,,,,,24704d9b-0545-44d6-9271-45ee40ba127f,298.120809716512,103.200286060128
3156,Ulmerton Rd,,,,,983f98a1-0726-4f79-8998-0f079ba23f4d,839.135095749983,289.223400897711
3157,Dr Martin Luther King Jr St N,,,,,4e33650c-e244-404c-b7a3-4dd0a3b3115a,286.539755774267,99.1718472954028
3158,Park Blvd N,,,,,93a0a1d1-af55-4b27-bf02-610484c8bc6f,384.504291854827,132.438927780262
3159,Keystone Rd,,,,,5e50918c-d052-4e32-8886-2f139e8dcc44,1936.17408961798,669.147249605246
3160,Dr Martin Luther King Jr St S,,,,,1b5d89b1-db8a-4064-bb9f-07126d034d10,288.547734033606,99.8206562975235
3161,Seminole Blvd,,,,,758d91c8-4063-4dd0-b465-7f8397a9a18a,209.506400146616,72.585858337788
3162,Seminole Blvd,,,,,279f74e1-3de9-4357-945e-efadbc25fef7,199.325314669825,69.035041168562
3163,49th St N,,,,,efcc2ac3-ee68-4f44-bd17-697f4c0a1e3b,320.001000413322,110.734990874756
3164,Gulf Blvd,,,,,424544f6-65e6-47bc-b75a-9fc28cf8e04b,91.0936155914672,31.5465207152656
3165,Gulfport Blvd S,,,,,452a3aca-1efc-4cb9-a540-7af4d04a3f09,429.00893502373,147.646269277776
3166,Main St,,,,,a721d10a-f4bf-4efa-806f-c56e1a8bbc50,329.887788873676,113.815401122115
3167,Seminole Blvd,,,,,7bed325a-0863-40a7-8108-bd9bb80f4d12,343.392607695238,118.968353357509
3168,US Highway 19 N,,,,,b204c756-6535-4526-94a4-e8266f7dff8d,830.932464416578,287.692456955821
3169,Curlew Rd,,,,,32ff1d48-e13b-49d3-859b-647c898fb999,1012.31576765551,349.356210965096
3170,East Bay Dr,,,,,f1e20884-4f3a-434a-a5e8-7b96a34a6eca,700.910372418193,241.592819494746
3171,Seminole Blvd,,,,,14150435-ee46-4e06-a2ff-daec3876352b,381.719620037636,132.249423468774
3172,Seminole Blvd,,,,,cb7f1095-e30a-4fc2-b2dc-cce3e03d8edb,1082.45937862831,374.914031754447
3173,Ulmerton Rd,,,,,7d576954-b685-4915-802c-8ae37a960293,1962.42784682154,676.278537372045
3174,Mcmullen Booth Rd,,,,,427ae859-6317-4cc3-8dfe-3f254d6e1bc3,346.066694102824,120.024876060494
3175,Edgewater Dr,,,,,ec832e45-82c4-4858-9704-b04893ca9a19,111.307740532017,38.5917746059476
3176,S Gulfview Blvd,,,,,2edabeed-7935-497d-9120-9403625d7fcc,166.413981153052,57.58661378715
3177,Gulf Blvd,,,,,b581e5e7-8726-474d-af71-d13ac77bd0ae,153.662561347802,53.1762983598398
3178,Gulf Blvd,,,,,d0701dc4-bcab-4c7e-afd5-b7a55d676556,153.206668183429,53.056907037437
3179,N Belcher Rd,,,,,1f7fc913-4656-48b1-900e-4f0b6bc96c35,197.781424610966,68.5320335556972
3180,Main St,,,,,7d486c25-e9c2-453f-bdef-ce28d2fab2d1,421.47311699185,145.413685065253
3181,US 19A,,,,,9a540400-b843-4349-aeff-05d994ad3846,958.053722775919,332.270333779199
3182,Mcmullen Booth Rd,,,,,efa552a2-959f-4a21-8ba1-474de3c1c9d9,963.454071193935,334.034795476937
3183,Park Blvd N,,,,,207d3268-b971-4858-8b3e-43c564876f30,1321.11045909808,455.048668444731
3184,34th St N,,,,,4490fca4-9aa6-46bd-8852-f87594aa2c4c,326.106596125037,112.901251141084
3185,4th St N,,,,,9de8e580-aea4-45be-949d-33d80ceb7a90,333.54343121853,115.445263287963
3186,4th St N,,,,,d7b01625-ac80-47a9-87df-291a0e704a1c,1019.80373986347,353.234906895015
3187,Ulmerton Rd,,,,,78009a6d-2ab0-48d7-925f-da1c7df1f1ee,796.45290277019,274.470193508193
3188,49th St S,,,,,be3aba74-4f9a-43c9-9abc-81b06a9dd98b,263.715351828259,91.249829785748
3189,Seminole Blvd,,,,,4066396d-fccc-4d5b-8a15-6633db3afba9,107.557391679709,37.2460981623997
3190,Seminole Blvd,,,,,e732d4dd-ca08-493a-9d6d-9dfe5473ac2b,316.93806613005,109.766280553747
3191,54th Ave S,,,,,3cf37551-36b7-4496-b3b9-7f6d0cf84571,277.326847540486,95.4227581117167
3192,I-275,,,,,c0da8444-8f54-4a0e-9d4f-41535b422c84,624.630945780439,215.277749498949
3193,Gulf Blvd,,,,,6f9c99e8-9e01-4ecd-95cb-acfe77e125bd,189.464966030295,65.6375554175305
3194,US Highway 19 N,,,,,9c0cd4ae-7a80-4b8f-81bb-92a50ddf7fc4,643.4693337871,222.682675910735
3195,Gulf Blvd,,,,,e6776e09-1672-4739-bfc7-9f87249d76db,277.076366056814,95.7221348926259
3196,Causeway Blvd,,,,,0916e8b0-4b7b-46f8-81eb-875a3cf9aec6,507.022461685054,175.085027035183
3197,Highland St N,,,,,46882143-cbd3-4fb9-80a8-31301c3d178a,676.849978667926,234.190314341767
3198,4th St N,,,,,b1c5e197-553f-40f3-817c-2bae4f23781d,341.157591456883,118.108105497289
3199,Seminole Blvd,,,,,7eab26c7-f5e4-4821-ae80-04866d5c0b06,151.3832986012,52.4094506598254
3200,Gulf Blvd,,,,,675daf1c-e125-46ae-b212-863a4e96c25b,123.667756424175,42.8414797071714
3201,Gulf Blvd,,,,,9580c4d6-5b97-4199-b4dd-2e61358d0b6b,213.603564256582,73.9209500096932
3202,S Pinellas Ave,,,,,32c6e364-f470-4f03-a25e-09d6038d055f,216.10109652542,75.0357889128146
3203,N Belcher Rd,,,,,2011b466-9730-4ee9-8383-7c78aa9c64a2,231.408661647203,80.2228153650196
3204,49th St S,,,,,4325adf0-32b3-426a-a378-76c6350c1265,338.313195518004,117.047927646007
3205,4th St N,,,,,6398467a-ebdf-4918-b199-624af885b691,550.129821090689,190.50190693821
3206,113th St N,,,,,a775aedd-3cce-4b78-b3ae-e7e12bb74b17,451.793064904999,156.434313583628
3207,22nd Ave N,,,,,f8d7854d-f721-4017-add6-4a6e7cd5433d,496.383280878461,170.903298219632
3208,I-275,,,,,cb34f5cb-2cd5-4938-a4b8-2295bf29f00f,1096.97416028282,379.549642054327
3209,1st Ave S,,,,,04586be6-a537-4d1a-96a6-688a9fbcda98,98.1557935841558,33.787845108582
3210,Pass A Grille Way,,,,,dd54a071-8853-47f8-baee-d8dc4965c82b,268.113476103621,92.7201277308013
3211,Dr Martin Luther King Jr St S,,,,,da9eb813-fc24-4c2a-a8d2-aee40b5fc404,177.990928979048,61.5877184779336
3212,Dr Martin Luther King Jr St N,,,,,84321070-1a30-4fc4-a304-4787c1503bb4,297.155394253085,102.875948761205
3213,Mcmullen Booth Rd,,,,,bfde8342-b6e0-4000-878b-be16fb860d4f,205.713286632168,71.3126040213741
3214,Dr Martin Luther King Jr St N,,,,,3399345a-47cf-4810-ba83-c29dfeb58044,325.517400128991,112.66390792856
3215,I-275,,,,,6bd81e2c-ca84-41ba-b38d-7233e8a6db46,2157.3674297029,743.548680245432
3216,Ridge Rd,,,,,744a1bee-6309-4719-a19d-33ec0d345904,374.275550556355,129.551969843628
3217,Ulmerton Rd,,,,,f23eef4e-88e1-46a3-9694-672b7acc383b,714.300500185745,246.158684207609
3218,Roosevelt Blvd,,,,,3fddb97e-2a21-4416-8ce4-9450eac4df23,204.086002043438,70.443891667813
3219,I-275,,,,,db4587df-a08f-4d83-8e7a-1fb1ea001da5,1748.39188363155,604.336297640626
3220,Blind Pass Rd,,,,,ae91d979-dbef-46af-84a3-77f2098e979f,1573.98876786719,542.462097420147
3221,Curlew Rd,,,,,9f022693-0537-44d5-a128-19ede2e18568,591.185364871635,204.023714290531
3222,5th Ave N,,,,,c74fb411-01c7-4d40-aa49-f08997146a56,408.700309623443,140.694224846863
3223,22nd Ave N,,,,,8cb1041c-b939-4439-b6c7-677603bef39d,461.307272619357,158.825429469147
3224,Gulf Blvd,,,,,5f3393a4-6c88-4b6f-ae28-4f7eec0f3e31,292.822668812301,101.437159624767
3225,34th St S,,,,,78e0eaea-e11b-449d-89bc-d5c096935cd5,1135.7660349258,392.885468685716
3226,Blind Pass Rd,bccis02,7/9/2014 4:45:20 PM,bccis02,7/9/2014 4:45:20 PM,caa8d848-db8a-443f-af76-11cf248b9968,301.170471556934,104.048599533612
3227,Blind Pass Rd,bccis02,7/9/2014 4:45:31 PM,bccis02,7/9/2014 4:45:31 PM,ccb3494c-81ac-413a-acc1-4ac781ff2146,279.620676476026,96.6017204651392
3228,Blind Pass Rd,bccis02,7/9/2014 4:45:36 PM,bccis02,7/9/2014 4:45:36 PM,783dac3f-2784-4030-a070-6e8ee5614c56,276.963512389553,95.6999068613546
3229,Blind Pass Rd,bccis02,7/9/2014 4:45:41 PM,bccis02,7/9/2014 4:45:41 PM,c03d8329-6195-4392-a65a-fc9d828ffeee,277.415236147665,95.8229293559148
3230,Blind Pass Rd,bccis02,7/9/2014 4:45:47 PM,bccis02,7/9/2014 4:45:47 PM,739de1dd-24b1-4464-b94f-5f253dc39e31,254.990553729491,88.1001890663494
3231,Blind Pass Rd,bccis02,7/9/2014 4:45:52 PM,bccis02,7/9/2014 4:45:52 PM,d2294b02-8c46-436d-9e9a-c7e5cc75904c,680.467142706124,235.342575376122
3232,Trinity Blvd,misspf0,4/8/2015 1:46:15 PM,misspf0,4/8/2015 1:47:36 PM,620b30c2-e298-4dec-9265-e4145e010a5c,746.418129059045,258.436905530984
3233,Trinity Blvd,misspf0,4/8/2015 1:46:15 PM,misspf0,4/8/2015 1:47:07 PM,af288887-d048-4e04-852b-e07125b9b8e3,8210.83984260717,2838.09606374893
